id,started,ended,realTime,BOB,WF,CCM,DW,SSL,LLL,HMC,Mips,DDD,FS,BLJs,BitS
1,2023-03-04 05:35:47,2023-03-04 05:35:57,,,,,,,,,,,,,
2,2023-03-04 05:36:32,2023-03-04 06:07:59,00:31:25.3888870,,,,,,,,,,,,
3,2023-03-04 06:10:16,2023-03-04 06:20:14,,,,,,,,,,,,,
4,2023-03-04 06:42:13,2023-03-04 06:44:49,,,,,,,,,,,,,
5,2023-03-04 06:44:56,2023-03-04 06:46:21,,,,,,,,,,,,,
6,2023-03-11 21:37:11,2023-03-11 21:38:17,,,,,,,,,,,,,
7,2023-03-11 21:38:22,2023-03-11 21:39:33,,,,,,,,,,,,,
8,2023-03-11 21:39:35,2023-03-11 21:40:43,,,,,,,,,,,,,
9,2023-03-11 21:40:45,2023-03-11 21:41:51,,,,,,,,,,,,,
10,2023-03-11 21:41:55,2023-03-11 21:43:03,,,,,,,,,,,,,
11,2023-03-11 21:43:06,2023-03-11 21:44:11,,,,,,,,,,,,,
12,2023-03-11 21:44:14,2023-03-11 21:45:18,,,,,,,,,,,,,
13,2023-03-11 21:45:20,2023-03-11 21:46:25,,,,,,,,,,,,,
14,2023-03-11 21:46:27,2023-03-11 21:49:25,,,,,,,,,,,,,
15,2023-03-11 21:49:28,2023-03-11 22:01:25,,,,,,,,,,,,,
16,2023-03-11 22:03:41,2023-03-11 22:04:46,,,,,,,,,,,,,
17,2023-03-11 22:04:47,2023-03-11 22:07:18,,,,,,,,,,,,,
18,2023-03-11 22:07:24,2023-03-11 22:09:11,,,,,,,,,,,,,
19,2023-03-11 22:09:12,2023-03-11 22:34:48,,,,,,,,,,,,,
20,2023-03-16 01:28:14,2023-03-16 01:30:09,,,,,,,,,,,,,
21,2023-03-16 01:31:54,2023-03-16 01:33:00,,,,,,,,,,,,,
22,2023-03-16 01:33:01,2023-03-16 02:03:08,00:30:06.1426770,,,,,,,,,,,,
23,2023-03-17 03:24:49,2023-03-17 03:26:41,,,,,,,,,,,,,
24,2023-03-17 03:27:52,2023-03-17 03:29:46,,,,,,,,,,,,,
25,2023-03-17 03:29:47,2023-03-17 03:29:49,,,,,,,,,,,,,
26,2023-03-17 03:29:55,2023-03-17 03:52:51,00:22:54.2184930,,,,,,,,,,,,
27,2023-03-17 04:01:41,2023-03-17 04:03:21,,,,,,,,,,,,,
28,2023-03-17 04:03:23,2023-03-17 04:04:28,,,,,,,,,,,,,
29,2023-03-17 04:04:29,2023-03-17 04:05:34,,,,,,,,,,,,,
30,2023-03-17 04:05:35,2023-03-17 04:06:40,,,,,,,,,,,,,
31,2023-03-17 04:06:42,2023-03-17 04:08:45,,,,,,,,,,,,,
32,2023-03-17 04:08:49,2023-03-17 04:08:59,,,,,,,,,,,,,
33,2023-03-17 04:09:01,2023-03-17 04:10:09,,,,,,,,,,,,,
34,2023-03-17 04:10:11,2023-03-17 04:11:17,,,,,,,,,,,,,
35,2023-03-17 04:11:18,2023-03-17 04:12:31,,,,,,,,,,,,,
36,2023-03-17 04:12:32,2023-03-17 04:14:25,,,,,,,,,,,,,
37,2023-03-17 04:14:28,2023-03-17 04:16:15,,,,,,,,,,,,,
38,2023-03-17 04:16:22,2023-03-17 04:16:24,,,,,,,,,,,,,
39,2023-03-17 04:16:27,2023-03-17 04:18:40,,,,,,,,,,,,,
40,2023-03-17 04:18:41,2023-03-17 04:19:48,,,,,,,,,,,,,
41,2023-03-17 04:19:48,2023-03-17 04:22:21,,,,,,,,,,,,,
42,2023-03-23 00:46:10,2023-03-23 00:46:14,,,,,,,,,,,,,
43,2023-03-23 00:46:51,2023-03-23 00:46:56,,,,,,,,,,,,,
44,2023-03-23 00:47:04,2023-03-23 00:47:09,,,,,,,,,,,,,
45,2023-03-23 00:47:12,2023-03-23 00:47:16,,,,,,,,,,,,,
46,2023-03-23 00:47:42,2023-03-23 00:47:47,,,,,,,,,,,,,
47,2023-03-23 02:20:24,2023-03-23 02:30:05,,,,,,,,,,,,,
48,2023-03-23 02:30:30,2023-03-23 02:32:08,,,,,,,,,,,,,
49,2023-03-23 02:32:10,2023-03-23 02:33:13,,,,,,,,,,,,,
50,2023-03-23 02:34:16,2023-03-23 02:35:18,,,,,,,,,,,,,
51,2023-03-23 02:35:20,2023-03-23 02:36:25,,,,,,,,,,,,,
52,2023-03-23 02:36:27,2023-03-23 02:37:27,,,,,,,,,,,,,
53,2023-03-23 02:37:28,2023-03-23 02:38:31,,,,,,,,,,,,,
54,2023-03-23 02:38:32,2023-03-23 02:44:11,,,,,,,,,,,,,
55,2023-03-23 02:44:12,2023-03-23 02:44:32,,,,,,,,,,,,,
56,2023-03-23 02:44:33,2023-03-23 02:45:37,,,,,,,,,,,,,
57,2023-03-23 02:45:38,2023-03-23 02:47:48,,,,,,,,,,,,,
58,2023-04-21 03:12:26,2023-04-21 03:13:39,,,,,,,,,,,,,
59,2023-04-21 03:13:39,2023-04-21 03:17:05,,,,,,,,,,,,,
60,2023-04-21 03:20:31,2023-04-21 03:26:38,,,,,,,,,,,,,
61,2023-04-21 03:26:38,2023-04-21 03:27:42,,,,,,,,,,,,,
62,2023-04-21 03:27:42,2023-04-21 03:29:34,,,,,,,,,,,,,
63,2023-04-21 03:41:41,2023-04-21 03:43:12,,,,,,,,,,,,,
64,2023-04-21 03:43:12,2023-04-21 03:45:42,,,,,,,,,,,,,
65,2023-04-21 03:45:42,2023-04-21 03:48:27,,,,,,,,,,,,,
66,2023-04-21 03:48:27,2023-04-21 03:58:32,,,,,,,,,,,,,
67,2023-04-21 03:58:32,2023-04-21 04:00:41,,,,,,,,,,,,,
68,2023-04-21 04:00:41,2023-04-21 04:00:51,,,,,,,,,,,,,
69,2023-04-21 04:00:51,2023-04-21 04:10:29,,,,,,,,,,,,,
70,2023-04-21 04:10:43,2023-04-21 04:12:38,,,,,,,,,,,,,
71,2023-04-21 04:12:38,2023-04-21 04:19:08,,,,,,,,,,,,,
72,2023-04-21 04:19:08,2023-04-21 04:31:36,,,,,,,,,,,,,
73,2023-04-21 04:32:36,2023-04-21 04:32:48,,,,,,,,,,,,,
74,2023-04-21 04:33:28,2023-04-21 04:36:42,,,,,,,,,,,,,
75,2023-04-21 04:36:42,2023-04-21 04:38:39,,,,,,,,,,,,,
76,2023-04-21 04:38:39,2023-04-21 04:40:30,,,,,,,,,,,,,
77,2023-04-21 04:40:30,2023-04-21 04:41:32,,,,,,,,,,,,,
78,2023-04-21 04:41:32,2023-04-21 04:45:14,,,,,,,,,,,,,
79,2023-04-21 04:45:14,2023-04-21 04:46:16,,,,,,,,,,,,,
80,2023-04-21 04:46:16,2023-04-21 04:48:05,,,,,,,,,,,,,
81,2023-04-21 04:48:05,2023-04-21 04:49:50,,,,,,,,,,,,,
82,2023-04-21 04:49:50,2023-04-21 04:51:55,,,,,,,,,,,,,
83,2023-04-21 04:51:55,2023-04-21 04:52:58,,,,,,,,,,,,,
84,2023-04-21 04:52:58,2023-04-21 05:03:26,,,,,,,,,,,,,
85,2023-04-21 05:05:04,2023-04-21 05:07:34,,,,,,,,,,,,,
86,2023-04-21 05:07:34,2023-04-21 05:11:23,,,,,,,,,,,,,
87,2023-04-21 05:11:23,2023-04-21 05:12:26,,,,,,,,,,,,,
88,2023-04-21 05:12:26,2023-04-21 05:24:34,,,,,,,,,,,,,
89,2023-04-21 05:24:34,2023-04-21 05:26:16,,,,,,,,,,,,,
90,2023-04-21 05:26:16,2023-04-21 05:51:07,,,,,,,,,,,,,
91,2023-04-25 02:39:27,2023-04-25 02:52:02,,,,,,,,,,,,,
92,2023-04-25 02:52:02,2023-04-25 02:52:11,,,,,,,,,,,,,
93,2023-04-25 02:52:11,2023-04-25 02:53:13,,,,,,,,,,,,,
94,2023-04-25 02:53:13,2023-04-25 02:54:35,,,,,,,,,,,,,
95,2023-04-25 02:54:35,2023-04-25 02:55:57,,,,,,,,,,,,,
96,2023-04-25 02:55:57,2023-04-25 02:59:54,,,,,,,,,,,,,
97,2023-04-25 02:59:54,2023-04-25 03:01:39,,,,,,,,,,,,,
98,2023-04-25 03:01:39,2023-04-25 03:02:45,,,,,,,,,,,,,
99,2023-04-25 03:02:45,2023-04-25 03:04:07,,,,,,,,,,,,,
100,2023-04-25 03:04:07,2023-04-25 03:06:15,,,,,,,,,,,,,
101,2023-04-25 03:06:15,2023-04-25 03:08:00,,,,,,,,,,,,,
102,2023-04-25 03:08:00,2023-04-25 03:09:02,,,,,,,,,,,,,
103,2023-04-25 03:09:02,2023-04-25 03:22:56,,,,,,,,,,,,,
104,2023-04-25 03:22:56,2023-04-25 03:23:05,,,,,,,,,,,,,
105,2023-04-25 03:23:05,2023-04-25 03:38:37,,,,,,,,,,,,,
106,2023-04-25 03:38:37,2023-04-25 03:42:28,,,,,,,,,,,,,
107,2023-04-25 03:42:28,2023-04-25 03:45:10,,,,,,,,,,,,,
108,2023-04-25 03:45:10,2023-04-25 03:47:06,,,,,,,,,,,,,
109,2023-04-25 03:47:06,2023-04-25 03:47:15,,,,,,,,,,,,,
110,2023-04-25 03:47:15,2023-04-25 03:49:48,,,,,,,,,,,,,
111,2023-04-25 03:49:48,2023-04-25 04:17:14,,,,,,,,,,,,,
112,2023-04-25 04:17:14,2023-04-25 04:19:01,,,,,,,,,,,,,
113,2023-04-25 04:19:01,2023-04-25 04:28:30,,,,,,,,,,,,,
114,2023-04-25 04:28:30,2023-04-25 04:30:30,,,,,,,,,,,,,
115,2023-04-25 04:30:30,2023-04-25 04:41:52,,,,,,,,,,,,,
116,2024-12-22 05:49:20,2024-12-22 06:02:34,,,,,,,,,,,,,
117,2024-12-22 06:02:46,2024-12-22 06:05:45,,,,,,,,,,,,,
118,2024-12-22 06:05:58,2024-12-22 06:06:10,,,,,,,,,,,,,
119,2024-12-22 06:06:12,2024-12-22 06:31:13,,,,,,,,,,,,,
120,2024-12-22 06:31:33,2024-12-22 06:43:55,,,,,,,,,,,,,
121,2024-12-22 06:43:58,2024-12-22 06:44:09,,,,,,,,,,,,,
122,2024-12-22 06:44:14,2024-12-22 06:54:38,,,,,,,,,,,,,
123,2024-12-22 06:54:42,2024-12-22 06:54:52,,,,,,,,,,,,,
124,2024-12-22 06:54:55,2024-12-22 07:05:24,,,,,,,,,,,,,
125,2024-12-22 07:05:27,2024-12-22 07:06:37,,,,,,,,,,,,,
126,2024-12-22 07:06:37,2024-12-22 07:20:26,,,,,,,,,,,,,
127,2024-12-24 07:10:03,2024-12-24 07:39:33,00:29:30.8952954,,,,,,,,,,,,
128,2024-12-24 07:42:36,2024-12-24 07:44:34,,,,,,,,,,,,,
129,2024-12-24 07:44:34,2024-12-24 07:58:53,,,,,,,,,,,,,
130,2024-12-24 07:59:32,2024-12-24 08:01:45,,,,,,,,,,,,,
131,2024-12-25 03:49:00,2024-12-25 03:49:09,,,,,,,,,,,,,
132,2024-12-25 03:49:09,2024-12-25 03:53:16,,,,,,,,,,,,,
133,2024-12-25 03:53:27,2024-12-25 04:10:54,,,,,,,,,,,,,
134,2024-12-25 04:10:57,2024-12-25 04:20:24,,,,,,,,,,,,,
135,2024-12-25 04:20:26,2024-12-25 04:20:38,,,,,,,,,,,,,
136,2024-12-25 04:20:38,2024-12-25 04:21:46,,,,,,,,,,,,,
137,2024-12-25 04:21:46,2024-12-25 04:30:59,,,,,,,,,,,,,
138,2024-12-25 04:31:02,2024-12-25 04:32:08,,,,,,,,,,,,,
139,2024-12-25 04:32:08,2024-12-25 04:42:06,,,,,,,,,,,,,
140,2024-12-25 04:42:06,2024-12-25 04:42:24,,,,,,,,,,,,,
141,2024-12-25 04:42:24,2024-12-25 04:44:37,,,,,,,,,,,,,
142,2024-12-25 04:44:37,2024-12-25 04:44:46,,,,,,,,,,,,,
143,2024-12-25 04:44:46,2024-12-25 05:08:18,00:23:34.0307350,,,,,,,,,,,,
144,2024-12-25 05:13:40,2024-12-25 05:14:13,,,,,,,,,,,,,
145,2024-12-25 05:14:13,2024-12-25 05:17:27,,,,,,,,,,,,,
146,2024-12-25 05:17:27,2024-12-25 05:17:36,,,,,,,,,,,,,
147,2024-12-25 05:17:36,2024-12-25 05:26:53,,,,,,,,,,,,,
148,2024-12-25 05:26:57,2024-12-25 05:27:08,,,,,,,,,,,,,
149,2024-12-25 05:27:08,2024-12-25 05:39:14,,,,,,,,,,,,,
150,2024-12-25 05:39:14,2024-12-25 06:00:22,,,,,,,,,,,,,
151,2024-12-25 06:00:22,2024-12-25 06:04:05,,,,,,,,,,,,,
152,2024-12-25 06:04:05,2024-12-25 06:12:20,,,,,,,,,,,,,
153,2024-12-25 06:12:20,2024-12-25 06:22:05,,,,,,,,,,,,,
154,2024-12-27 06:35:21,2024-12-27 06:45:06,,,,,,,,,,,,,
155,2024-12-27 06:45:06,2024-12-27 06:47:03,,,,,,,,,,,,,
156,2024-12-27 06:47:03,2024-12-27 06:48:45,,,,,,,,,,,,,
157,2024-12-27 06:48:45,2024-12-27 06:58:27,,,,,,,,,,,,,
158,2024-12-27 06:58:27,2024-12-27 07:02:10,,,,,,,,,,,,,
159,2024-12-27 07:02:10,2024-12-27 07:03:12,,,,,,,,,,,,,
160,2024-12-27 07:03:12,2024-12-27 07:03:20,,,,,,,,,,,,,
161,2024-12-27 07:03:20,2024-12-27 07:05:15,,,,,,,,,,,,,
162,2024-12-27 07:05:15,2024-12-27 07:07:04,,,,,,,,,,,,,
163,2024-12-27 07:07:04,2024-12-27 07:12:48,,,,,,,,,,,,,
164,2024-12-27 07:12:48,2024-12-27 07:15:57,,,,,,,,,,,,,
165,2024-12-27 07:15:57,2024-12-27 07:17:00,,,,,,,,,,,,,
166,2024-12-27 07:17:00,2024-12-27 07:18:50,,,,,,,,,,,,,
167,2024-12-27 07:18:50,2024-12-27 07:42:39,,,,,,,,,,,,,
168,2024-12-27 07:42:39,2024-12-27 07:42:47,,,,,,,,,,,,,
169,2024-12-27 07:42:47,2024-12-27 07:46:40,,,,,,,,,,,,,
170,2024-12-27 07:46:40,2024-12-27 07:50:34,,,,,,,,,,,,,
171,2024-12-27 07:50:34,2024-12-27 08:12:04,,,,,,,,,,,,,
172,2024-12-27 08:12:04,2024-12-27 08:12:57,,,,,,,,,,,,,
173,2024-12-27 08:12:57,2024-12-27 08:15:06,,,,,,,,,,,,,
174,2024-12-27 08:15:06,2024-12-27 08:18:49,,,,,,,,,,,,,
175,2024-12-27 08:18:49,2024-12-27 08:19:05,,,,,,,,,,,,,
176,2024-12-27 08:19:05,2024-12-27 08:22:43,,,,,,,,,,,,,
177,2024-12-27 08:22:43,2024-12-27 08:32:13,,,,,,,,,,,,,
178,2024-12-27 08:32:13,2024-12-27 08:55:36,00:23:24.5753696,,,,,,,,,,,,
179,2024-12-30 01:57:20,2024-12-30 02:25:07,00:27:47.5423752,,,,,,,,,,,,
180,2024-12-30 02:25:23,2024-12-30 02:29:15,,,,,,,,,,,,,
181,2024-12-30 02:29:15,2024-12-30 02:38:29,,,,,,,,,,,,,
182,2024-12-30 02:38:29,2024-12-30 02:52:50,,,,,,,,,,,,,
183,2024-12-30 02:52:50,2024-12-30 02:56:19,,,,,,,,,,,,,
184,2024-12-30 02:56:19,2024-12-30 02:56:28,,,,,,,,,,,,,
185,2024-12-30 02:56:28,2024-12-30 02:59:08,,,,,,,,,,,,,
186,2024-12-30 02:59:08,2024-12-30 03:03:21,,,,,,,,,,,,,
187,2024-12-30 03:03:21,2024-12-30 03:26:45,00:23:25.3763889,,,,,,,,,,,,
188,2024-12-30 03:53:35,2024-12-30 03:53:46,,,,,,,,,,,,,
189,2024-12-30 03:53:46,2024-12-30 04:03:23,,,,,,,,,,,,,
190,2024-12-30 04:03:23,2024-12-30 04:28:26,,,,,,,,,,,,,
191,2024-12-30 04:28:26,2024-12-30 04:37:49,,,,,,,,,,,,,
192,2024-12-31 21:25:00,2024-12-31 21:41:21,,,,,,,,,,,,,
193,2024-12-31 21:42:05,2024-12-31 21:44:10,,,,,,,,,,,,,
194,2024-12-31 21:44:10,2024-12-31 22:09:44,00:25:35.2780798,,,,,,,,,,,,
195,2024-12-31 22:11:47,2024-12-31 22:11:57,,,,,,,,,,,,,
196,2024-12-31 22:11:57,2024-12-31 22:15:51,,,,,,,,,,,,,
197,2024-12-31 22:15:51,2024-12-31 22:17:41,,,,,,,,,,,,,
198,2024-12-31 22:17:41,2024-12-31 22:40:35,,,,,,,,,,,,,
199,2025-01-01 04:24:31,2025-01-01 04:27:53,,,,,,,,,,,,,
200,2025-01-01 04:27:53,2025-01-01 04:31:02,,,,,,,,,,,,,
201,2025-01-01 04:31:02,2025-01-01 04:54:35,00:23:35.1953641,,,,,,,,,,,,
202,2025-01-01 04:55:34,2025-01-01 05:17:45,,,,,,,,,,,,,
203,2025-01-01 05:17:45,2025-01-01 05:27:07,,,,,,,,,,,,,
204,2025-01-01 05:27:07,2025-01-01 05:49:55,00:22:49.6949872,,,,,,,,,,,,
205,2025-01-01 05:58:36,2025-01-01 05:59:00,,,,,,,,,,,,,
206,2025-01-01 05:59:00,2025-01-01 06:20:40,00:21:40.8384527,,,,,,,,,,,,
207,2025-01-01 06:29:37,2025-01-01 06:29:48,,,,,,,,,,,,,
208,2025-01-01 06:29:48,2025-01-01 06:54:25,,,,,,,,,,,,,
209,2025-01-03 02:34:12,2025-01-03 02:35:19,,,,,,,,,,,,,
210,2025-01-03 02:35:19,2025-01-03 02:37:07,,,,,,,,,,,,,
211,2025-01-03 02:37:07,2025-01-03 02:40:47,,,,,,,,,,,,,
212,2025-01-03 02:40:47,2025-01-03 02:46:27,,,,,,,,,,,,,
213,2025-01-03 02:46:27,2025-01-03 02:46:35,,,,,,,,,,,,,
214,2025-01-03 02:46:35,2025-01-03 03:06:39,,,,,,,,,,,,,
215,2025-01-03 03:06:39,2025-01-03 03:17:20,,,,,,,,,,,,,
216,2025-01-03 03:17:20,2025-01-03 03:17:28,,,,,,,,,,,,,
217,2025-01-03 03:17:28,2025-01-03 03:18:30,,,,,,,,,,,,,
218,2025-01-03 03:18:30,2025-01-03 03:27:07,,,,,,,,,,,,,
219,2025-01-03 03:27:07,2025-01-03 03:31:01,,,,,,,,,,,,,
220,2025-01-03 03:31:01,2025-01-03 03:35:06,,,,,,,,,,,,,
221,2025-01-03 03:35:06,2025-01-03 03:56:57,00:21:52.6641544,,,,,,,,,,,,
222,2025-01-03 03:58:40,2025-01-03 04:18:28,00:19:48.9325217,,,,,,,,,,,,
223,2025-01-03 06:15:51,2025-01-03 06:53:10,,,,,,,,,,,,,
224,2025-01-04 04:02:48,2025-01-04 04:04:45,,,,,,,,,,,,,
225,2025-01-04 04:04:45,2025-01-04 04:08:14,,,,,,,,,,,,,
226,2025-01-04 04:08:14,2025-01-04 04:14:09,,,,,,,,,,,,,
227,2025-01-04 04:14:09,2025-01-04 04:31:51,,,,,,,,,,,,,
228,2025-01-04 04:31:51,2025-01-04 04:37:19,,,,,,,,,,,,,
229,2025-01-04 04:37:19,2025-01-04 04:46:00,,,,,,,,,,,,,
230,2025-01-04 04:46:00,2025-01-04 04:47:58,,,,,,,,,,,,,
231,2025-01-04 04:47:58,2025-01-04 04:57:19,,,,,,,,,,,,,
232,2025-01-04 04:57:19,2025-01-04 04:59:11,,,,,,,,,,,,,
233,2025-01-04 04:59:11,2025-01-04 05:03:19,,,,,,,,,,,,,
234,2025-01-04 05:03:19,2025-01-04 05:19:35,,,,,,,,,,,,,
235,2025-01-04 05:19:35,2025-01-04 05:28:23,,,,,,,,,,,,,
236,2025-01-04 05:28:23,2025-01-04 05:36:40,,,,,,,,,,,,,
237,2025-01-04 05:36:40,2025-01-04 05:38:29,,,,,,,,,,,,,
238,2025-01-04 05:38:29,2025-01-04 05:40:28,,,,,,,,,,,,,
239,2025-01-04 05:40:28,2025-01-04 06:08:01,,,,,,,,,,,,,
240,2025-01-04 06:08:01,2025-01-04 06:08:06,,,,,,,,,,,,,
241,2025-01-04 06:08:10,2025-01-04 06:08:14,,,,,,,,,,,,,
242,2025-01-04 06:34:45,2025-01-04 06:34:56,,,,,,,,,,,,,
243,2025-01-04 06:34:56,2025-01-04 06:41:16,,,,,,,,,,,,,
244,2025-01-04 06:41:16,2025-01-04 06:44:16,,,,,,,,,,,,,
245,2025-01-04 06:44:16,2025-01-04 06:46:10,,,,,,,,,,,,,
246,2025-01-04 06:46:10,2025-01-04 06:56:34,,,,,,,,,,,,,
247,2025-01-04 06:56:34,2025-01-04 07:23:25,00:26:52.8678194,,,,,,,,,,,,
248,2025-01-05 06:37:50,2025-01-05 06:47:17,,,,,,,,,,,,,
249,2025-01-05 06:47:17,2025-01-05 06:52:28,,,,,,,,,,,,,
250,2025-01-05 06:52:28,2025-01-05 06:54:14,,,,,,,,,,,,,
251,2025-01-05 06:54:14,2025-01-05 06:56:02,,,,,,,,,,,,,
252,2025-01-05 06:56:02,2025-01-05 07:07:01,,,,,,,,,,,,,
253,2025-01-05 07:07:01,2025-01-05 07:16:13,,,,,,,,,,,,,
254,2025-01-05 07:16:13,2025-01-05 07:17:59,,,,,,,,,,,,,
255,2025-01-05 07:17:59,2025-01-05 07:22:37,,,,,,,,,,,,,
256,2025-01-05 07:22:37,2025-01-05 07:23:39,,,,,,,,,,,,,
257,2025-01-05 07:23:39,2025-01-05 07:29:13,,,,,,,,,,,,,
258,2025-01-05 07:29:13,2025-01-05 07:30:15,,,,,,,,,,,,,
259,2025-01-05 07:30:15,2025-01-05 07:30:23,,,,,,,,,,,,,
260,2025-01-05 07:30:23,2025-01-05 07:34:03,,,,,,,,,,,,,
261,2025-01-05 07:34:03,2025-01-05 07:38:52,,,,,,,,,,,,,
262,2025-01-05 07:38:52,2025-01-05 07:40:40,,,,,,,,,,,,,
263,2025-01-05 07:40:40,2025-01-05 07:42:48,,,,,,,,,,,,,
264,2025-01-05 07:42:48,2025-01-05 07:43:51,,,,,,,,,,,,,
265,2025-01-05 07:43:51,2025-01-05 07:44:53,,,,,,,,,,,,,
266,2025-01-05 07:44:53,2025-01-05 07:45:54,,,,,,,,,,,,,
267,2025-01-05 07:45:54,2025-01-05 07:46:56,,,,,,,,,,,,,
268,2025-01-05 07:46:56,2025-01-05 07:54:38,,,,,,,,,,,,,
269,2025-01-05 07:54:38,2025-01-05 07:56:56,,,,,,,,,,,,,
270,2025-01-05 07:56:56,2025-01-05 07:58:00,,,,,,,,,,,,,
271,2025-01-05 07:58:00,2025-01-05 08:04:36,,,,,,,,,,,,,
272,2025-01-05 08:04:36,2025-01-05 08:27:38,,,,,,,,,,,,,
273,2025-01-05 08:27:38,2025-01-05 08:32:24,,,,,,,,,,,,,
274,2025-01-05 08:32:24,2025-01-05 08:38:18,,,,,,,,,,,,,
275,2025-01-05 08:38:18,2025-01-05 08:40:17,,,,,,,,,,,,,
276,2025-01-05 08:40:17,2025-01-05 08:51:46,,,,,,,,,,,,,
277,2025-01-05 08:51:46,2025-01-05 08:56:10,,,,,,,,,,,,,
278,2025-01-05 08:56:10,2025-01-05 08:59:46,,,,,,,,,,,,,
279,2025-01-05 08:59:46,2025-01-05 09:00:02,,,,,,,,,,,,,
280,2025-01-05 09:00:02,2025-01-05 09:01:09,,,,,,,,,,,,,
281,2025-01-05 09:01:09,2025-01-05 09:07:07,,,,,,,,,,,,,
282,2025-01-05 09:07:07,2025-01-05 09:10:07,,,,,,,,,,,,,
283,2025-01-05 09:10:07,2025-01-05 09:19:14,,,,,,,,,,,,,
284,2025-01-05 19:06:52,2025-01-05 19:11:20,,,,,,,,,,,,,
285,2025-01-05 22:17:14,2025-01-05 22:19:13,,,,,,,,,,,,,
286,2025-01-05 23:48:30,2025-01-05 23:48:37,,,,,,,,,,,,,
287,2025-01-05 23:51:52,2025-01-05 23:53:37,,,,,,,,,,,,,
288,2025-01-05 23:53:37,2025-01-06 00:06:04,,,,,,,,,,,,,
289,2025-01-06 00:06:04,2025-01-06 00:29:03,,,,,,,,,,,,,
290,2025-01-06 00:29:11,2025-01-06 00:30:22,,,,,,,,,,,,,
291,2025-01-06 00:30:22,2025-01-06 00:37:03,,,,,,,,,,,,,
292,2025-01-06 00:37:03,2025-01-06 00:46:48,,,,,,,,,,,,,
293,2025-01-06 00:46:48,2025-01-06 00:47:52,,,,,,,,,,,,,
294,2025-01-06 00:47:52,2025-01-06 00:51:04,,,,,,,,,,,,,
295,2025-01-06 00:51:04,2025-01-06 00:52:05,,,,,,,,,,,,,
296,2025-01-06 00:52:05,2025-01-06 00:55:30,,,,,,,,,,,,,
297,2025-01-06 00:55:30,2025-01-06 00:57:08,,,,,,,,,,,,,
298,2025-01-06 00:57:08,2025-01-06 01:06:41,,,,,,,,,,,,,
299,2025-01-06 01:06:41,2025-01-06 01:28:37,,,,,,,,,,,,,
300,2025-01-06 01:32:03,2025-01-06 01:33:06,,,,,,,,,,,,,
301,2025-01-06 01:33:06,2025-01-06 01:34:55,,,,,,,,,,,,,
302,2025-01-06 01:34:55,2025-01-06 01:55:11,,,,,,,,,,,,,
303,2025-01-08 03:35:03,2025-01-08 03:43:42,,,,,,,,,,,,,
304,2025-01-08 03:43:42,2025-01-08 03:47:21,,,,,,,,,,,,,
305,2025-01-08 03:47:21,2025-01-08 03:48:26,,,,,,,,,,,,,
306,2025-01-08 03:48:26,2025-01-08 04:09:18,00:20:53.5642185,,,,,,,,,,,,
307,2025-01-08 04:20:29,2025-01-08 04:21:01,,,,,,,,,,,,,
308,2025-01-08 04:21:01,2025-01-08 04:40:00,,,,,,,,,,,,,
309,2025-01-08 04:40:00,2025-01-08 04:46:00,,,,,,,,,,,,,
310,2025-01-08 04:46:00,2025-01-08 04:50:26,,,,,,,,,,,,,
311,2025-01-08 04:50:26,2025-01-08 05:12:07,00:21:42.0863266,,,,,,,,,,,,
312,2025-01-08 05:22:15,2025-01-08 05:22:28,,,,,,,,,,,,,
313,2025-01-08 05:22:28,2025-01-08 05:43:14,00:20:47.7501875,,,,,,,,,,,,
314,2025-01-09 04:44:04,2025-01-09 04:49:46,,,,,,,,,,,,,
315,2025-01-09 04:49:46,2025-01-09 05:00:33,,,,,,,,,,,,,
316,2025-01-09 05:00:33,2025-01-09 05:21:01,,,,,,,,,,,,,
317,2025-01-09 05:21:01,2025-01-09 05:39:50,,,,,,,,,,,,,
318,2025-01-09 05:39:50,2025-01-09 06:02:09,,,,,,,,,,,,,
319,2025-01-09 06:03:00,2025-01-09 06:03:17,,,,,,,,,,,,,
320,2025-01-09 06:03:17,2025-01-09 06:22:13,,,,,,,,,,,,,
321,2025-01-10 04:37:00,2025-01-10 04:38:53,,,,,,,,,,,,,
322,2025-01-10 04:38:53,2025-01-10 04:42:48,,,,,,,,,,,,,
323,2025-01-10 04:42:48,2025-01-10 05:01:53,00:19:06.6118926,,,,,,,,,,,,
324,2025-01-10 05:25:23,2025-01-10 05:27:11,,,,,,,,,,,,,
325,2025-01-10 05:27:11,2025-01-10 05:36:19,,,,,,,,,,,,,
326,2025-01-10 05:36:19,2025-01-10 05:45:00,,,,,,,,,,,,,
327,2025-01-10 05:45:00,2025-01-10 05:46:48,,,,,,,,,,,,,
328,2025-01-10 05:46:48,2025-01-10 05:51:14,,,,,,,,,,,,,
329,2025-01-10 05:51:14,2025-01-10 05:52:59,,,,,,,,,,,,,
330,2025-01-10 05:52:59,2025-01-10 06:03:16,,,,,,,,,,,,,
331,2025-01-11 06:03:59,2025-01-11 06:05:10,,,,,,,,,,,,,
332,2025-01-11 06:05:53,2025-01-11 06:06:18,,,,,,,,,,,,,
333,2025-01-11 06:06:18,2025-01-11 06:06:36,,,,,,,,,,,,,
334,2025-01-11 06:06:36,2025-01-11 06:10:19,,,,,,,,,,,,,
335,2025-01-11 06:10:28,2025-01-11 06:14:21,,,,,,,,,,,,,
336,2025-01-11 07:49:50,2025-01-11 08:00:47,,,,,,,,,,,,,
337,2025-01-16 03:47:55,2025-01-16 03:48:07,,,,,,,,,,,,,
338,2025-01-16 04:22:07,2025-01-16 04:22:16,,,,,,,,,,,,,
339,2025-01-16 04:22:16,2025-01-16 04:23:21,,,,,,,,,,,,,
340,2025-01-16 04:26:48,2025-01-16 04:35:17,,,,,,,,,,,,,
341,2025-01-16 04:35:17,2025-01-16 04:43:55,,,,,,,,,,,,,
342,2025-01-16 04:43:55,2025-01-16 04:52:56,,,,,,,,,,,,,
343,2025-01-16 04:52:56,2025-01-16 05:04:00,,,,,,,,,,,,,
344,2025-01-16 05:04:00,2025-01-16 05:23:25,00:19:26.3301247,,,,,,,,,,,,
345,2025-01-16 05:24:22,2025-01-16 05:44:33,00:20:13.0914613,,,,,,,,,,,,
346,2025-01-16 05:46:50,2025-01-16 05:57:30,,,,,,,,,,,,,
347,2025-01-16 05:57:30,2025-01-16 05:59:21,,,,,,,,,,,,,
348,2025-01-16 05:59:21,2025-01-16 06:08:39,,,,,,,,,,,,,
349,2025-01-16 06:08:39,2025-01-16 06:23:16,,,,,,,,,,,,,
350,2025-01-16 06:23:16,2025-01-16 06:33:02,,,,,,,,,,,,,
351,2025-01-17 05:48:17,2025-01-17 05:52:33,,,,,,,,,,,,,
352,2025-01-17 05:52:33,2025-01-17 05:54:17,,,,,,,,,,,,,
353,2025-01-17 05:54:17,2025-01-17 06:02:39,,,,,,,,,,,,,
354,2025-01-17 06:02:39,2025-01-17 06:15:48,,,,,,,,,,,,,
355,2025-01-17 06:16:36,2025-01-17 06:36:48,,,,,,,,,,,,,
356,2025-01-17 06:36:48,2025-01-17 06:40:22,,,,,,,,,,,,,
357,2025-01-17 06:40:22,2025-01-17 06:50:33,,,,,,,,,,,,,
358,2025-01-17 06:50:33,2025-01-17 06:52:12,,,,,,,,,,,,,
359,2025-01-17 06:52:12,2025-01-17 07:13:29,,,,,,,,,,,,,
360,2025-01-17 07:13:29,2025-01-17 07:15:37,,,,,,,,,,,,,
361,2025-01-17 07:15:37,2025-01-17 07:25:25,,,,,,,,,,,,,
362,2025-01-17 07:25:25,2025-01-17 07:29:51,,,,,,,,,,,,,
363,2025-01-17 07:29:51,2025-01-17 07:58:45,,,,,,,,,,,,,
364,2025-01-18 22:31:17,2025-01-18 22:49:24,,,,,,,,,,,,,
365,2025-01-18 22:49:24,2025-01-18 22:54:02,,,,,,,,,,,,,
366,2025-01-18 22:54:02,2025-01-18 22:55:50,,,,,,,,,,,,,
367,2025-01-18 22:55:50,2025-01-18 22:56:00,,,,,,,,,,,,,
368,2025-01-18 22:56:00,2025-01-18 23:16:21,00:20:21.5632065,,,,,,,,,,,,
369,2025-01-18 23:16:42,2025-01-18 23:39:41,00:23:00.7589426,,,,,,,,,,,,
370,2025-01-18 23:44:19,2025-01-18 23:44:59,,,,,,,,,,,,,
371,2025-01-19 02:06:51,2025-01-19 02:08:40,,,,,,,,,,,,,
372,2025-01-19 02:08:40,2025-01-19 02:09:14,,,,,,,,,,,,,
373,2025-01-19 02:09:14,2025-01-19 02:14:10,,,,,,,,,,,,,
374,2025-01-19 02:14:10,2025-01-19 02:15:53,,,,,,,,,,,,,
375,2025-01-19 02:15:53,2025-01-19 02:30:04,,,,,,,,,,,,,
376,2025-01-19 02:30:04,2025-01-19 02:31:45,,,,,,,,,,,,,
377,2025-01-19 02:31:45,2025-01-19 02:35:27,,,,,,,,,,,,,
378,2025-01-19 02:35:27,2025-01-19 02:37:06,,,,,,,,,,,,,
379,2025-01-19 02:37:06,2025-01-19 02:38:49,,,,,,,,,,,,,
380,2025-01-19 02:38:49,2025-01-19 02:46:52,,,,,,,,,,,,,
381,2025-01-19 02:46:52,2025-01-19 02:51:07,,,,,,,,,,,,,
382,2025-01-19 02:51:07,2025-01-19 03:11:37,,,,,,,,,,,,,
383,2025-01-19 03:12:38,2025-01-19 03:12:50,,,,,,,,,,,,,
384,2025-01-19 03:12:50,2025-01-19 03:13:53,,,,,,,,,,,,,
385,2025-01-19 03:13:53,2025-01-19 03:21:43,,,,,,,,,,,,,
386,2025-01-19 23:52:57,2025-01-19 23:54:20,,,,,,,,,,,,,
387,2025-01-19 23:54:34,2025-01-19 23:54:36,,,,,,,,,,,,,
388,2025-01-20 00:22:25,2025-01-20 00:22:47,,,,,,,,,,,,,
389,2025-01-20 00:22:47,2025-01-20 00:36:03,,,,,,,,,,,,,
390,2025-01-20 00:36:03,2025-01-20 00:57:32,,,,,,,,,,,,,
391,2025-01-20 00:57:32,2025-01-20 00:57:43,,,,,,,,,,,,,
392,2025-01-20 00:57:43,2025-01-20 01:12:03,,,,,,,,,,,,,
393,2025-01-20 01:12:03,2025-01-20 01:16:12,,,,,,,,,,,,,
394,2025-01-20 01:16:12,2025-01-20 01:25:29,,,,,,,,,,,,,
395,2025-01-20 01:25:29,2025-01-20 01:30:24,,,,,,,,,,,,,
396,2025-01-21 04:16:36,2025-01-21 04:16:42,,,,,,,,,,,,,
397,2025-01-21 04:16:43,2025-01-21 04:16:53,,,,,,,,,,,,,
398,2025-01-21 04:16:53,2025-01-21 04:17:05,,,,,,,,,,,,,
399,2025-01-21 04:17:14,2025-01-21 04:21:37,,,,,,,,,,,,,
400,2025-01-21 04:21:37,2025-01-21 04:23:22,,,,,,,,,,,,,
401,2025-01-21 04:23:22,2025-01-21 04:31:55,,,,,,,,,,,,,
402,2025-01-21 04:31:55,2025-01-21 04:37:11,,,,,,,,,,,,,
403,2025-01-21 04:37:11,2025-01-21 04:38:59,,,,,,,,,,,,,
404,2025-01-21 04:38:59,2025-01-21 04:40:51,,,,,,,,,,,,,
405,2025-01-21 04:40:51,2025-01-21 04:49:04,,,,,,,,,,,,,
406,2025-01-21 04:49:04,2025-01-21 04:51:00,,,,,,,,,,,,,
407,2025-01-21 04:51:00,2025-01-21 04:53:16,,,,,,,,,,,,,
408,2025-01-21 04:53:16,2025-01-21 04:54:20,,,,,,,,,,,,,
409,2025-01-21 04:54:20,2025-01-21 04:56:06,,,,,,,,,,,,,
410,2025-01-21 04:56:06,2025-01-21 05:08:50,,,,,,,,,,,,,
411,2025-01-21 05:08:50,2025-01-21 05:10:27,,,,,,,,,,,,,
412,2025-01-21 05:10:27,2025-01-21 05:19:03,,,,,,,,,,,,,
413,2025-01-21 05:19:03,2025-01-21 05:23:35,,,,,,,,,,,,,
414,2025-01-21 05:23:35,2025-01-21 05:28:37,,,,,,,,,,,,,
415,2025-01-21 05:28:37,2025-01-21 05:34:34,,,,,,,,,,,,,
416,2025-01-21 05:34:34,2025-01-21 05:35:37,,,,,,,,,,,,,
417,2025-01-21 05:35:37,2025-01-21 05:38:20,,,,,,,,,,,,,
418,2025-01-21 05:38:20,2025-01-21 05:46:14,,,,,,,,,,,,,
419,2025-01-21 05:46:14,2025-01-21 05:55:34,,,,,,,,,,,,,
420,2025-01-21 05:55:34,2025-01-21 06:00:35,,,,,,,,,,,,,
421,2025-01-21 06:00:35,2025-01-21 06:26:24,00:25:49.7789570,,,,,,,,,,,,
422,2025-01-21 06:27:44,2025-01-21 06:27:54,,,,,,,,,,,,,
423,2025-01-21 06:27:54,2025-01-21 06:37:30,,,,,,,,,,,,,
424,2025-01-21 06:40:29,2025-01-21 07:03:47,,,,,,,,,,,,,
425,2025-01-21 07:06:04,2025-01-21 07:06:20,,,,,,,,,,,,,
426,2025-01-21 07:06:20,2025-01-21 07:11:20,,,,,,,,,,,,,
427,2025-01-22 22:38:11,2025-01-22 22:38:22,,,,,,,,,,,,,
428,2025-01-22 22:38:22,2025-01-22 22:43:52,,,,,,,,,,,,,
429,2025-01-22 22:43:52,2025-01-22 23:00:19,,,,,,,,,,,,,
430,2025-01-22 23:00:19,2025-01-22 23:15:37,,,,,,,,,,,,,
431,2025-01-22 23:15:37,2025-01-22 23:20:45,,,,,,,,,,,,,
432,2025-01-22 23:20:45,2025-01-22 23:22:39,,,,,,,,,,,,,
433,2025-01-22 23:22:39,2025-01-22 23:26:24,,,,,,,,,,,,,
434,2025-01-22 23:26:24,2025-01-22 23:34:45,,,,,,,,,,,,,
435,2025-01-22 23:34:45,2025-01-22 23:36:58,,,,,,,,,,,,,
436,2025-01-22 23:36:58,2025-01-22 23:40:02,,,,,,,,,,,,,
437,2025-01-22 23:40:02,2025-01-23 00:01:00,00:20:58.9181182,,,,,,,,,,,,
438,2025-01-23 00:07:10,2025-01-23 00:13:56,,,,,,,,,,,,,
439,2025-01-23 00:13:56,2025-01-23 00:15:35,,,,,,,,,,,,,
440,2025-01-23 00:15:35,2025-01-23 00:36:53,,,,,,,,,,,,,
441,2025-01-27 23:37:09,2025-01-27 23:37:12,,,,,,,,,,,,,
442,2025-01-27 23:38:00,2025-01-27 23:45:49,,,,,,,,,,,,,
443,2025-01-27 23:45:49,2025-01-27 23:51:56,,,,,,,,,,,,,
444,2025-01-27 23:51:56,2025-01-27 23:53:36,,,,,,,,,,,,,
445,2025-01-27 23:53:36,2025-01-27 23:55:23,,,,,,,,,,,,,
446,2025-01-27 23:55:23,2025-01-27 23:57:10,,,,,,,,,,,,,
447,2025-01-27 23:57:10,2025-01-27 23:57:54,,,,,,,,,,,,,
448,2025-01-27 23:57:54,2025-01-28 00:11:17,,,,,,,,,,,,,
449,2025-01-28 00:11:17,2025-01-28 00:20:02,,,,,,,,,,,,,
450,2025-01-28 00:20:02,2025-01-28 00:25:59,,,,,,,,,,,,,
451,2025-01-28 00:25:59,2025-01-28 00:28:33,,,,,,,,,,,,,
452,2025-01-28 00:28:33,2025-01-28 00:30:26,,,,,,,,,,,,,
453,2025-01-28 00:30:26,2025-01-28 00:32:29,,,,,,,,,,,,,
454,2025-01-28 00:32:29,2025-01-28 00:32:38,,,,,,,,,,,,,
455,2025-01-28 00:32:38,2025-01-28 00:52:26,,,,,,,,,,,,,
456,2025-01-28 00:52:26,2025-01-28 00:52:36,,,,,,,,,,,,,
457,2025-01-28 00:52:36,2025-01-28 00:54:18,,,,,,,,,,,,,
458,2025-01-28 00:54:18,2025-01-28 00:56:27,,,,,,,,,,,,,
459,2025-01-28 00:56:27,2025-01-28 01:16:22,00:19:56.1058222,,,,,,,,,,,,
460,2025-01-30 22:34:19,2025-01-30 22:34:35,,,,,,,,,,,,,
461,2025-01-30 22:34:35,2025-01-30 22:45:09,,,,,,,,,,,,,
462,2025-01-30 22:55:25,2025-01-30 22:55:42,,,,,,,,,,,,,
463,2025-01-30 22:55:42,2025-01-30 23:00:29,,,,,,,,,,,,,
464,2025-01-30 23:00:29,2025-01-30 23:01:52,,,,,,,,,,,,,
465,2025-01-30 23:01:52,2025-01-30 23:03:33,,,,,,,,,,,,,
466,2025-01-30 23:03:33,2025-01-30 23:05:19,,,,,,,,,,,,,
467,2025-01-30 23:05:19,2025-01-30 23:11:22,,,,,,,,,,,,,
468,2025-01-30 23:11:22,2025-01-30 23:34:37,,,,,,,,,,,,,
469,2025-01-30 23:34:37,2025-01-30 23:56:31,,,,,,,,,,,,,
470,2025-02-01 01:22:57,2025-02-01 01:24:18,,,,,,,,,,,,,
471,2025-02-01 01:24:18,2025-02-01 01:25:48,,,,,,,,,,,,,
472,2025-02-01 01:25:48,2025-02-01 01:26:16,,,,,,,,,,,,,
473,2025-02-01 01:26:17,2025-02-01 01:26:26,,,,,,,,,,,,,
474,2025-02-01 01:26:26,2025-02-01 01:34:28,,,,,,,,,,,,,
475,2025-02-01 01:34:28,2025-02-01 01:37:20,,,,,,,,,,,,,
476,2025-02-01 01:37:20,2025-02-01 01:39:03,,,,,,,,,,,,,
477,2025-02-01 01:39:03,2025-02-01 01:43:03,,,,,,,,,,,,,
478,2025-02-01 01:43:03,2025-02-01 01:46:44,,,,,,,,,,,,,
479,2025-02-01 01:46:44,2025-02-01 02:02:23,,,,,,,,,,,,,
480,2025-02-01 02:02:23,2025-02-01 02:11:34,,,,,,,,,,,,,
481,2025-02-01 02:11:34,2025-02-01 02:29:20,,,,,,,,,,,,,
482,2025-02-01 02:29:20,2025-02-01 02:33:11,,,,,,,,,,,,,
483,2025-02-01 02:33:11,2025-02-01 02:48:44,,,,,,,,,,,,,
484,2025-02-01 20:57:18,2025-02-01 20:58:02,,,,,,,,,,,,,
485,2025-02-01 20:58:02,2025-02-01 21:09:11,,,,,,,,,,,,,
486,2025-02-01 21:09:11,2025-02-01 21:13:20,,,,,,,,,,,,,
487,2025-02-01 21:13:20,2025-02-01 21:31:31,00:18:12.4287127,,,,,,,,,,,,
488,2025-02-01 22:13:29,2025-02-01 22:13:37,,,,,,,,,,,,,
489,2025-02-01 22:15:51,2025-02-01 22:15:52,,,,,,,,,,,,,
490,2025-02-04 05:41:31,2025-02-04 05:49:57,,,,,,,,,,,,,
491,2025-02-04 05:49:57,2025-02-04 05:51:43,,,,,,,,,,,,,
492,2025-02-04 05:51:43,2025-02-04 05:54:55,,,,,,,,,,,,,
493,2025-02-04 05:54:55,2025-02-04 05:56:35,,,,,,,,,,,,,
494,2025-02-04 05:56:35,2025-02-04 05:58:18,,,,,,,,,,,,,
495,2025-02-04 05:58:18,2025-02-04 06:07:18,,,,,,,,,,,,,
496,2025-02-04 06:07:18,2025-02-04 06:16:40,,,,,,,,,,,,,
497,2025-02-04 06:16:40,2025-02-04 06:16:41,,,,,,,,,,,,,
498,2025-02-04 06:16:57,2025-02-04 06:16:57,,,,,,,,,,,,,
499,2025-02-04 06:18:45,2025-02-04 06:18:54,,,,,,,,,,,,,
500,2025-02-15 05:32:52,2025-02-15 05:33:30,,,,,,,,,,,,,
501,2025-02-15 05:33:30,2025-02-15 05:33:53,,,,,,,,,,,,,
502,2025-02-15 05:33:53,2025-02-15 05:34:16,,,,,,,,,,,,,
503,2025-02-15 05:34:16,2025-02-15 05:53:13,00:18:58.3285216,,,,,,,,,,,,
504,2025-02-15 06:07:41,2025-02-15 06:29:19,00:21:40.0483953,,,,,,,,,,,,
505,2025-02-15 06:35:42,2025-02-15 06:54:33,00:18:52.2609369,,,,,,,,,,,,
506,2025-02-19 00:20:53,2025-02-19 00:22:34,,,,,,,,,,,,,
507,2025-02-19 00:22:34,2025-02-19 00:23:37,,,,,,,,,,,,,
508,2025-02-19 00:23:37,2025-02-19 00:34:04,,,,,,,,,,,,,
509,2025-02-19 00:34:04,2025-02-19 00:35:06,,,,,,,,,,,,,
510,2025-02-19 00:35:06,2025-02-19 00:38:10,,,,,,,,,,,,,
511,2025-02-19 00:38:10,2025-02-19 00:39:54,,,,,,,,,,,,,
512,2025-02-19 00:39:54,2025-02-19 00:43:59,,,,,,,,,,,,,
513,2025-02-19 00:44:07,2025-02-19 00:46:21,,,,,,,,,,,,,
514,2025-02-19 00:46:21,2025-02-19 00:55:06,,,,,,,,,,,,,
515,2025-02-19 00:55:06,2025-02-19 00:57:38,,,,,,,,,,,,,
516,2025-02-19 00:57:38,2025-02-19 01:17:45,00:20:08.2081774,,,,,,,,,,,,
517,2025-02-19 01:21:01,2025-02-19 01:26:59,,,,,,,,,,,,,
518,2025-02-19 01:26:59,2025-02-19 01:30:31,,,,,,,,,,,,,
519,2025-02-19 01:30:31,2025-02-19 01:38:32,,,,,,,,,,,,,
520,2025-02-19 01:38:32,2025-02-19 01:50:31,,,,,,,,,,,,,
521,2025-02-19 01:50:31,2025-02-19 02:01:23,,,,,,,,,,,,,
522,2025-02-19 02:01:23,2025-02-19 02:02:25,,,,,,,,,,,,,
523,2025-02-19 02:02:25,2025-02-19 02:16:31,,,,,,,,,,,,,
524,2025-02-19 03:55:24,2025-02-19 03:55:39,,,,,,,,,,,,,
525,2025-02-19 03:55:39,2025-02-19 03:59:52,,,,,,,,,,,,,
526,2025-02-19 03:59:52,2025-02-19 04:01:51,,,,,,,,,,,,,
527,2025-02-19 04:01:51,2025-02-19 04:03:32,,,,,,,,,,,,,
528,2025-02-19 04:03:32,2025-02-19 04:04:47,,,,,,,,,,,,,
529,2025-02-19 04:04:47,2025-02-19 04:11:21,,,,,,,,,,,,,
530,2025-02-19 04:11:21,2025-02-19 05:08:39,,,,,,,,,,,,,
531,2025-02-19 05:08:39,2025-02-19 05:08:47,,,,,,,,,,,,,
532,2025-02-19 05:08:47,2025-02-19 05:12:47,,,,,,,,,,,,,
533,2025-02-19 05:12:47,2025-02-19 05:16:06,,,,,,,,,,,,,
534,2025-02-19 05:16:06,2025-02-19 05:20:04,,,,,,,,,,,,,
535,2025-02-19 05:20:04,2025-02-19 05:27:53,,,,,,,,,,,,,
536,2025-02-19 05:27:53,2025-02-19 05:35:59,,,,,,,,,,,,,
537,2025-02-19 05:35:59,2025-02-19 05:44:26,,,,,,,,,,,,,
538,2025-02-19 05:44:26,2025-02-19 05:47:31,,,,,,,,,,,,,
539,2025-02-19 05:47:31,2025-02-19 06:05:01,,,,,,,,,,,,,
540,2025-02-19 06:05:01,2025-02-19 06:05:10,,,,,,,,,,,,,
541,2025-02-19 06:05:10,2025-02-19 06:08:04,,,,,,,,,,,,,
542,2025-02-19 06:08:04,2025-02-19 06:11:58,,,,,,,,,,,,,
543,2025-02-19 06:11:58,2025-02-19 06:19:59,,,,,,,,,,,,,
544,2025-02-19 06:19:59,2025-02-19 06:22:25,,,,,,,,,,,,,
545,2025-02-19 06:22:25,2025-02-19 06:22:35,,,,,,,,,,,,,
546,2025-02-22 00:49:15,2025-02-22 00:50:01,,,,,,,,,,,,,
547,2025-02-22 00:51:26,2025-02-22 00:51:29,,,,,,,,,,,,,
548,2025-02-22 00:51:31,2025-02-22 00:51:40,,,,,,,,,,,,,
549,2025-02-22 00:51:40,2025-02-22 00:53:25,,,,,,,,,,,,,
550,2025-02-22 00:53:25,2025-02-22 01:18:36,,,,,,,,,,,,,
551,2025-02-22 01:18:36,2025-02-22 01:32:47,,,,,,,,,,,,,
552,2025-02-22 01:32:57,2025-02-22 01:55:08,00:22:12.6138317,,,,,,,,,,,,
553,2025-02-22 02:53:58,2025-02-22 03:00:14,,,,,,,,,,,,,
554,2025-02-22 03:00:14,2025-02-22 03:21:40,00:21:28.0850703,,,,,,,,,,,,
555,2025-02-22 03:28:35,2025-02-22 03:28:36,,,,,,,,,,,,,
556,2025-02-22 03:29:06,2025-02-22 03:34:42,,,,,,,,,,,,,
557,2025-02-22 03:34:42,2025-02-22 03:36:27,,,,,,,,,,,,,
558,2025-02-22 03:36:27,2025-02-22 03:38:23,,,,,,,,,,,,,
559,2025-02-22 03:38:23,2025-02-22 03:40:17,,,,,,,,,,,,,
560,2025-02-22 03:40:17,2025-02-22 03:49:10,,,,,,,,,,,,,
561,2025-02-22 03:49:10,2025-02-22 03:52:38,,,,,,,,,,,,,
562,2025-02-22 03:52:38,2025-02-22 03:54:32,,,,,,,,,,,,,
563,2025-02-22 03:54:32,2025-02-22 04:00:22,,,,,,,,,,,,,
564,2025-02-22 04:00:22,2025-02-22 04:05:29,,,,,,,,,,,,,
565,2025-02-22 04:05:29,2025-02-22 04:08:12,,,,,,,,,,,,,
566,2025-02-22 04:08:12,2025-02-22 04:11:51,,,,,,,,,,,,,
567,2025-02-22 04:11:51,2025-02-22 04:17:52,,,,,,,,,,,,,
568,2025-02-22 04:17:52,2025-02-22 04:20:22,,,,,,,,,,,,,
569,2025-02-22 04:20:22,2025-02-22 04:22:45,,,,,,,,,,,,,
570,2025-02-22 04:22:45,2025-02-22 04:27:49,,,,,,,,,,,,,
571,2025-02-22 04:27:49,2025-02-22 04:28:55,,,,,,,,,,,,,
572,2025-02-22 04:28:55,2025-02-22 04:30:55,,,,,,,,,,,,,
573,2025-02-22 04:30:55,2025-02-22 04:39:26,,,,,,,,,,,,,
574,2025-02-22 04:39:26,2025-02-22 04:46:00,,,,,,,,,,,,,
575,2025-02-23 03:40:08,2025-02-23 03:40:11,,,,,,,,,,,,,
576,2025-02-23 04:03:52,2025-02-23 04:04:02,,,,,,,,,,,,,
577,2025-02-23 04:04:02,2025-02-23 04:05:48,,,,,,,,,,,,,
578,2025-02-23 04:05:48,2025-02-23 04:07:35,,,,,,,,,,,,,
579,2025-02-23 04:07:35,2025-02-23 04:13:03,,,,,,,,,,,,,
580,2025-02-23 04:13:03,2025-02-23 04:18:19,,,,,,,,,,,,,
581,2025-02-23 04:18:19,2025-02-23 04:19:54,,,,,,,,,,,,,
582,2025-02-23 04:19:54,2025-02-23 04:42:22,00:22:29.4317350,,,,,,,,,,,,
583,2025-02-23 04:44:08,2025-02-23 04:55:18,,,,,,,,,,,,,
584,2025-02-23 04:55:18,2025-02-23 05:04:02,,,,,,,,,,,,,
585,2025-02-23 05:04:02,2025-02-23 05:13:12,,,,,,,,,,,,,
586,2025-02-23 05:13:12,2025-02-23 05:23:42,,,,,,,,,,,,,
587,2025-02-23 05:23:42,2025-02-23 05:27:13,,,,,,,,,,,,,
588,2025-02-23 05:27:24,2025-02-23 05:27:27,,,,,,,,,,,,,
589,2025-02-25 04:15:31,2025-02-25 04:15:58,,,,,,,,,,,,,
590,2025-02-25 04:15:58,2025-02-25 04:36:39,,,,,,,,,,,,,
591,2025-02-25 04:36:39,2025-02-25 04:38:31,,,,,,,,,,,,,
592,2025-02-25 04:38:31,2025-02-25 04:40:13,,,,,,,,,,,,,
593,2025-02-25 04:40:13,2025-02-25 04:40:20,,,,,,,,,,,,,
594,2025-02-25 04:40:20,2025-02-25 04:41:54,,,,,,,,,,,,,
595,2025-02-25 04:42:47,2025-02-25 04:50:45,,,,,,,,,,,,,
596,2025-02-25 04:50:45,2025-02-25 04:52:23,,,,,,,,,,,,,
597,2025-02-25 04:52:23,2025-02-25 04:52:32,,,,,,,,,,,,,
598,2025-02-25 04:52:32,2025-02-25 04:54:25,,,,,,,,,,,,,
599,2025-02-25 04:54:25,2025-02-25 04:59:48,,,,,,,,,,,,,
600,2025-02-25 04:59:48,2025-02-25 05:04:55,,,,,,,,,,,,,
601,2025-02-25 05:04:55,2025-02-25 05:19:03,,,,,,,,,,,,,
602,2025-02-25 05:19:03,2025-02-25 05:19:12,,,,,,,,,,,,,
603,2025-02-25 05:19:12,2025-02-25 05:25:21,,,,,,,,,,,,,
604,2025-02-25 05:25:21,2025-02-25 05:29:09,,,,,,,,,,,,,
605,2025-02-25 05:29:09,2025-02-25 05:31:01,,,,,,,,,,,,,
606,2025-02-25 05:31:01,2025-02-25 05:45:58,,,,,,,,,,,,,
607,2025-02-25 05:45:58,2025-02-25 05:47:43,,,,,,,,,,,,,
608,2025-02-25 05:47:43,2025-02-25 05:51:27,,,,,,,,,,,,,
609,2025-02-25 05:51:27,2025-02-25 06:09:58,00:18:32.4120240,,,,,,,,,,,,
610,2025-02-26 23:48:50,2025-02-26 23:52:16,,,,,,,,,,,,,
611,2025-02-26 23:52:16,2025-02-27 00:08:08,,,,,,,,,,,,,
612,2025-02-27 00:08:08,2025-02-27 00:09:45,,,,,,,,,,,,,
613,2025-02-27 00:09:45,2025-02-27 00:15:20,,,,,,,,,,,,,
614,2025-02-27 00:15:20,2025-02-27 00:17:07,,,,,,,,,,,,,
615,2025-02-27 00:17:07,2025-02-27 00:22:43,,,,,,,,,,,,,
616,2025-02-27 00:22:43,2025-02-27 00:25:08,,,,,,,,,,,,,
617,2025-02-27 00:25:08,2025-02-27 00:33:55,,,,,,,,,,,,,
618,2025-02-27 00:33:55,2025-02-27 00:35:29,,,,,,,,,,,,,
619,2025-02-27 00:35:29,2025-02-27 00:39:38,,,,,,,,,,,,,
620,2025-02-27 00:39:38,2025-02-27 00:50:17,,,,,,,,,,,,,
621,2025-02-27 00:50:17,2025-02-27 01:09:06,,,,,,,,,,,,,
622,2025-02-28 04:01:41,2025-02-28 04:03:25,,,,,,,,,,,,,
623,2025-02-28 04:03:25,2025-02-28 04:11:53,,,,,,,,,,,,,
624,2025-02-28 04:11:53,2025-02-28 04:33:55,,,,,,,,,,,,,
625,2025-02-28 04:34:40,2025-02-28 04:34:50,,,,,,,,,,,,,
626,2025-02-28 04:34:50,2025-02-28 04:36:43,,,,,,,,,,,,,
627,2025-02-28 04:36:43,2025-02-28 04:38:51,,,,,,,,,,,,,
628,2025-02-28 04:38:51,2025-02-28 04:39:23,,,,,,,,,,,,,
629,2025-02-28 04:39:23,2025-02-28 04:56:13,,,,,,,,,,,,,
630,2025-02-28 04:56:13,2025-02-28 05:04:32,,,,,,,,,,,,,
631,2025-02-28 05:04:32,2025-02-28 05:06:22,,,,,,,,,,,,,
632,2025-02-28 05:06:22,2025-02-28 05:24:02,,,,,,,,,,,,,
633,2025-02-28 05:24:02,2025-02-28 05:31:45,,,,,,,,,,,,,
634,2025-02-28 05:31:45,2025-02-28 05:33:30,,,,,,,,,,,,,
635,2025-02-28 05:33:30,2025-02-28 05:35:31,,,,,,,,,,,,,
636,2025-02-28 05:35:31,2025-02-28 05:37:46,,,,,,,,,,,,,
637,2025-02-28 05:37:46,2025-02-28 05:59:17,,,,,,,,,,,,,
638,2025-02-28 05:59:17,2025-02-28 06:01:24,,,,,,,,,,,,,
639,2025-02-28 06:01:24,2025-02-28 06:02:56,,,,,,,,,,,,,
640,2025-02-28 06:02:56,2025-02-28 06:35:22,,,,,,,,,,,,,
641,2025-03-01 04:17:22,2025-03-01 04:18:30,,,,,,,,,,,,,
642,2025-03-01 04:18:30,2025-03-01 04:38:55,00:20:26.1181044,,,,,,,,,,,,
643,2025-03-01 04:43:25,2025-03-01 05:02:59,00:19:35.1685221,,,,,,,,,,,,
644,2025-03-01 05:06:16,2025-03-01 05:30:28,,,,,,,,,,,,,
645,2025-03-01 05:30:34,2025-03-01 05:30:45,,,,,,,,,,,,,
646,2025-03-01 05:46:26,2025-03-01 05:49:36,,,,,,,,,,,,,
647,2025-03-01 05:49:36,2025-03-01 06:11:32,,,,,,,,,,,,,
648,2025-03-01 06:11:32,2025-03-01 06:34:42,,,,,,,,,,,,,
649,2025-03-02 02:52:56,2025-03-02 02:53:22,,,,,,,,,,,,,
650,2025-03-02 02:53:22,2025-03-02 03:14:22,00:21:01.6350211,,,,,,,,,,,,
651,2025-03-02 03:21:08,2025-03-02 03:22:42,,,,,,,,,,,,,
652,2025-03-02 03:22:42,2025-03-02 03:32:45,,,,,,,,,,,,,
653,2025-03-02 03:32:45,2025-03-02 04:31:59,,,,,,,,,,,,,
654,2025-03-02 04:31:59,2025-03-02 04:43:45,,,,,,,,,,,,,
655,2025-03-02 04:43:45,2025-03-02 04:50:54,,,,,,,,,,,,,
656,2025-03-02 04:50:54,2025-03-02 05:03:42,,,,,,,,,,,,,
657,2025-03-02 05:03:42,2025-03-02 05:05:20,,,,,,,,,,,,,
658,2025-03-02 05:05:20,2025-03-02 05:10:21,,,,,,,,,,,,,
659,2025-03-02 05:10:21,2025-03-02 05:39:27,,,,,,,,,,,,,
660,2025-03-02 05:52:44,2025-03-02 05:53:37,,,,,,,,,,,,,
661,2025-03-02 05:54:05,2025-03-02 06:05:06,,,,,,,,,,,,,
662,2025-03-02 06:05:06,2025-03-02 06:20:46,,,,,,,,,,,,,
663,2025-03-05 06:20:29,2025-03-05 06:20:50,,,,,,,,,,,,,
664,2025-03-05 06:20:50,2025-03-05 06:28:33,,,,,,,,,,,,,
665,2025-03-05 06:28:33,2025-03-05 06:40:49,,,,,,,,,,,,,
666,2025-03-05 06:40:49,2025-03-05 06:42:56,,,,,,,,,,,,,
667,2025-03-05 06:42:56,2025-03-05 06:45:54,,,,,,,,,,,,,
668,2025-03-05 06:45:54,2025-03-05 06:47:34,,,,,,,,,,,,,
669,2025-03-05 06:47:34,2025-03-05 06:49:55,,,,,,,,,,,,,
670,2025-03-05 06:49:55,2025-03-05 06:51:29,,,,,,,,,,,,,
671,2025-03-05 06:51:29,2025-03-05 06:53:36,,,,,,,,,,,,,
672,2025-03-05 06:53:36,2025-03-05 07:02:00,,,,,,,,,,,,,
673,2025-03-05 07:02:00,2025-03-05 07:40:16,,,,,,,,,,,,,
674,2025-03-06 03:44:35,2025-03-06 03:44:39,,,,,,,,,,,,,
675,2025-03-06 03:52:06,2025-03-06 03:52:41,,,,,,,,,,,,,
676,2025-03-06 04:17:32,2025-03-06 04:17:34,,,,,,,,,,,,,
677,2025-03-06 04:17:35,2025-03-06 04:17:36,,,,,,,,,,,,,
678,2025-03-06 04:24:28,2025-03-06 04:42:59,00:18:32.8283272,,,,,,,,,,,,
679,2025-03-06 04:45:48,2025-03-06 04:46:06,,,,,,,,,,,,,
680,2025-03-06 04:48:19,2025-03-06 05:07:56,00:19:38.0330095,,,,,,,,,,,,
681,2025-03-06 05:13:42,2025-03-06 05:34:13,00:20:32.7963663,,,,,,,,,,,,
682,2025-03-06 05:38:01,2025-03-06 05:38:06,,,,,,,,,,,,,
683,2025-03-06 05:42:38,2025-03-06 05:42:49,,,,,,,,,,,,,
684,2025-03-06 05:42:49,2025-03-06 05:46:39,,,,,,,,,,,,,
685,2025-03-06 05:46:39,2025-03-06 06:03:36,,,,,,,,,,,,,
686,2025-03-06 06:03:36,2025-03-06 06:05:20,,,,,,,,,,,,,
687,2025-03-06 06:05:20,2025-03-06 06:06:54,,,,,,,,,,,,,
688,2025-03-06 06:06:54,2025-03-06 06:14:35,,,,,,,,,,,,,
689,2025-03-06 06:14:35,2025-03-06 06:16:18,,,,,,,,,,,,,
690,2025-03-06 06:16:18,2025-03-06 06:17:50,,,,,,,,,,,,,
691,2025-03-06 06:17:50,2025-03-06 06:17:59,,,,,,,,,,,,,
692,2025-03-06 06:17:59,2025-03-06 06:53:03,,,,,,,,,,,,,
693,2025-03-08 03:56:05,2025-03-08 04:31:22,,,,,,,,,,,,,
694,2025-03-08 04:31:22,2025-03-08 04:32:02,,,,,,,,,,,,,
695,2025-03-08 04:32:02,2025-03-08 04:33:03,,,,,,,,,,,,,
696,2025-03-08 04:33:03,2025-03-08 04:34:40,,,,,,,,,,,,,
697,2025-03-08 04:34:40,2025-03-08 04:40:28,,,,,,,,,,,,,
698,2025-03-08 04:40:28,2025-03-08 04:42:12,,,,,,,,,,,,,
699,2025-03-08 04:42:12,2025-03-08 04:43:44,,,,,,,,,,,,,
700,2025-03-08 04:43:44,2025-03-08 04:51:54,,,,,,,,,,,,,
701,2025-03-08 04:51:54,2025-03-08 05:05:51,,,,,,,,,,,,,
702,2025-03-08 05:05:51,2025-03-08 05:14:21,,,,,,,,,,,,,
703,2025-03-08 05:14:21,2025-03-08 05:29:30,,,,,,,,,,,,,
704,2025-03-08 05:29:30,2025-03-08 05:32:03,,,,,,,,,,,,,
705,2025-03-08 05:32:03,2025-03-08 05:34:55,,,,,,,,,,,,,
706,2025-03-08 05:34:55,2025-03-08 05:36:13,,,,,,,,,,,,,
707,2025-03-08 05:36:13,2025-03-08 05:37:49,,,,,,,,,,,,,
708,2025-03-08 05:37:49,2025-03-08 05:39:36,,,,,,,,,,,,,
709,2025-03-08 05:39:36,2025-03-08 05:44:01,,,,,,,,,,,,,
710,2025-03-08 05:44:01,2025-03-08 05:46:25,,,,,,,,,,,,,
711,2025-03-08 05:46:25,2025-03-08 05:48:13,,,,,,,,,,,,,
712,2025-03-08 05:48:13,2025-03-08 06:07:14,,,,,,,,,,,,,
713,2025-03-08 06:07:14,2025-03-08 06:16:22,,,,,,,,,,,,,
714,2025-03-08 06:16:22,2025-03-08 06:19:48,,,,,,,,,,,,,
715,2025-03-08 06:19:48,2025-03-08 06:21:41,,,,,,,,,,,,,
716,2025-03-08 06:21:41,2025-03-08 06:21:49,,,,,,,,,,,,,
717,2025-03-08 06:21:49,2025-03-08 06:23:37,,,,,,,,,,,,,
718,2025-03-08 06:23:37,2025-03-08 06:25:24,,,,,,,,,,,,,
719,2025-03-08 06:25:24,2025-03-08 06:26:59,,,,,,,,,,,,,
720,2025-03-08 06:26:59,2025-03-08 06:41:32,,,,,,,,,,,,,
721,2025-03-08 06:41:32,2025-03-08 06:43:20,,,,,,,,,,,,,
722,2025-03-08 06:43:20,2025-03-08 07:03:43,00:20:24.9978536,,,,,,,,,,,,
723,2025-03-09 03:40:19,2025-03-09 03:40:23,,,,,,,,,,,,,
724,2025-03-09 04:44:25,2025-03-09 04:45:56,,,,,,,,,,,,,
725,2025-03-09 04:45:56,2025-03-09 04:46:34,,,,,,,,,,,,,
726,2025-03-09 04:46:34,2025-03-09 04:47:57,,,,,,,,,,,,,
727,2025-03-09 04:47:57,2025-03-09 04:48:50,,,,,,,,,,,,,
728,2025-03-09 04:48:50,2025-03-09 04:53:49,,,,,,,,,,,,,
729,2025-03-09 04:53:49,2025-03-09 04:55:21,,,,,,,,,,,,,
730,2025-03-09 04:55:21,2025-03-09 05:23:13,,,,,,,,,,,,,
731,2025-03-09 05:23:13,2025-03-09 05:33:40,,,,,,,,,,,,,
732,2025-03-09 05:33:40,2025-03-09 05:35:02,,,,,,,,,,,,,
733,2025-03-09 05:35:02,2025-03-09 05:36:43,,,,,,,,,,,,,
734,2025-03-09 05:36:43,2025-03-09 05:41:33,,,,,,,,,,,,,
735,2025-03-09 05:41:33,2025-03-09 05:46:45,,,,,,,,,,,,,
736,2025-03-09 05:46:45,2025-03-09 05:49:31,,,,,,,,,,,,,
737,2025-03-09 05:49:31,2025-03-09 05:52:32,,,,,,,,,,,,,
738,2025-03-09 05:52:32,2025-03-09 06:07:41,,,,,,,,,,,,,
739,2025-03-09 06:07:41,2025-03-09 06:08:43,,,,,,,,,,,,,
740,2025-03-09 06:08:43,2025-03-09 06:10:19,,,,,,,,,,,,,
741,2025-03-09 06:10:19,2025-03-09 06:12:15,,,,,,,,,,,,,
742,2025-03-09 06:12:15,2025-03-09 06:13:55,,,,,,,,,,,,,
743,2025-03-09 06:13:55,2025-03-09 06:21:30,,,,,,,,,,,,,
744,2025-03-09 06:21:30,2025-03-09 06:24:42,,,,,,,,,,,,,
745,2025-03-09 06:24:42,2025-03-09 06:28:33,,,,,,,,,,,,,
746,2025-03-09 06:28:33,2025-03-09 06:33:19,,,,,,,,,,,,,
747,2025-03-09 06:33:19,2025-03-09 06:34:21,,,,,,,,,,,,,
748,2025-03-09 06:34:21,2025-03-09 06:36:14,,,,,,,,,,,,,
749,2025-03-09 06:36:14,2025-03-09 06:49:26,,,,,,,,,,,,,
750,2025-03-09 06:49:26,2025-03-09 06:53:59,,,,,,,,,,,,,
751,2025-03-09 06:53:59,2025-03-09 06:57:08,,,,,,,,,,,,,
752,2025-03-09 06:57:08,2025-03-09 06:57:17,,,,,,,,,,,,,
753,2025-03-09 06:57:17,2025-03-09 07:05:53,,,,,,,,,,,,,
754,2025-03-13 04:15:30,2025-03-13 04:15:40,,,,,,,,,,,,,
755,2025-03-13 04:16:28,2025-03-13 04:41:34,,,,,,,,,,,,,
756,2025-03-13 04:41:34,2025-03-13 04:41:45,,,,,,,,,,,,,
757,2025-03-13 04:41:45,2025-03-13 04:43:30,,,,,,,,,,,,,
758,2025-03-13 04:43:30,2025-03-13 04:52:35,,,,,,,,,,,,,
759,2025-03-13 04:52:35,2025-03-13 04:54:08,,,,,,,,,,,,,
760,2025-03-13 04:54:08,2025-03-13 04:55:41,,,,,,,,,,,,,
761,2025-03-13 04:55:41,2025-03-13 04:57:20,,,,,,,,,,,,,
762,2025-03-13 04:57:20,2025-03-13 04:58:48,,,,,,,,,,,,,
763,2025-03-13 04:58:48,2025-03-13 05:03:53,,,,,,,,,,,,,
764,2025-03-13 05:03:53,2025-03-13 05:05:26,,,,,,,,,,,,,
765,2025-03-13 05:05:26,2025-03-13 05:07:21,,,,,,,,,,,,,
766,2025-03-13 05:07:21,2025-03-13 05:08:57,,,,,,,,,,,,,
767,2025-03-13 05:08:57,2025-03-13 05:09:05,,,,,,,,,,,,,
768,2025-03-13 05:09:05,2025-03-13 05:17:08,,,,,,,,,,,,,
769,2025-03-13 05:17:08,2025-03-13 05:19:18,,,,,,,,,,,,,
770,2025-03-13 05:19:18,2025-03-13 05:26:44,,,,,,,,,,,,,
771,2025-03-13 05:26:44,2025-03-13 05:28:19,,,,,,,,,,,,,
772,2025-03-13 05:28:19,2025-03-13 05:30:02,,,,,,,,,,,,,
773,2025-03-13 05:30:02,2025-03-13 05:31:36,,,,,,,,,,,,,
774,2025-03-13 05:31:36,2025-03-13 05:33:14,,,,,,,,,,,,,
775,2025-03-13 05:33:14,2025-03-13 05:37:15,,,,,,,,,,,,,
776,2025-03-13 05:37:15,2025-03-13 05:38:21,,,,,,,,,,,,,
777,2025-03-13 05:38:21,2025-03-13 05:43:10,,,,,,,,,,,,,
778,2025-03-13 05:43:10,2025-03-13 05:51:17,,,,,,,,,,,,,
779,2025-03-13 05:51:17,2025-03-13 05:54:10,,,,,,,,,,,,,
780,2025-03-17 22:50:13,2025-03-17 22:50:50,,,,,,,,,,,,,
781,2025-03-17 23:11:34,2025-03-17 23:12:07,,,,,,,,,,,,,
782,2025-03-17 23:12:07,2025-03-17 23:25:02,,,,,,,,,,,,,
783,2025-03-17 23:25:02,2025-03-17 23:26:06,,,,,,,,,,,,,
784,2025-03-17 23:26:06,2025-03-17 23:46:40,00:20:34.7158856,,,,,,,,,,,,
785,2025-03-17 23:48:46,2025-03-17 23:59:44,,,,,,,,,,,,,
786,2025-03-17 23:59:44,2025-03-18 00:01:35,,,,,,,,,,,,,
787,2025-03-18 00:01:35,2025-03-18 00:03:27,,,,,,,,,,,,,
788,2025-03-18 00:03:27,2025-03-18 00:06:53,,,,,,,,,,,,,
789,2025-03-18 00:06:53,2025-03-18 00:10:00,,,,,,,,,,,,,
790,2025-03-18 00:10:00,2025-03-18 00:11:35,,,,,,,,,,,,,
791,2025-03-18 00:11:35,2025-03-18 00:12:59,,,,,,,,,,,,,
792,2025-03-18 00:12:59,2025-03-18 00:14:30,,,,,,,,,,,,,
793,2025-03-18 00:14:30,2025-03-18 00:17:04,,,,,,,,,,,,,
794,2025-03-18 00:17:04,2025-03-18 00:18:28,,,,,,,,,,,,,
795,2025-03-18 00:18:28,2025-03-18 00:20:13,,,,,,,,,,,,,
796,2025-03-18 00:20:13,2025-03-18 00:27:40,,,,,,,,,,,,,
797,2025-03-18 00:27:40,2025-03-18 00:46:20,,,,,,,,,,,,,
798,2025-03-18 00:46:57,2025-03-18 00:49:20,,,,,,,,,,,,,
799,2025-03-18 00:49:20,2025-03-18 00:53:30,,,,,,,,,,,,,
800,2025-03-18 03:05:07,2025-03-18 03:07:24,,,,,,,,,,,,,
801,2025-03-18 03:07:24,2025-03-18 03:09:46,,,,,,,,,,,,,
802,2025-03-18 03:09:46,2025-03-18 03:11:22,,,,,,,,,,,,,
803,2025-03-18 03:11:22,2025-03-18 03:12:27,,,,,,,,,,,,,
804,2025-03-18 03:12:27,2025-03-18 03:18:11,,,,,,,,,,,,,
805,2025-03-18 03:18:11,2025-03-18 03:20:17,,,,,,,,,,,,,
806,2025-03-18 03:20:17,2025-03-18 03:23:15,,,,,,,,,,,,,
807,2025-03-18 03:23:15,2025-03-18 03:26:38,,,,,,,,,,,,,
808,2025-03-18 03:26:38,2025-03-18 03:28:39,,,,,,,,,,,,,
809,2025-03-18 03:28:39,2025-03-18 03:30:32,,,,,,,,,,,,,
810,2025-03-18 03:30:32,2025-03-18 03:35:52,,,,,,,,,,,,,
811,2025-03-18 03:35:52,2025-03-18 03:36:57,,,,,,,,,,,,,
812,2025-03-18 03:36:58,2025-03-18 03:39:36,,,,,,,,,,,,,
813,2025-03-18 03:39:36,2025-03-18 03:41:51,,,,,,,,,,,,,
814,2025-03-18 03:42:28,2025-03-18 03:44:06,,,,,,,,,,,,,
815,2025-03-18 03:44:06,2025-03-18 03:53:29,,,,,,,,,,,,,
816,2025-03-18 03:53:29,2025-03-18 03:57:52,,,,,,,,,,,,,
817,2025-03-18 03:57:52,2025-03-18 04:03:48,,,,,,,,,,,,,
818,2025-03-18 04:03:48,2025-03-18 04:07:16,,,,,,,,,,,,,
819,2025-03-18 04:07:16,2025-03-18 04:07:25,,,,,,,,,,,,,
820,2025-03-18 04:07:25,2025-03-18 04:09:06,,,,,,,,,,,,,
821,2025-03-18 04:09:06,2025-03-18 04:12:22,,,,,,,,,,,,,
822,2025-03-18 04:12:22,2025-03-18 04:17:57,,,,,,,,,,,,,
823,2025-03-18 04:17:57,2025-03-18 04:32:02,,,,,,,,,,,,,
824,2025-03-18 04:32:02,2025-03-18 04:40:59,,,,,,,,,,,,,
825,2025-03-18 04:40:59,2025-03-18 04:42:26,,,,,,,,,,,,,
826,2025-03-18 04:42:26,2025-03-18 04:45:26,,,,,,,,,,,,,
827,2025-03-18 04:45:26,2025-03-18 05:03:03,,,,,,,,,,,,,
828,2025-03-18 05:03:03,2025-03-18 05:04:05,,,,,,,,,,,,,
829,2025-03-18 05:04:05,2025-03-18 05:05:49,,,,,,,,,,,,,
830,2025-03-18 05:05:49,2025-03-18 05:07:48,,,,,,,,,,,,,
831,2025-03-18 05:07:48,2025-03-18 05:13:53,,,,,,,,,,,,,
832,2025-03-18 05:13:53,2025-03-18 05:17:09,,,,,,,,,,,,,
833,2025-03-18 05:17:09,2025-03-18 05:18:56,,,,,,,,,,,,,
834,2025-03-18 05:18:56,2025-03-18 05:27:18,,,,,,,,,,,,,
835,2025-03-18 05:27:18,2025-03-18 05:29:05,,,,,,,,,,,,,
836,2025-03-18 05:29:05,2025-03-18 05:32:02,,,,,,,,,,,,,
837,2025-03-18 05:32:02,2025-03-18 05:34:09,,,,,,,,,,,,,
838,2025-03-18 05:34:09,2025-03-18 05:46:13,,,,,,,,,,,,,
839,2025-03-18 05:46:13,2025-03-18 05:55:57,,,,,,,,,,,,,
840,2025-03-22 05:06:31,2025-03-22 05:06:45,,,,,,,,,,,,,
841,2025-03-22 05:06:45,2025-03-22 05:15:07,,,,,,,,,,,,,
842,2025-03-22 05:15:07,2025-03-22 05:16:09,,,,,,,,,,,,,
843,2025-03-22 05:16:09,2025-03-22 05:17:45,,,,,,,,,,,,,
844,2025-03-22 05:17:45,2025-03-22 05:19:40,,,,,,,,,,,,,
845,2025-03-22 05:19:40,2025-03-22 05:22:03,,,,,,,,,,,,,
846,2025-03-22 05:22:03,2025-03-22 05:22:59,,,,,,,,,,,,,
847,2025-03-22 05:22:59,2025-03-22 05:33:39,,,,,,,,,,,,,
848,2025-03-22 05:33:39,2025-03-22 05:40:55,,,,,,,,,,,,,
849,2025-03-22 05:40:55,2025-03-22 06:30:25,,,,,,,,,,,,,
850,2025-03-22 22:23:42,2025-03-22 22:24:28,,,,,,,,,,,,,
851,2025-03-22 22:24:28,2025-03-22 22:24:48,,,,,,,,,,,,,
852,2025-03-22 22:24:48,2025-03-22 22:24:51,,,,,,,,,,,,,
853,2025-03-22 22:24:51,2025-03-22 22:24:53,,,,,,,,,,,,,
854,2025-03-22 22:24:53,2025-03-22 22:24:55,,,,,,,,,,,,,
855,2025-03-22 22:24:55,2025-03-22 22:25:07,,,,,,,,,,,,,
856,2025-03-22 22:25:07,2025-03-22 22:25:29,,,,,,,,,,,,,
857,2025-03-22 22:25:29,2025-03-22 22:25:51,,,,,,,,,,,,,
858,2025-03-22 22:25:51,2025-03-22 22:26:29,,,,,,,,,,,,,
859,2025-03-22 22:26:29,2025-03-22 22:27:15,,,,,,,,,,,,,
860,2025-03-22 22:27:15,2025-03-22 22:28:50,,,,,,,,,,,,,
861,2025-03-22 22:28:50,2025-03-22 22:38:04,,,,,,,,,,,,,
862,2025-03-22 22:38:04,2025-03-22 22:42:02,,,,,,,,,,,,,
863,2025-03-22 22:42:02,2025-03-22 22:43:33,,,,,,,,,,,,,
864,2025-03-22 22:43:33,2025-03-22 23:07:38,,,,,,,,,,,,,
865,2025-03-22 23:07:38,2025-03-22 23:09:26,,,,,,,,,,,,,
866,2025-03-22 23:09:26,2025-03-22 23:12:22,,,,,,,,,,,,,
867,2025-03-22 23:12:22,2025-03-22 23:13:58,,,,,,,,,,,,,
868,2025-03-22 23:13:58,2025-03-22 23:16:54,,,,,,,,,,,,,
869,2025-03-22 23:16:54,2025-03-22 23:18:30,,,,,,,,,,,,,
870,2025-03-22 23:18:30,2025-03-22 23:20:52,,,,,,,,,,,,,
871,2025-03-22 23:20:52,2025-03-22 23:28:37,,,,,,,,,,,,,
872,2025-03-22 23:28:37,2025-03-22 23:30:08,,,,,,,,,,,,,
873,2025-03-22 23:30:08,2025-03-22 23:31:50,,,,,,,,,,,,,
874,2025-03-22 23:31:50,2025-03-22 23:33:38,,,,,,,,,,,,,
875,2025-03-22 23:33:38,2025-03-22 23:42:09,,,,,,,,,,,,,
876,2025-03-22 23:42:09,2025-03-22 23:43:34,,,,,,,,,,,,,
877,2025-03-22 23:43:34,2025-03-22 23:45:08,,,,,,,,,,,,,
878,2025-03-22 23:45:08,2025-03-22 23:58:30,,,,,,,,,,,,,
879,2025-03-25 03:37:00,2025-03-25 03:37:13,,,,,,,,,,,,,
880,2025-03-25 03:37:13,2025-03-25 03:42:10,,,,,,,,,,,,,
881,2025-03-25 03:42:10,2025-03-25 03:45:58,,,,,,,,,,,,,
882,2025-03-25 03:45:58,2025-03-25 03:47:38,,,,,,,,,,,,,
883,2025-03-25 03:47:38,2025-03-25 03:47:49,,,,,,,,,,,,,
884,2025-03-25 03:47:49,2025-03-25 03:49:16,,,,,,,,,,,,,
885,2025-03-25 03:49:16,2025-03-25 04:06:22,,,,,,,,,,,,,
886,2025-03-25 04:06:22,2025-03-25 04:07:24,,,,,,,,,,,,,
887,2025-03-25 04:07:24,2025-03-25 04:09:09,,,,,,,,,,,,,
888,2025-03-25 04:09:09,2025-03-25 04:24:36,,,,,,,,,,,,,
889,2025-03-25 04:24:36,2025-03-25 04:26:07,,,,,,,,,,,,,
890,2025-03-25 04:26:07,2025-03-25 04:27:53,,,,,,,,,,,,,
891,2025-03-25 04:27:53,2025-03-25 04:29:26,,,,,,,,,,,,,
892,2025-03-25 04:29:26,2025-03-25 04:30:58,,,,,,,,,,,,,
893,2025-03-25 04:30:58,2025-03-25 04:31:07,,,,,,,,,,,,,
894,2025-03-25 04:31:07,2025-03-25 04:32:40,,,,,,,,,,,,,
895,2025-03-25 04:32:40,2025-03-25 04:40:00,,,,,,,,,,,,,
896,2025-03-25 04:40:00,2025-03-25 04:41:33,,,,,,,,,,,,,
897,2025-03-25 04:41:33,2025-03-25 04:41:41,,,,,,,,,,,,,
898,2025-03-25 04:41:41,2025-03-25 04:42:44,,,,,,,,,,,,,
899,2025-03-25 04:42:44,2025-03-25 04:45:02,,,,,,,,,,,,,
900,2025-03-25 04:45:02,2025-03-25 04:46:36,,,,,,,,,,,,,
901,2025-03-25 04:46:36,2025-03-25 04:48:27,,,,,,,,,,,,,
902,2025-03-25 04:48:27,2025-03-25 04:50:06,,,,,,,,,,,,,
903,2025-03-25 04:50:06,2025-03-25 04:58:26,,,,,,,,,,,,,
904,2025-03-25 04:58:26,2025-03-25 05:02:05,,,,,,,,,,,,,
905,2025-03-25 05:02:05,2025-03-25 05:02:14,,,,,,,,,,,,,
906,2025-03-25 05:02:14,2025-03-25 05:04:23,,,,,,,,,,,,,
907,2025-03-25 05:04:23,2025-03-25 05:05:28,,,,,,,,,,,,,
908,2025-03-25 05:05:28,2025-03-25 05:07:03,,,,,,,,,,,,,
909,2025-03-25 05:07:03,2025-03-25 05:08:06,,,,,,,,,,,,,
910,2025-03-25 05:08:06,2025-03-25 05:08:47,,,,,,,,,,,,,
911,2025-03-25 05:08:47,2025-03-25 05:15:24,,,,,,,,,,,,,
912,2025-03-25 05:15:24,2025-03-25 05:22:30,,,,,,,,,,,,,
913,2025-03-25 05:22:30,2025-03-25 05:22:39,,,,,,,,,,,,,
914,2025-03-25 05:22:39,2025-03-25 05:24:21,,,,,,,,,,,,,
915,2025-03-25 05:24:21,2025-03-25 05:56:24,,,,,,,,,,,,,
916,2025-03-25 05:56:24,2025-03-25 06:03:00,,,,,,,,,,,,,
917,2025-03-25 06:03:00,2025-03-25 06:04:02,,,,,,,,,,,,,
918,2025-03-25 06:04:02,2025-03-25 06:05:10,,,,,,,,,,,,,
919,2025-03-25 06:05:10,2025-03-25 06:12:23,,,,,,,,,,,,,
920,2025-03-25 06:12:23,2025-03-25 06:13:29,,,,,,,,,,,,,
921,2025-03-28 04:31:01,2025-03-28 04:38:44,,,,,,,,,,,,,
922,2025-03-28 04:38:44,2025-03-28 04:42:07,,,,,,,,,,,,,
923,2025-03-28 04:42:07,2025-03-28 04:44:03,,,,,,,,,,,,,
924,2025-03-28 04:44:03,2025-03-28 04:45:47,,,,,,,,,,,,,
925,2025-03-28 04:45:47,2025-03-28 04:48:58,,,,,,,,,,,,,
926,2025-03-28 04:48:58,2025-03-28 04:50:37,,,,,,,,,,,,,
927,2025-03-28 04:50:37,2025-03-28 04:51:39,,,,,,,,,,,,,
928,2025-03-28 04:51:39,2025-03-28 04:56:40,,,,,,,,,,,,,
929,2025-03-28 04:56:41,2025-03-28 05:05:11,,,,,,,,,,,,,
930,2025-03-28 05:05:11,2025-03-28 05:09:26,,,,,,,,,,,,,
931,2025-03-28 05:09:26,2025-03-28 05:11:48,,,,,,,,,,,,,
932,2025-03-28 05:11:48,2025-03-28 05:31:14,00:19:27.0810878,,,,,,,,,,,,
933,2025-03-28 05:33:13,2025-03-28 05:35:02,,,,,,,,,,,,,
934,2025-03-28 05:35:02,2025-03-28 05:53:15,00:18:14.5502072,,,,,,,,,,,,
935,2025-03-28 06:00:26,2025-03-28 06:00:38,,,,,,,,,,,,,
936,2025-03-28 06:00:38,2025-03-28 06:02:15,,,,,,,,,,,,,
937,2025-03-28 06:02:15,2025-03-28 06:04:28,,,,,,,,,,,,,
938,2025-03-28 06:04:28,2025-03-28 06:07:06,,,,,,,,,,,,,
939,2025-03-28 06:07:06,2025-03-28 06:10:09,,,,,,,,,,,,,
940,2025-03-28 06:10:09,2025-03-28 06:23:31,,,,,,,,,,,,,
941,2025-03-28 06:23:31,2025-03-28 06:26:36,,,,,,,,,,,,,
942,2025-03-28 06:26:36,2025-03-28 06:31:59,,,,,,,,,,,,,
943,2025-03-28 06:31:59,2025-03-28 06:55:25,,,,,,,,,,,,,
944,2025-03-28 06:56:00,2025-03-28 06:56:02,,,,,,,,,,,,,
945,2025-03-29 04:37:32,2025-03-29 04:37:35,,,,,,,,,,,,,
946,2025-03-29 04:43:11,2025-03-29 04:43:13,,,,,,,,,,,,,
947,2025-03-29 04:47:01,2025-03-29 05:10:37,00:23:35.4423371,00:01:51.7557196,,00:05:42.3277942,,,00:00:37.0335056,00:02:20.3607112,00:00:48.0484920,00:00:57.6105325,00:02:07.8256061,00:00:55.4200417,00:03:34.6815627
948,2025-04-02 02:43:59,2025-04-02 02:44:12,,,,,,,,,,,,,
949,2025-04-02 02:44:12,2025-04-02 02:53:33,,00:01:40.4797905,00:04:06.0976254,00:01:31.9543731,,,,,,,,,
950,2025-04-02 02:53:33,2025-04-02 02:53:45,,,,,,,,,,,,,
951,2025-04-02 02:53:45,2025-04-02 02:53:59,,,,,,,,,,,,,
952,2025-04-02 02:53:59,2025-04-02 02:55:49,,,,,,,,,,,,,
953,2025-04-02 02:55:49,2025-04-02 02:56:53,,,,,,,,,,,,,
954,2025-04-02 02:56:53,2025-04-02 02:58:29,,,,,,,,,,,,,
955,2025-04-02 02:58:29,2025-04-02 03:18:49,00:20:20.7909911,00:01:39.3411103,00:03:12.0753968,00:01:31.3671061,00:03:00.4953193,,00:01:17.1325948,00:01:29.1421008,00:00:46.9587986,00:00:53.2191083,00:02:01.7296584,00:01:03.9333315,00:02:18.5947907
956,2025-04-02 03:19:19,2025-04-02 03:20:11,,,,,,,,,,,,,
957,2025-04-02 03:20:11,2025-04-02 03:25:44,,00:01:39.6046072,,,,,,,,,,,
958,2025-04-02 03:25:44,2025-04-02 03:30:47,,,,,,,,,,,,,
959,2025-04-02 03:30:47,2025-04-02 03:39:34,,00:01:38.6107232,00:03:50.5568635,00:01:23.9999069,,,,,,,,,
960,2025-04-02 03:39:34,2025-04-02 03:41:16,,,,,,,,,,,,,
961,2025-04-02 03:41:16,2025-04-02 03:42:28,,,,,,,,,,,,,
962,2025-04-02 03:42:28,2025-04-02 03:46:08,,,,,,,,,,,,,
963,2025-04-02 03:46:08,2025-04-02 03:48:48,,,,,,,,,,,,,
964,2025-04-02 03:48:48,2025-04-02 03:50:35,,,,,,,,,,,,,
965,2025-04-02 03:50:35,2025-04-02 03:52:31,,,,,,,,,,,,,
966,2025-04-02 03:52:31,2025-04-02 03:54:40,,,,,,,,,,,,,
967,2025-04-02 03:54:40,2025-04-02 04:04:26,,00:01:50.7602238,00:04:22.4881772,00:01:23.2372828,,,,,,,,,
968,2025-04-02 04:04:26,2025-04-02 04:06:16,,,,,,,,,,,,,
969,2025-04-02 04:06:16,2025-04-02 04:26:37,,00:01:37.6792240,00:03:32.2819512,00:01:26.9016906,00:02:49.0310668,,00:00:36.8656898,00:01:23.5817198,00:01:24.3069387,00:00:59.0074702,00:01:40.8945276,00:01:21.1696102,
970,2025-04-02 04:26:37,2025-04-02 04:27:26,,,,,,,,,,,,,
971,2025-04-02 04:27:26,2025-04-02 04:29:02,,,,,,,,,,,,,
972,2025-04-02 04:29:02,2025-04-02 04:29:12,,,,,,,,,,,,,
973,2025-04-02 04:29:12,2025-04-02 04:30:41,,,,,,,,,,,,,
974,2025-04-02 04:30:41,2025-04-02 04:35:29,,,,,,,,,,,,,
975,2025-04-02 04:35:29,2025-04-02 04:37:10,,,,,,,,,,,,,
976,2025-04-02 04:37:10,2025-04-02 04:46:45,,00:01:37.7924424,00:03:47.6708911,00:01:24.9689309,,,,,,,,,
977,2025-04-02 04:46:45,2025-04-02 04:47:50,,,,,,,,,,,,,
978,2025-04-04 04:42:54,2025-04-04 04:46:49,,,,,,,,,,,,,
979,2025-04-04 04:46:49,2025-04-04 05:06:34,00:19:46.7759007,00:01:51.4362968,00:03:20.9749321,00:01:24.1619288,00:02:06.8246706,,00:00:34.6025925,00:01:29.1484610,00:00:51.9126595,00:00:53.1363396,00:01:44.6581445,00:01:24.9771350,00:02:24.0296118
980,2025-04-04 05:12:10,2025-04-04 05:22:05,,00:01:37.8161845,00:03:29.7517312,00:01:23.4331624,,,,,,,,,
981,2025-04-04 05:22:05,2025-04-04 05:25:53,,,,,,,,,,,,,
982,2025-04-04 05:25:53,2025-04-04 05:28:49,,00:01:54.0871830,,,,,,,,,,,
983,2025-04-04 05:28:49,2025-04-04 05:29:56,,,,,,,,,,,,,
984,2025-04-04 05:29:56,2025-04-04 05:33:12,,00:01:39.5937017,,,,,,,,,,,
985,2025-04-04 05:33:12,2025-04-04 05:48:44,,00:01:40.2463024,00:03:29.2524646,00:01:53.5577437,00:02:09.1605113,00:01:29.2647501,00:00:35.8677713,00:01:21.6906029,00:00:46,00:01:14.5526557,,,
986,2025-04-04 05:48:44,2025-04-04 05:50:18,,,,,,,,,,,,,
987,2025-04-04 05:50:18,2025-04-04 05:51:22,,,,,,,,,,,,,
988,2025-04-04 05:51:22,2025-04-04 05:55:08,,,,,,,,,,,,,
989,2025-04-04 05:55:08,2025-04-04 05:58:58,,00:01:38.2926476,,,,,,,,,,,
990,2025-04-04 05:58:58,2025-04-04 05:59:30,,,,,,,,,,,,,
991,2025-04-05 03:55:52,2025-04-05 03:56:01,,,,,,,,,,,,,
992,2025-04-05 03:56:01,2025-04-05 03:57:37,,,,,,,,,,,,,
993,2025-04-05 03:57:37,2025-04-05 04:05:36,,00:01:38.6799796,00:03:28.9509103,00:01:26.5254938,,,,,,,,,
994,2025-04-05 04:05:36,2025-04-05 04:22:54,,,,,,,,,,,,,
995,2025-04-05 04:22:54,2025-04-05 04:24:51,,,,,,,,,,,,,
996,2025-04-05 04:24:51,2025-04-05 04:28:31,,00:01:39.0479964,,,,,,,,,,,
997,2025-04-05 04:28:31,2025-04-05 04:28:42,,,,,,,,,,,,,
998,2025-04-05 04:28:42,2025-04-05 04:29:20,,,,,,,,,,,,,
999,2025-04-05 04:29:20,2025-04-05 04:37:30,,00:01:37.9383888,00:03:22.1953322,00:01:28.4243649,,,,,,,,,
1000,2025-04-05 04:37:30,2025-04-05 04:41:27,,,,,,,,,,,,,
1001,2025-04-05 04:41:27,2025-04-05 05:03:10,00:21:44.5599541,00:01:48.2405793,00:03:21.1875713,00:01:25.4692410,00:02:09.1626758,00:01:29.7999507,00:00:34.0619042,00:01:20.4174548,00:00:44.2451976,00:00:53.7226945,00:01:39.5606377,00:01:42.2547965,00:04:36.4372507
1002,2025-04-05 05:03:24,2025-04-05 05:05:00,,,,,,,,,,,,,
1003,2025-04-05 05:05:00,2025-04-05 05:07:51,,00:01:39.8492480,,,,,,,,,,,
1004,2025-04-05 05:07:51,2025-04-05 05:08:04,,,,,,,,,,,,,
1005,2025-04-05 05:08:04,2025-04-05 05:28:34,,00:01:38.7455399,00:03:13.4959136,00:01:23.6620340,00:02:09.0835313,00:01:28.9321736,00:00:35.8846614,00:01:23.0029875,,00:01:40.6148395,00:01:38.3783877,00:01:26.8220255,
1006,2025-04-05 05:44:00,2025-04-05 05:44:10,,,,,,,,,,,,,
1007,2025-04-05 05:44:10,2025-04-05 05:45:45,,,,,,,,,,,,,
1008,2025-04-05 05:45:45,2025-04-05 05:48:20,,,,,,,,,,,,,
1009,2025-04-05 05:48:20,2025-04-05 05:49:25,,,,,,,,,,,,,
1010,2025-04-05 05:49:25,2025-04-05 05:50:29,,,,,,,,,,,,,
1011,2025-04-05 05:50:29,2025-04-05 05:52:04,,,,,,,,,,,,,
1012,2025-04-05 05:52:04,2025-04-05 05:53:38,,,,,,,,,,,,,
1013,2025-04-05 05:53:38,2025-04-05 06:01:33,,00:01:38.9994841,00:03:28.4200549,00:01:28.7650229,,,,,,,,,
1014,2025-04-05 06:01:33,2025-04-05 06:02:37,,,,,,,,,,,,,
1015,2025-04-05 06:02:37,2025-04-05 06:05:35,,,,,,,,,,,,,
1016,2025-04-05 06:05:35,2025-04-05 06:06:38,,,,,,,,,,,,,
1017,2025-04-05 06:06:38,2025-04-05 06:06:48,,,,,,,,,,,,,
1018,2025-04-05 06:06:48,2025-04-05 06:14:37,,00:01:38.9460843,00:03:22.8270791,00:01:27.0498446,,,,,,,,,
1019,2025-04-05 06:14:37,2025-04-05 06:17:28,,,,,,,,,,,,,
1020,2025-04-05 06:17:28,2025-04-05 06:19:06,,,,,,,,,,,,,
1021,2025-04-05 06:19:06,2025-04-05 06:20:46,,,,,,,,,,,,,
1022,2025-04-05 06:20:46,2025-04-05 06:21:50,,,,,,,,,,,,,
1023,2025-04-05 06:21:50,2025-04-05 06:23:30,,,,,,,,,,,,,
1024,2025-04-05 06:23:30,2025-04-05 06:25:06,,,,,,,,,,,,,
1025,2025-04-05 06:25:06,2025-04-05 06:27:39,,,,,,,,,,,,,
1026,2025-04-05 06:27:39,2025-04-05 06:40:36,,00:02:10.8613691,00:03:29.3624208,00:01:23.6827696,00:02:15.8457943,,,,,,,,
1027,2025-04-05 06:40:36,2025-04-05 06:49:07,,,,,,,,,,,,,
1028,2025-04-06 04:00:49,2025-04-06 04:01:52,,,,,,,,,,,,,
1029,2025-04-06 04:01:52,2025-04-06 04:10:48,,00:01:48.0276790,00:03:22.4403595,00:02:09.3296038,,,,,,,,,
1030,2025-04-06 04:10:48,2025-04-06 04:14:00,,00:01:39.6469817,,,,,,,,,,,
1031,2025-04-06 04:14:00,2025-04-06 04:15:44,,,,,,,,,,,,,
1032,2025-04-06 04:15:44,2025-04-06 04:17:30,,,,,,,,,,,,,
1033,2025-04-06 04:17:30,2025-04-06 04:19:07,,,,,,,,,,,,,
1034,2025-04-06 04:19:07,2025-04-06 04:19:23,,,,,,,,,,,,,
1035,2025-04-06 04:19:23,2025-04-06 04:21:50,,,,,,,,,,,,,
1036,2025-04-06 04:21:50,2025-04-06 04:40:13,00:18:25.2341777,00:01:39.0360040,00:03:24.5786565,00:01:23.5501099,00:02:04.6315897,00:01:27.1010736,00:00:34.1428215,00:01:21.6526600,00:00:45.5820678,00:00:54.1991400,00:01:39.9336979,00:01:20.4265611,00:01:50.3997957
1037,2025-04-06 04:58:58,2025-04-06 05:13:25,,00:01:38.2696830,00:03:13.6066403,00:01:30.0445367,,,,,,,,,
1038,2025-04-06 05:13:25,2025-04-06 05:21:03,,00:01:48.6192754,00:03:14.0543996,00:01:26.3157324,,,,,,,,,
1039,2025-04-06 05:21:03,2025-04-06 05:22:57,,,,,,,,,,,,,
1040,2025-04-06 05:22:57,2025-04-06 05:23:13,,,,,,,,,,,,,
1041,2025-04-06 05:23:13,2025-04-06 05:25:05,,,,,,,,,,,,,
1042,2025-04-06 05:25:05,2025-04-06 05:26:12,,,,,,,,,,,,,
1043,2025-04-06 05:26:12,2025-04-06 05:28:05,,,,,,,,,,,,,
1044,2025-04-06 05:28:05,2025-04-06 05:29:09,,,,,,,,,,,,,
1045,2025-04-06 05:29:09,2025-04-06 05:38:53,,00:01:37.4930256,00:03:29.6816887,00:01:25.8951211,00:02:00.4918679,,,,,,,,
1046,2025-04-06 05:38:53,2025-04-06 05:40:41,,,,,,,,,,,,,
1047,2025-04-06 05:40:41,2025-04-06 05:41:46,,,,,,,,,,,,,
1048,2025-04-06 05:41:46,2025-04-06 05:49:33,,00:01:40.0335765,00:03:27.0187936,00:01:28.9629043,,,,,,,,,
1049,2025-04-06 05:49:33,2025-04-06 05:54:51,,00:01:39.2161115,00:03:34.7068241,,,,,,,,,,
1050,2025-04-06 05:54:51,2025-04-06 05:55:55,,,,,,,,,,,,,
1051,2025-04-06 05:55:55,2025-04-06 05:56:56,,,,,,,,,,,,,
1052,2025-04-06 05:56:56,2025-04-06 05:57:59,,,,,,,,,,,,,
1053,2025-04-06 05:57:59,2025-04-06 06:08:48,,00:01:37.8295449,00:03:24.0551048,00:01:27.6133148,00:02:09.4999007,00:01:26.8141673,00:00:34.4598908,,,,,,
1054,2025-04-06 06:08:48,2025-04-06 06:09:01,,,,,,,,,,,,,
1055,2025-04-06 06:09:01,2025-04-06 06:16:20,,00:01:39.3949361,00:03:23.4879107,00:01:39.2059499,,,,,,,,,
1056,2025-04-06 06:16:20,2025-04-06 06:18:21,,,,,,,,,,,,,
1057,2025-04-06 06:18:21,2025-04-06 06:29:48,,00:01:40.3913275,00:03:22.9550875,00:01:31.0511919,00:02:04.1198523,,,,,,,,
1058,2025-04-06 06:29:48,2025-04-06 06:30:54,,,,,,,,,,,,,
1059,2025-04-06 06:30:54,2025-04-06 06:32:31,,,,,,,,,,,,,
1060,2025-04-06 06:32:31,2025-04-06 06:32:40,,,,,,,,,,,,,
1061,2025-04-06 06:32:40,2025-04-06 06:33:44,,,,,,,,,,,,,
1062,2025-04-06 06:33:44,2025-04-06 06:35:21,,,,,,,,,,,,,
1063,2025-04-06 06:35:21,2025-04-06 06:36:24,,,,,,,,,,,,,
1064,2025-04-06 06:36:24,2025-04-06 06:38:57,,00:01:38.0370562,,,,,,,,,,,
1065,2025-04-06 06:38:57,2025-04-06 06:46:44,,00:01:38.3237531,00:03:13.6059263,00:01:26.4665038,,,,,,,,,
1066,2025-04-06 06:46:45,2025-04-06 06:50:41,,,,,,,,,,,,,
1067,2025-04-06 06:50:41,2025-04-06 06:51:44,,,,,,,,,,,,,
1068,2025-04-06 06:51:44,2025-04-06 07:11:42,00:19:59.2015830,00:01:37.8300517,00:03:30.4847769,00:01:29.7712807,00:02:14.3407910,00:01:28.0554157,00:00:35.1194501,00:01:21.6282320,00:00:40.6902707,00:00:54.2259507,00:02:55.4333322,00:01:17.9783360,00:01:53.6436953
1069,2025-04-06 07:17:10,2025-04-06 09:09:13,,,,,,,,,,,,,
1070,2025-04-08 04:07:44,2025-04-08 04:09:19,,,,,,,,,,,,,
1071,2025-04-08 04:09:19,2025-04-08 04:10:54,,,,,,,,,,,,,
1072,2025-04-08 04:10:54,2025-04-08 04:12:30,,,,,,,,,,,,,
1073,2025-04-08 04:12:30,2025-04-08 04:33:04,,00:01:37.9880486,00:03:22.3123549,00:01:31.1048826,00:02:10.3698819,00:01:26.4068030,00:00:34.2433701,00:01:22.7291368,00:00:55.8391248,00:01:02.7206719,00:01:56.9009033,00:00:58.4853445,
1074,2025-04-08 04:33:04,2025-04-08 04:54:54,,00:01:38.7514896,00:03:32.4279652,00:01:26.0996296,00:02:18.8896419,00:01:32.0427684,00:00:34.8020463,00:01:18.8476273,00:00:45.5108943,00:00:55.1237577,00:01:39.1415230,00:00:58.2714452,
1075,2025-04-08 04:54:54,2025-04-08 05:02:50,,00:01:38.3363044,00:03:23.6193421,00:01:39.3711333,,,,,,,,,
1076,2025-04-08 05:02:50,2025-04-08 05:09:40,,00:01:38.6121790,,,,,,,,,,,
1077,2025-04-08 05:09:40,2025-04-08 05:09:56,,,,,,,,,,,,,
1078,2025-04-08 05:09:56,2025-04-08 05:10:08,,,,,,,,,,,,,
1079,2025-04-08 05:10:08,2025-04-08 05:11:11,,,,,,,,,,,,,
1080,2025-04-08 05:11:11,2025-04-08 05:12:45,,,,,,,,,,,,,
1081,2025-04-08 05:12:45,2025-04-08 05:17:47,,00:01:48.3281074,,,,,,,,,,,
1082,2025-04-08 05:17:47,2025-04-08 05:18:01,,,,,,,,,,,,,
1083,2025-04-08 05:18:01,2025-04-08 05:19:07,,,,,,,,,,,,,
1084,2025-04-08 05:19:07,2025-04-08 05:21:51,,,,,,,,,,,,,
1085,2025-04-08 05:21:51,2025-04-08 05:23:02,,,,,,,,,,,,,
1086,2025-04-08 05:23:02,2025-04-08 05:25:08,,00:01:48.9383664,,,,,,,,,,,
1087,2025-04-08 05:25:08,2025-04-08 05:33:27,,00:01:37.6934511,00:03:20.5734940,00:01:24.5969908,,,,,,,,,
1088,2025-04-10 02:37:15,2025-04-10 02:38:49,,,,,,,,,,,,,
1089,2025-04-10 02:38:49,2025-04-10 02:39:52,,,,,,,,,,,,,
1090,2025-04-10 02:39:52,2025-04-10 02:42:40,,00:01:37.7540617,,,,,,,,,,,
1091,2025-04-10 02:42:40,2025-04-10 02:55:30,,00:01:38.6890232,00:03:34.0544988,00:01:26.7274507,00:02:14.1060786,00:01:27.2961038,00:00:34.0417394,00:01:32.8700541,,,,,
1092,2025-04-10 02:55:30,2025-04-10 02:57:03,,,,,,,,,,,,,
1093,2025-04-10 02:57:03,2025-04-10 02:58:29,,,,,,,,,,,,,
1094,2025-04-10 02:58:29,2025-04-10 02:59:32,,,,,,,,,,,,,
1095,2025-04-10 02:59:32,2025-04-10 03:02:36,,,,,,,,,,,,,
1096,2025-04-10 03:02:36,2025-04-10 03:03:40,,,,,,,,,,,,,
1097,2025-04-10 03:03:40,2025-04-10 03:24:09,00:20:29.4316184,00:01:38.3244147,00:03:28.9401127,00:01:24.0898345,00:02:09.7819441,00:01:34.9570312,00:00:38.4234334,00:01:24.2684592,00:00:48.0513288,00:00:49.5246208,00:01:38.6633826,00:00:59.2030335,00:03:55.2040229
1098,2025-04-10 03:24:13,2025-04-10 03:25:13,,,,,,,,,,,,,
1099,2025-04-10 03:25:13,2025-04-10 03:26:50,,,,,,,,,,,,,
1100,2025-04-10 03:26:50,2025-04-10 03:26:59,,,,,,,,,,,,,
1101,2025-04-10 03:26:59,2025-04-10 03:30:34,,00:01:37.5060530,,,,,,,,,,,
1102,2025-04-10 03:30:34,2025-04-10 03:31:37,,,,,,,,,,,,,
1103,2025-04-10 03:31:37,2025-04-10 03:33:24,,,,,,,,,,,,,
1104,2025-04-10 03:33:24,2025-04-10 03:41:54,,00:01:37.9306276,00:03:34.3491578,00:01:22.5588866,,,,,,,,,
1105,2025-04-10 03:41:54,2025-04-10 03:52:37,,00:01:38.2595004,00:03:25.1819794,00:01:25.7699786,,,,,,,,,
1106,2025-04-10 03:52:37,2025-04-10 03:53:41,,,,,,,,,,,,,
1107,2025-04-10 03:53:41,2025-04-10 03:56:38,,,,,,,,,,,,,
1108,2025-04-10 03:56:38,2025-04-10 04:15:49,00:19:12.8625307,00:01:39.2294977,00:03:19.4542650,00:01:22.7519698,00:02:00.7822764,00:01:26.8304040,00:00:35.5266523,00:01:26.2351115,00:00:51.6457849,00:00:51.3819469,00:01:39.3567994,00:02:01.6285088,00:01:58.0393140
1109,2025-04-11 03:08:27,2025-04-11 03:09:29,,,,,,,,,,,,,
1110,2025-04-11 03:09:29,2025-04-11 03:12:06,,,,,,,,,,,,,
1111,2025-04-11 03:12:06,2025-04-11 03:13:41,,,,,,,,,,,,,
1112,2025-04-11 03:13:41,2025-04-11 03:15:16,,,,,,,,,,,,,
1113,2025-04-11 03:15:16,2025-04-11 03:16:20,,,,,,,,,,,,,
1114,2025-04-11 03:16:20,2025-04-11 03:17:57,,,,,,,,,,,,,
1115,2025-04-11 03:17:57,2025-04-11 03:18:20,,,,,,,,,,,,,
1116,2025-04-11 03:27:12,2025-04-11 03:28:17,,,,,,,,,,,,,
1117,2025-04-11 03:28:17,2025-04-11 03:41:48,,00:01:38.7716399,00:03:37.6341465,00:01:29.7130521,00:02:12.0722951,,,,,,,,
1118,2025-04-11 03:41:48,2025-04-11 03:43:35,,,,,,,,,,,,,
1119,2025-04-11 03:43:35,2025-04-11 03:45:17,,,,,,,,,,,,,
1120,2025-04-11 03:45:17,2025-04-11 04:05:42,,00:01:40.5822377,00:03:34.1793979,00:01:24.9496782,00:02:15.8982374,00:01:37.9418888,00:00:34.7000095,00:01:20.1282216,00:00:46.2776950,00:00:49.0839737,00:01:38.4398255,00:01:35.8693460,
1121,2025-04-11 04:05:52,2025-04-11 04:07:38,,,,,,,,,,,,,
1122,2025-04-11 04:07:38,2025-04-11 04:08:41,,,,,,,,,,,,,
1123,2025-04-11 04:08:41,2025-04-11 04:09:45,,,,,,,,,,,,,
1124,2025-04-11 04:09:45,2025-04-11 04:29:38,00:19:54.3512174,00:01:39.3351624,00:03:32.8940439,00:01:28.7046583,00:02:44.3548258,00:01:25.5541393,00:00:35.0923985,00:01:24.7655476,00:00:55.9251817,00:00:55.1868843,00:01:37.8997683,00:00:53.6937870,00:02:40.9448203
1125,2025-04-11 04:59:32,2025-04-11 05:07:22,,00:01:38.6508330,00:03:33.3208760,00:01:24.4126824,,,,,,,,,
1126,2025-04-11 05:07:22,2025-04-11 05:09:25,,,,,,,,,,,,,
1127,2025-04-11 05:09:25,2025-04-11 05:32:27,,00:01:37.7067298,00:03:22.6788805,00:01:30.0988577,00:02:10.1135238,00:01:29.3753771,00:00:37.3041478,00:01:20.6229439,00:00:47.6197034,00:00:57.4688418,,,
1128,2025-04-11 05:32:27,2025-04-11 05:40:14,,00:01:42.4610667,00:03:29.4098019,00:01:24.6207988,,,,,,,,,
1129,2025-04-11 05:40:14,2025-04-11 05:41:18,,,,,,,,,,,,,
1130,2025-04-11 05:41:18,2025-04-11 05:45:46,,00:01:37.9733465,,,,,,,,,,,
1131,2025-04-11 05:45:46,2025-04-11 05:45:58,,,,,,,,,,,,,
1132,2025-04-11 05:45:58,2025-04-11 05:49:32,,00:01:41.0247597,,,,,,,,,,,
1133,2025-04-11 05:49:32,2025-04-11 05:51:06,,,,,,,,,,,,,
1134,2025-04-11 05:51:06,2025-04-11 05:52:09,,,,,,,,,,,,,
1135,2025-04-11 05:52:09,2025-04-11 05:55:52,,00:02:23.5699347,,,,,,,,,,,
1136,2025-04-11 05:55:52,2025-04-11 05:59:18,,00:01:39.3932737,,,,,,,,,,,
1137,2025-04-11 19:39:52,2025-04-11 19:41:26,,,,,,,,,,,,,
1138,2025-04-11 19:41:26,2025-04-11 19:42:30,,,,,,,,,,,,,
1139,2025-04-11 19:42:30,2025-04-11 19:44:04,,,,,,,,,,,,,
1140,2025-04-11 19:44:04,2025-04-11 19:49:18,,00:01:38.6782850,,,,,,,,,,,
1141,2025-04-11 19:49:18,2025-04-11 19:49:32,,,,,,,,,,,,,
1142,2025-04-11 19:49:32,2025-04-11 19:49:45,,,,,,,,,,,,,
1143,2025-04-11 19:49:45,2025-04-11 19:54:13,,,,,,,,,,,,,
1144,2025-04-11 19:54:13,2025-04-11 19:55:17,,,,,,,,,,,,,
1145,2025-04-11 19:55:17,2025-04-11 19:57:36,,,,,,,,,,,,,
1146,2025-04-11 19:57:37,2025-04-11 19:59:11,,,,,,,,,,,,,
1147,2025-04-11 19:59:11,2025-04-11 20:18:00,00:18:50.0936733,00:01:38.3457316,00:03:21.3753109,00:01:35.5950178,00:02:04.2725765,00:01:31.4801649,00:00:34.9600362,00:01:20.0139748,00:00:58.9950493,00:00:51.2972645,00:01:39.3411399,00:00:56.1683698,00:02:18.2490371
1148,2025-04-11 20:21:07,2025-04-11 20:39:29,,00:01:38.1310880,00:03:17.1921909,00:01:23.6402026,00:02:11.1275028,00:01:28.0831141,00:00:35.4647857,00:01:21.5623810,00:00:50.2810354,00:00:50.4230161,00:01:39.6295416,00:01:04.9349311,
1149,2025-04-11 20:39:40,2025-04-11 20:39:51,,,,,,,,,,,,,
1150,2025-04-11 20:39:51,2025-04-11 20:41:25,,,,,,,,,,,,,
1151,2025-04-11 20:41:25,2025-04-11 20:46:02,,00:01:38.1269736,,,,,,,,,,,
1152,2025-04-11 20:46:02,2025-04-11 20:47:06,,,,,,,,,,,,,
1153,2025-04-11 20:47:06,2025-04-11 20:48:40,,,,,,,,,,,,,
1154,2025-04-11 20:48:40,2025-04-11 20:50:15,,,,,,,,,,,,,
1155,2025-04-11 20:50:15,2025-04-11 20:51:48,,,,,,,,,,,,,
1156,2025-04-11 20:51:48,2025-04-11 20:54:24,,,,,,,,,,,,,
1157,2025-04-11 20:54:24,2025-04-11 21:04:24,,00:01:49.9485247,00:03:30.0204587,00:01:28.8645620,,,,,,,,,
1158,2025-04-11 21:04:24,2025-04-11 21:04:44,,,,,,,,,,,,,
1159,2025-04-11 21:04:44,2025-04-11 21:04:59,,,,,,,,,,,,,
1160,2025-04-11 21:04:59,2025-04-11 21:06:35,,,,,,,,,,,,,
1161,2025-04-11 21:06:35,2025-04-11 21:08:10,,,,,,,,,,,,,
1162,2025-04-11 21:08:10,2025-04-11 21:09:13,,,,,,,,,,,,,
1163,2025-04-11 21:09:13,2025-04-11 21:10:47,,,,,,,,,,,,,
1164,2025-04-11 21:10:47,2025-04-11 21:12:24,,,,,,,,,,,,,
1165,2025-04-11 21:12:24,2025-04-11 21:16:26,,00:01:47.0613451,,,,,,,,,,,
1166,2025-04-11 21:16:26,2025-04-11 21:17:32,,,,,,,,,,,,,
1167,2025-04-11 21:17:32,2025-04-11 21:18:59,,,,,,,,,,,,,
1168,2025-04-11 21:18:59,2025-04-11 21:20:33,,,,,,,,,,,,,
1169,2025-04-11 21:20:33,2025-04-11 21:21:37,,,,,,,,,,,,,
1170,2025-04-11 21:21:37,2025-04-11 21:38:17,,00:01:51.1480896,00:03:20.8271355,00:01:33.6612001,00:02:10.2801111,00:01:30.3439426,00:00:34.3567869,00:01:19.8244282,00:00:45.6238732,00:00:52.3944362,,,
1171,2025-04-11 21:38:17,2025-04-11 21:38:31,,,,,,,,,,,,,
1172,2025-04-11 21:38:31,2025-04-11 21:40:05,,,,,,,,,,,,,
1173,2025-04-11 21:40:05,2025-04-11 21:58:21,,00:01:38.6845815,00:03:23.7376383,00:01:35.8470592,00:02:20.4842467,00:01:30.9377821,00:00:34.0297215,00:01:31.9519482,00:00:41.0425625,00:00:49.1189442,00:01:46.3862267,00:01:37.4889313,
1174,2025-04-14 23:27:05,2025-04-14 23:47:34,,00:01:49.1835773,00:03:54.4641780,00:01:27.6958584,00:02:09.0881165,00:02:00.8148723,00:02:11.4021469,00:01:23.0663515,,00:01:37.3308290,00:01:51.4342531,00:01:06.0830801,
1175,2025-04-14 23:47:34,2025-04-14 23:49:36,,,,,,,,,,,,,
1176,2025-04-14 23:49:36,2025-04-14 23:52:14,,,,,,,,,,,,,
1177,2025-04-14 23:52:14,2025-04-14 23:53:49,,,,,,,,,,,,,
1178,2025-04-14 23:53:49,2025-04-14 23:56:44,,00:01:38.2334843,,,,,,,,,,,
1179,2025-04-14 23:56:44,2025-04-14 23:58:22,,,,,,,,,,,,,
1180,2025-04-14 23:58:22,2025-04-14 23:59:26,,,,,,,,,,,,,
1181,2025-04-14 23:59:26,2025-04-15 00:16:09,,00:01:39.4597423,00:03:27.4244248,00:01:24.4963306,00:02:18.4890197,00:01:27.8535692,00:00:35.8314385,00:01:33.1842345,00:00:46.5410031,00:00:50.0728287,,,
1182,2025-04-15 00:16:09,2025-04-15 00:17:12,,,,,,,,,,,,,
1183,2025-04-15 00:17:12,2025-04-15 00:18:46,,,,,,,,,,,,,
1184,2025-04-15 00:18:46,2025-04-15 00:20:28,,,,,,,,,,,,,
1185,2025-04-15 00:20:28,2025-04-15 00:30:10,,00:01:38.1353039,,,,,,,,,,,
1186,2025-04-15 00:30:10,2025-04-15 00:31:46,,,,,,,,,,,,,
1187,2025-04-15 00:31:46,2025-04-15 00:32:49,,,,,,,,,,,,,
1188,2025-04-15 00:32:49,2025-04-15 00:33:53,,,,,,,,,,,,,
1189,2025-04-15 00:33:53,2025-04-15 00:35:27,,,,,,,,,,,,,
1190,2025-04-15 00:35:27,2025-04-15 00:43:37,,00:01:39.9712605,00:03:11.9505917,00:01:52.7158446,,,,,,,,,
1191,2025-04-15 00:43:37,2025-04-15 00:45:11,,,,,,,,,,,,,
1192,2025-04-15 00:45:11,2025-04-15 00:46:49,,,,,,,,,,,,,
1193,2025-04-15 00:46:49,2025-04-15 00:47:53,,,,,,,,,,,,,
1194,2025-04-15 00:47:53,2025-04-15 00:49:28,,,,,,,,,,,,,
1195,2025-04-15 00:49:28,2025-04-15 00:58:37,,00:01:38.2063221,,,,,,,,,,,
1196,2025-04-15 00:58:37,2025-04-15 01:05:07,,,,,,,,,,,,,
1197,2025-04-15 01:05:07,2025-04-15 01:11:36,,,,,,,,,,,,,
1198,2025-04-15 01:11:36,2025-04-15 01:18:06,,,,,,,,,,,,,
1199,2025-04-15 01:18:06,2025-04-15 01:24:36,,,,,,,,,,,,,
1200,2025-04-15 01:24:36,2025-04-15 01:31:05,,,,,,,,,,,,,
1201,2025-04-15 01:31:05,2025-04-15 01:34:58,,,,,,,,,,,,,
1202,2025-04-15 01:34:58,2025-04-15 01:35:10,,,,,,,,,,,,,
1203,2025-04-15 01:35:10,2025-04-15 01:35:23,,,,,,,,,,,,,
1204,2025-04-15 01:35:23,2025-04-15 01:38:58,,00:01:39.0096289,,,,,,,,,,,
1205,2025-04-15 01:38:58,2025-04-15 01:41:40,,,,,,,,,,,,,
1206,2025-04-15 01:41:40,2025-04-15 01:47:16,,00:01:38.6192337,,,,,,,,,,,
1207,2025-04-15 01:47:16,2025-04-15 01:53:38,,00:01:37.8010935,00:03:58.8328007,,,,,,,,,,
1208,2025-04-15 01:53:38,2025-04-15 01:56:33,,00:01:39.7027798,,,,,,,,,,,
1209,2025-04-15 01:56:33,2025-04-15 02:07:44,,00:01:37.4699285,00:03:19.8259645,00:01:27.9172389,,,,,,,,,
1210,2025-04-15 02:07:44,2025-04-15 02:12:35,,00:01:37.6216950,,,,,,,,,,,
1211,2025-04-15 02:12:35,2025-04-15 02:14:27,,00:01:39.8568706,,,,,,,,,,,
1212,2025-04-15 02:14:27,2025-04-15 02:15:30,,,,,,,,,,,,,
1213,2025-04-15 02:15:30,2025-04-15 02:16:33,,,,,,,,,,,,,
1214,2025-04-15 02:16:33,2025-04-15 02:17:37,,,,,,,,,,,,,
1215,2025-04-15 02:17:37,2025-04-15 02:18:41,,,,,,,,,,,,,
1216,2025-04-15 02:18:41,2025-04-15 02:20:16,,,,,,,,,,,,,
1217,2025-04-15 02:20:16,2025-04-15 02:24:24,,,,,,,,,,,,,
1218,2025-04-15 02:24:24,2025-04-15 02:27:15,,00:01:40.6252088,,,,,,,,,,,
1219,2025-04-15 02:27:15,2025-04-15 02:28:50,,,,,,,,,,,,,
1220,2025-04-15 02:28:50,2025-04-15 02:31:59,,00:01:39.6512254,,,,,,,,,,,
1221,2025-04-15 02:31:59,2025-04-15 02:33:03,,,,,,,,,,,,,
1222,2025-04-15 02:33:03,2025-04-15 02:33:15,,,,,,,,,,,,,
1223,2025-04-15 02:48:33,2025-04-15 02:49:36,,,,,,,,,,,,,
1224,2025-04-15 02:49:36,2025-04-15 02:50:40,,,,,,,,,,,,,
1225,2025-04-15 02:50:40,2025-04-15 02:51:44,,,,,,,,,,,,,
1226,2025-04-15 02:51:44,2025-04-15 02:53:48,,,,,,,,,,,,,
1227,2025-04-16 02:29:35,2025-04-16 02:29:42,,,,,,,,,,,,,
1228,2025-04-16 02:34:14,2025-04-16 03:04:40,,00:13:49.5162002,,,,,,,,,,,
1229,2025-04-16 03:05:30,2025-04-16 03:05:33,,,,,,,,,,,,,
1230,2025-04-16 03:07:28,2025-04-16 04:13:15,,,,,,,,,,,,,
1231,2025-04-16 06:01:42,2025-04-16 06:02:45,,,,,,,,,,,,,
1232,2025-04-16 06:02:45,2025-04-16 06:03:48,,,,,,,,,,,,,
1233,2025-04-16 06:03:48,2025-04-16 06:04:54,,,,,,,,,,,,,
1234,2025-04-16 06:04:54,2025-04-16 06:05:05,,,,,,,,,,,,,
1235,2025-04-16 06:05:05,2025-04-16 06:28:41,,00:01:38.0809000,00:03:55.2435908,00:01:23.5356576,00:04:42.8622821,,,,,,,,
1236,2025-04-16 06:28:41,2025-04-16 06:28:57,,,,,,,,,,,,,
1237,2025-04-16 06:28:57,2025-04-16 06:29:09,,,,,,,,,,,,,
1238,2025-04-16 06:29:09,2025-04-16 06:49:49,,00:01:38.3101112,00:03:10.7473542,00:01:27.4735664,00:02:12.2385776,00:01:27.5750164,00:00:34.0010467,00:01:31.1364120,00:00:48.9047333,00:00:50.1487108,00:01:39.3753301,00:01:24.0136411,
0,,,,00:01:38.7000000,00:03:13.5000000,00:01:23.7000000,00:02:09,00:01:29,00:00:35.9000000,00:01:23,00:00:47.9200000,00:00:52.6800000,00:01:38.3780000,00:01:26.8220000,00:02:12.5400000
