id,started,ended,realTime,BOB (1),WF (6),CCM (8),Dank (9),SSL (11),LLL (13),HMC (15),fingi,DDD (16),Fiah,Sky
1,2023-08-30 10:54:32,2023-08-30 10:54:39,,,,,,,,,,,,
2,2023-08-30 10:54:39,2023-08-30 10:56:32,,,,,,,,,,,,
3,2023-08-30 10:56:32,2023-08-30 10:57:34,,,,,,,,,,,,
4,2023-08-30 10:57:34,2023-08-30 10:58:52,,,,,,,,,,,,
5,2023-08-30 10:58:52,2023-08-30 11:00:15,,,,,,,,,,,,
6,2023-08-30 11:00:15,2023-08-30 11:00:23,,,,,,,,,,,,
7,2023-08-30 11:00:23,2023-08-30 11:03:19,,00:01:38.2763583,,,,,,,,,,
8,2023-08-30 11:03:19,2023-08-30 11:03:27,,,,,,,,,,,,
9,2023-08-30 11:03:27,2023-08-30 11:04:58,,,,,,,,,,,,
10,2023-08-30 11:04:58,2023-08-30 11:08:28,,00:01:34.6908426,,,,,,,,,,
11,2023-08-30 11:08:28,2023-08-30 11:27:29,00:19:03.1542603,00:01:36.8529745,00:03:00.0624733,00:01:23.0798518,00:01:57.7776588,00:01:32.2579956,00:01:05.4742780,00:00:44.0761352,00:01:36.1552213,00:00:48.1659170,00:01:29.6726788,00:02:59.0792572
12,2023-08-30 11:27:37,2023-08-30 11:34:41,,00:01:35.4084580,00:03:03.8474838,00:01:22.1562548,,,,,,,,
13,2023-08-30 11:34:41,2023-08-30 11:36:17,,,,,,,,,,,,
14,2023-08-30 11:36:17,2023-08-30 11:40:14,,00:01:35.1011021,,,,,,,,,,
15,2023-08-30 11:40:14,2023-08-30 11:41:49,,,,,,,,,,,,
16,2023-08-30 11:41:49,2023-08-30 11:59:16,00:17:28.9366735,00:01:36.0396565,00:03:04.8808544,00:01:17.8445882,00:01:53.9300676,00:01:21.3729562,00:01:06.0060534,00:00:46.0688013,00:01:25.8064186,00:00:46.4522131,00:01:34.9380157,00:01:53.6171400
17,2023-08-30 11:59:44,2023-08-30 12:06:45,,00:01:35.3800857,00:03:05.0622439,00:01:26.8674113,,,,,,,,
18,2023-08-30 12:06:45,2023-08-30 12:06:53,,,,,,,,,,,,
19,2023-08-30 12:06:53,2023-08-30 12:13:59,,00:01:34.6453423,00:02:55.3229695,00:01:20.9849800,,,,,,,,
20,2023-08-30 12:13:59,2023-08-30 12:15:29,,,,,,,,,,,,
21,2023-08-30 12:15:29,2023-08-30 12:17:00,,,,,,,,,,,,
22,2023-08-30 12:17:00,2023-08-30 12:18:30,,,,,,,,,,,,
23,2023-08-30 12:18:30,2023-08-30 12:18:38,,,,,,,,,,,,
24,2023-08-30 12:18:38,2023-08-30 12:19:40,,,,,,,,,,,,
25,2023-08-30 12:19:40,2023-08-30 12:22:35,,00:01:35.1527614,,,,,,,,,,
26,2023-08-30 12:22:35,2023-08-30 12:23:37,,,,,,,,,,,,
27,2023-08-30 12:23:37,2023-08-30 12:25:10,,,,,,,,,,,,
28,2023-08-30 12:25:10,2023-08-30 12:28:38,,00:01:37.0375187,,,,,,,,,,
29,2023-08-30 12:28:38,2023-08-30 12:32:01,,00:01:35.7374420,,,,,,,,,,
30,2023-08-30 12:32:01,2023-08-30 12:34:58,,00:01:39.9291588,,,,,,,,,,
31,2023-08-30 12:34:58,2023-08-30 12:40:19,,00:01:35.4961982,00:03:04.4105901,,,,,,,,,
32,2023-08-30 12:40:19,2023-08-30 12:56:41,,00:01:35.2796314,00:02:56.2310924,00:01:25.7029084,00:01:53.6756848,00:01:22.6398516,00:01:01.6455344,00:00:47.0956320,00:00:56.8543033,00:00:52.0420871,00:01:36.5200640,
33,2023-08-30 12:56:41,2023-08-30 12:56:48,,,,,,,,,,,,
34,2023-08-30 12:56:48,2023-08-30 13:10:10,,00:01:36.4609982,00:02:58.0038074,00:01:17.7000200,00:01:59.4420583,00:01:27.9854653,00:01:16.5788793,00:00:45.7579012,,00:01:02.7096840,,
35,2023-08-30 13:10:10,2023-08-30 13:16:56,,00:01:35.8821482,00:03:01.3698540,00:01:26.9605595,,,,,,,,
36,2023-08-30 13:16:56,2023-08-30 13:19:19,,00:01:39.0666715,,,,,,,,,,
37,2023-08-30 13:19:19,2023-08-30 13:19:26,,,,,,,,,,,,
38,2023-08-30 13:19:26,2023-08-30 13:22:47,,00:01:35.7589789,,,,,,,,,,
39,2023-08-30 13:22:47,2023-08-30 13:37:11,,00:01:36.8155816,00:03:00.3971118,00:01:27.1512133,00:01:56.1803731,00:01:25.4870290,00:01:01.7898666,00:00:45.5306692,,00:00:46.8945917,,
40,2023-08-30 13:37:11,2023-08-30 13:42:34,,00:01:36.2933694,00:03:06.3221667,,,,,,,,,
41,2023-08-30 13:42:34,2023-08-30 13:42:41,,,,,,,,,,,,
42,2023-08-30 13:42:41,2023-08-30 13:48:04,,00:01:35.4560294,00:03:07.4331453,,,,,,,,,
43,2023-08-30 13:48:04,2023-08-30 13:49:07,,,,,,,,,,,,
44,2023-08-30 13:49:07,2023-08-30 14:07:02,,00:01:34.8912060,00:02:59.6577363,00:01:20.4041248,00:02:10.3690009,00:01:37.7692575,00:01:12.0031840,00:00:46.3889696,00:01:13.3382297,00:00:55.7055509,00:01:27.0709212,
45,2023-10-03 13:10:48,2023-10-03 13:12:21,,,,,,,,,,,,
46,2023-10-03 13:12:21,2023-10-03 13:14:49,,00:01:36.7385668,,,,,,,,,,
47,2023-10-03 13:14:49,2023-10-03 13:17:14,,00:01:36.8922060,,,,,,,,,,
48,2023-10-03 13:17:14,2023-10-03 13:18:45,,,,,,,,,,,,
49,2023-10-03 13:18:45,2023-10-03 13:23:09,,00:01:34.3280419,,,,,,,,,,
50,2023-10-15 14:34:11,2023-10-15 14:34:45,,,,,,,,,,,,
51,2023-10-15 14:34:45,2023-10-15 14:41:46,,00:01:34.2240911,00:03:06.8682042,00:01:22.7640139,,,,,,,,
52,2023-10-15 14:41:46,2023-10-15 14:59:25,,00:01:34.3168042,00:02:59.4585348,00:01:20.3374477,00:01:54.9629841,00:01:31.2221780,00:01:02.9102790,,,,,
53,2024-08-04 14:28:53,2024-08-04 14:29:02,,,,,,,,,,,,
54,2024-08-04 14:29:02,2024-08-04 14:29:29,,,,,,,,,,,,
55,2024-08-04 14:29:29,2024-08-04 14:30:59,,,,,,,,,,,,
56,2024-08-04 14:30:59,2024-08-04 14:32:33,,,,,,,,,,,,
57,2024-08-04 14:32:33,2024-08-04 14:35:49,,00:01:34.0841044,,,,,,,,,,
58,2024-08-04 14:35:49,2024-08-04 14:38:42,,00:01:37.2543499,,,,,,,,,,
59,2024-08-04 14:38:43,2024-08-04 14:40:42,,,,,,,,,,,,
60,2024-08-04 14:40:42,2024-08-04 14:40:49,,,,,,,,,,,,
61,2024-08-04 14:40:49,2024-08-04 14:42:23,,,,,,,,,,,,
62,2024-08-04 14:42:23,2024-08-04 14:48:53,,00:01:35.0007753,,,,,,,,,,
63,2024-08-06 08:56:55,2024-08-06 08:57:56,,,,,,,,,,,,
64,2024-08-06 08:57:56,2024-08-06 09:15:32,00:17:36.3300962,00:01:33.6590624,00:03:01.8641504,00:01:25.8184092,00:01:57.1292926,00:01:23.5681706,00:00:58.8530901,00:00:44.7651640,00:01:31.0156144,00:01:25.6168140,00:01:36.5138251,00:01:57.5265034
65,2024-08-06 09:16:58,2024-08-06 09:17:10,,,,,,,,,,,,
66,2024-08-06 09:17:10,2024-08-06 09:18:43,,,,,,,,,,,,
67,2024-08-06 09:18:43,2024-08-06 09:25:27,,00:01:34.6311460,00:03:02.1194692,00:01:24.9167119,,,,,,,,
68,2024-08-06 09:25:27,2024-08-06 09:42:09,00:16:43.0637038,00:01:34.5970413,00:03:11.8722550,00:01:18.0543316,00:01:51.1417394,00:01:46.9287278,00:01:00.6377698,00:00:44.0722283,00:01:02.7439466,00:00:48.4151833,00:01:20.4428999,00:01:24.8643200
69,2024-08-06 09:42:52,2024-08-06 09:43:02,,,,,,,,,,,,
70,2024-08-06 09:43:02,2024-08-06 09:43:12,,,,,,,,,,,,
71,2024-08-06 09:43:12,2024-08-06 09:56:51,,00:01:35.0805628,00:03:07.3654692,00:01:23.3790770,00:01:56.7667517,00:01:19.9595553,00:01:10.4937118,00:00:45.2494325,,00:00:43.5490853,,
72,2024-08-06 09:56:51,2024-08-06 10:00:08,,00:01:34.3527315,,,,,,,,,,
73,2024-08-06 10:00:08,2024-08-06 10:02:56,,00:01:34.0309328,,,,,,,,,,
74,2024-08-06 10:02:56,2024-08-06 10:03:58,,,,,,,,,,,,
75,2024-08-06 10:03:58,2024-08-06 10:20:30,00:16:33.2711360,00:01:34.5691593,00:03:01.0900900,00:01:21.6965214,00:01:50.4230884,00:01:26.9301921,00:00:58.5782590,00:00:43.6455272,00:00:50.5663020,00:00:42.7017033,00:01:34.6540527,00:01:51.5030225
76,2024-08-06 10:27:52,2024-08-06 10:28:01,,,,,,,,,,,,
77,2024-08-06 10:28:01,2024-08-06 10:30:52,,00:01:33.7252786,,,,,,,,,,
78,2024-08-06 10:30:52,2024-08-06 10:33:56,,00:01:35.3094335,,,,,,,,,,
79,2024-08-06 10:33:56,2024-08-06 10:34:04,,,,,,,,,,,,
80,2024-08-06 10:34:04,2024-08-06 10:36:56,,00:01:35.0147858,,,,,,,,,,
81,2024-08-06 10:36:56,2024-08-06 10:40:48,,00:01:34.2991199,,,,,,,,,,
82,2024-08-06 10:40:48,2024-08-06 10:42:23,,,,,,,,,,,,
83,2024-08-06 10:42:23,2024-08-06 10:43:55,,,,,,,,,,,,
84,2024-08-06 10:43:55,2024-08-06 10:48:30,,00:01:34.1347910,,,,,,,,,,
85,2024-08-06 10:48:30,2024-08-06 10:49:32,,,,,,,,,,,,
86,2024-08-06 10:49:32,2024-08-06 10:52:39,,00:01:33.9343247,,,,,,,,,,
87,2024-08-06 10:52:39,2024-08-06 11:00:32,,00:01:33.8471312,00:03:04.4267257,,,,,,,,,
88,2024-08-07 19:20:36,2024-08-07 19:22:11,,,,,,,,,,,,
89,2024-08-07 19:22:11,2024-08-07 19:22:19,,,,,,,,,,,,
90,2024-08-07 19:22:19,2024-08-07 19:29:18,,00:01:34.1298054,00:03:04.4603304,00:01:22.5061659,,,,,,,,
91,2024-08-07 19:29:18,2024-08-07 19:41:59,,00:01:35.0833992,00:02:56.5581253,00:01:19.3624003,00:01:50.0858854,00:01:37.8663747,00:00:59.7758360,00:00:45.0005437,,,,
92,2024-08-07 19:41:59,2024-08-07 19:42:07,,,,,,,,,,,,
93,2024-08-07 19:42:07,2024-08-07 19:42:20,,,,,,,,,,,,
94,2024-08-07 19:42:20,2024-08-07 19:48:15,,00:01:34.6536181,00:02:56.2317132,,,,,,,,,
95,2024-08-07 19:48:15,2024-08-07 19:55:50,,00:01:34.0295036,00:03:00.4175152,00:01:26.9770332,,,,,,,,
96,2024-08-08 12:07:12,2024-08-08 12:09:58,,00:01:36.7268127,,,,,,,,,,
97,2024-08-08 12:09:58,2024-08-08 12:11:00,,,,,,,,,,,,
98,2024-08-08 12:11:00,2024-08-08 12:14:06,,00:01:34.1081683,,,,,,,,,,
99,2024-08-08 12:14:06,2024-08-08 12:14:14,,,,,,,,,,,,
100,2024-08-08 12:14:14,2024-08-08 12:15:17,,,,,,,,,,,,
101,2024-08-08 12:15:17,2024-08-08 12:17:44,,00:01:34.1982774,,,,,,,,,,
102,2024-08-08 12:17:44,2024-08-08 12:32:59,,00:01:33.9319436,00:02:57.1911777,00:01:18.4944291,00:02:03.9621890,00:01:25.5062934,00:01:04.3633017,00:00:44.0102830,00:01:01.5491697,00:00:46.8262890,00:01:24.1091524,
103,2024-08-08 12:32:59,2024-08-08 12:35:20,,00:01:33.6880684,,,,,,,,,,
104,2024-08-08 12:35:21,2024-08-08 12:38:09,,00:01:33.9447895,,,,,,,,,,
105,2024-08-08 12:38:09,2024-08-08 12:40:34,,00:01:33.8020135,,,,,,,,,,
106,2024-08-08 12:40:34,2024-08-08 12:44:56,,00:01:34.4807863,,,,,,,,,,
107,2024-08-08 12:44:56,2024-08-08 12:47:21,,00:01:35.4600876,,,,,,,,,,
108,2024-08-08 12:47:21,2024-08-08 12:48:53,,,,,,,,,,,,
109,2024-08-08 12:48:53,2024-08-08 12:49:01,,,,,,,,,,,,
110,2024-08-08 12:49:01,2024-08-08 12:50:03,,,,,,,,,,,,
111,2024-08-08 12:50:03,2024-08-08 12:52:55,,00:01:36.0647295,,,,,,,,,,
112,2024-08-08 12:52:55,2024-08-08 13:05:46,,00:01:34.3991382,00:02:55.3574583,00:01:17.1673167,00:01:53.7127053,00:01:20.0896749,00:01:04.3988485,00:00:44.0299210,,00:00:54.9858903,,
113,2024-08-08 13:05:46,2024-08-08 13:05:56,,,,,,,,,,,,
114,2024-08-08 13:05:56,2024-08-08 13:06:04,,,,,,,,,,,,
115,2024-08-08 13:06:04,2024-08-08 13:07:07,,,,,,,,,,,,
116,2024-08-08 13:07:07,2024-08-08 13:10:29,,00:01:34.2327208,,,,,,,,,,
117,2024-08-08 13:10:29,2024-08-08 13:13:39,,00:01:35.9106341,,,,,,,,,,
118,2024-08-08 13:13:39,2024-08-08 13:23:27,,00:01:34.4060598,00:02:56.2932289,00:01:18.2874455,00:01:59.8366151,00:01:53.2282582,,,,,,
119,2024-08-08 13:23:27,2024-08-08 13:23:37,,,,,,,,,,,,
120,2024-08-08 13:23:37,2024-08-08 13:27:56,,,,,,,,,,,,
121,2024-08-08 13:27:56,2024-08-08 13:29:01,,,,,,,,,,,,
122,2024-08-08 13:29:01,2024-08-08 13:30:04,,,,,,,,,,,,
123,2024-08-08 13:30:04,2024-08-08 13:31:07,,,,,,,,,,,,
124,2024-08-08 13:31:07,2024-08-08 13:34:27,,00:01:35.2378051,,,,,,,,,,
125,2024-08-08 13:34:27,2024-08-08 13:39:10,,00:01:35.8485307,,,,,,,,,,
126,2024-08-08 13:39:10,2024-08-08 13:41:48,,00:01:35.6939225,,,,,,,,,,
127,2024-08-08 13:41:48,2024-08-08 13:49:15,,00:01:35.5013583,00:03:03.1308810,,,,,,,,,
128,2024-08-08 17:12:50,2024-08-08 17:13:51,,,,,,,,,,,,
129,2024-08-08 17:13:51,2024-08-08 17:13:59,,,,,,,,,,,,
130,2024-08-08 17:13:59,2024-08-08 17:16:22,,00:01:38.6118933,,,,,,,,,,
131,2024-08-08 17:16:22,2024-08-08 17:32:07,,00:01:36.2564465,00:03:00.0249511,00:01:16.5561917,00:01:51.8946677,00:01:25.8924389,00:00:59.8599782,00:00:43.6100537,,00:00:41.6972654,,
132,2024-08-08 17:32:07,2024-08-08 17:32:15,,,,,,,,,,,,
133,2024-08-08 17:32:15,2024-08-08 17:35:00,,00:01:35.9292955,,,,,,,,,,
134,2024-08-08 17:35:00,2024-08-08 17:50:16,,00:01:34.8903491,00:02:56.9078170,00:01:20.0428880,00:01:52.2058676,00:01:34.1653990,00:01:04.2659356,00:00:43.5746155,00:00:55.0935581,00:00:44.1679103,00:01:33.9326844,
135,2024-08-08 17:50:16,2024-08-08 17:51:46,,,,,,,,,,,,
136,2024-08-08 17:51:46,2024-08-08 17:55:28,,00:01:33.9423058,,,,,,,,,,
137,2024-08-08 17:55:28,2024-08-08 18:02:29,,00:01:34.8185278,00:03:00.5349461,00:01:20.4751225,,,,,,,,
138,2024-08-08 18:02:29,2024-08-08 18:04:03,,,,,,,,,,,,
139,2024-08-08 18:04:03,2024-08-08 18:06:26,,00:01:33.5349762,,,,,,,,,,
140,2024-08-08 18:06:26,2024-08-08 18:07:28,,,,,,,,,,,,
141,2024-08-08 18:07:28,2024-08-08 18:07:37,,,,,,,,,,,,
142,2024-08-08 18:07:37,2024-08-08 18:10:04,,00:01:34.9496660,,,,,,,,,,
143,2024-08-08 18:10:04,2024-08-08 18:11:36,,,,,,,,,,,,
144,2024-08-08 18:11:36,2024-08-08 18:13:07,,,,,,,,,,,,
145,2024-08-08 18:13:07,2024-08-08 18:13:15,,,,,,,,,,,,
146,2024-08-08 18:13:15,2024-08-08 18:22:24,,00:01:34.8648748,00:03:00.6761751,00:01:16.7174092,00:01:58.7470130,,,,,,,
147,2024-08-08 18:22:24,2024-08-08 18:24:00,,,,,,,,,,,,
148,2024-08-08 18:24:00,2024-08-08 18:27:43,,,,,,,,,,,,
149,2024-08-08 18:27:43,2024-08-08 18:29:25,,,,,,,,,,,,
150,2024-08-08 18:29:25,2024-08-08 18:31:46,,00:01:33.6039309,,,,,,,,,,
151,2024-08-08 18:31:46,2024-08-08 18:41:01,,00:01:34.7233558,00:02:52.8514228,00:01:20.8465137,00:01:52.8659868,,,,,,,
152,2024-08-08 18:41:01,2024-08-08 18:41:09,,,,,,,,,,,,
153,2024-08-08 18:41:09,2024-08-08 18:41:19,,,,,,,,,,,,
154,2024-08-08 18:41:19,2024-08-08 18:47:48,,00:01:33.7410397,00:02:54.4621081,00:01:16.2022929,,,,,,,,
155,2024-08-08 18:47:48,2024-08-08 18:50:47,,00:01:37.7542608,,,,,,,,,,
156,2024-08-08 18:50:47,2024-08-08 18:55:22,,00:01:34.5191672,,,,,,,,,,
157,2024-08-08 18:55:22,2024-08-08 19:04:27,,00:01:33.9870663,00:02:52.1277838,00:01:21.7537674,00:01:57.9511059,,,,,,,
158,2024-08-08 19:04:27,2024-08-08 19:06:00,,,,,,,,,,,,
159,2024-08-08 19:06:00,2024-08-08 19:08:33,,00:01:35.2920401,,,,,,,,,,
160,2024-08-08 19:08:33,2024-08-08 19:09:41,,,,,,,,,,,,
161,2024-08-08 19:09:41,2024-08-08 19:13:06,,,,,,,,,,,,
162,2024-08-08 19:13:06,2024-08-08 19:19:16,,00:01:34.2517847,,,,,,,,,,
163,2024-08-08 19:19:16,2024-08-08 19:25:07,,,,,,,,,,,,
164,2024-08-09 10:36:13,2024-08-09 10:37:15,,,,,,,,,,,,
165,2024-08-09 10:37:15,2024-08-09 10:37:23,,,,,,,,,,,,
166,2024-08-09 10:37:23,2024-08-09 10:37:31,,,,,,,,,,,,
167,2024-08-09 10:37:31,2024-08-09 10:39:55,,00:01:35.8757724,,,,,,,,,,
168,2024-08-09 10:39:55,2024-08-09 10:43:15,,00:01:33.9772473,,,,,,,,,,
169,2024-08-09 10:43:15,2024-08-09 10:44:48,,,,,,,,,,,,
170,2024-08-09 10:44:48,2024-08-09 10:45:50,,,,,,,,,,,,
171,2024-08-09 10:45:50,2024-08-09 10:48:15,,00:01:34.3987655,,,,,,,,,,
172,2024-08-09 10:48:15,2024-08-09 10:49:46,,,,,,,,,,,,
173,2024-08-09 10:49:46,2024-08-09 10:51:17,,,,,,,,,,,,
174,2024-08-09 10:51:17,2024-08-09 10:57:46,,00:01:34.5170361,00:02:54.7935518,00:01:17.3941520,,,,,,,,
175,2024-08-09 10:57:46,2024-08-09 11:00:10,,00:01:35.1021156,,,,,,,,,,
176,2024-08-09 11:00:10,2024-08-09 11:02:08,,,,,,,,,,,,
177,2024-08-09 11:02:08,2024-08-09 11:04:29,,00:01:34.3279514,,,,,,,,,,
178,2024-08-09 11:04:29,2024-08-09 11:08:10,,00:01:34.6198986,,,,,,,,,,
179,2024-08-09 11:08:10,2024-08-09 11:09:12,,,,,,,,,,,,
180,2024-08-09 11:09:12,2024-08-09 11:11:59,,00:01:33.7057619,,,,,,,,,,
181,2024-08-09 11:11:59,2024-08-09 11:20:38,,00:01:35.0170295,00:02:58.5537635,00:01:16.7674117,00:01:56.3529532,,,,,,,
182,2024-08-09 11:20:38,2024-08-09 11:20:47,,,,,,,,,,,,
183,2024-08-09 11:20:47,2024-08-09 11:29:52,,00:01:33.8842819,00:02:57.1960398,00:01:16.7287079,00:01:52.5372899,,,,,,,
184,2024-08-09 11:29:52,2024-08-09 11:30:53,,,,,,,,,,,,
185,2024-08-09 11:30:53,2024-08-09 11:32:31,,,,,,,,,,,,
186,2024-08-09 11:32:31,2024-08-09 11:47:45,,00:01:33.7984599,00:03:07.8564780,00:01:16.1649388,00:01:52.1542739,00:01:26.2481398,00:01:07.1488623,00:00:43.5359360,00:01:09.5438993,00:00:42.1835108,00:01:25.9121053,
187,2024-08-09 11:47:45,2024-08-09 11:47:54,,,,,,,,,,,,
188,2024-08-09 11:47:54,2024-08-09 11:49:30,,,,,,,,,,,,
189,2024-08-09 11:49:30,2024-08-09 11:49:37,,,,,,,,,,,,
190,2024-08-09 11:49:37,2024-08-09 11:52:25,,00:01:34.0356750,,,,,,,,,,
191,2024-08-09 11:52:25,2024-08-09 11:55:15,,00:01:33.6140877,,,,,,,,,,
192,2024-08-09 11:55:15,2024-08-09 11:56:16,,,,,,,,,,,,
193,2024-08-09 11:56:16,2024-08-09 12:11:58,,00:01:33.9863121,00:02:57.8890043,00:01:17.5733026,00:01:58.2294474,00:01:24.8344842,00:00:58.3642490,00:00:43.2331980,00:00:45.3446766,00:00:43.7469128,00:01:34.7929489,
194,2024-08-09 12:11:58,2024-08-09 12:12:10,,,,,,,,,,,,
195,2024-08-09 12:12:10,2024-08-09 12:12:35,,,,,,,,,,,,
196,2024-08-09 12:12:35,2024-08-09 12:14:43,,,,,,,,,,,,
197,2024-08-09 12:14:43,2024-08-09 12:15:44,,,,,,,,,,,,
198,2024-08-09 12:15:44,2024-08-09 12:21:59,,00:01:33.7488584,00:03:00.5023943,00:01:25.9533728,,,,,,,,
199,2024-08-09 12:21:59,2024-08-09 12:24:23,,00:01:36.7012222,,,,,,,,,,
200,2024-08-09 12:24:23,2024-08-09 12:24:31,,,,,,,,,,,,
201,2024-08-09 12:24:31,2024-08-09 12:26:52,,00:01:33.8519697,,,,,,,,,,
202,2024-08-09 12:26:52,2024-08-09 12:27:53,,,,,,,,,,,,
203,2024-08-09 12:27:53,2024-08-09 12:30:52,,00:01:34.0236431,,,,,,,,,,
204,2024-08-09 12:30:52,2024-08-09 12:32:18,,,,,,,,,,,,
205,2024-08-09 12:32:18,2024-08-09 12:33:46,,,,,,,,,,,,
206,2024-08-09 12:33:46,2024-08-09 12:34:49,,,,,,,,,,,,
207,2024-08-09 12:34:49,2024-08-09 12:36:19,,,,,,,,,,,,
208,2024-08-09 12:36:19,2024-08-09 12:40:41,,00:01:33.9046323,,,,,,,,,,
209,2024-08-09 12:40:41,2024-08-09 12:42:39,,00:01:54.4957955,,,,,,,,,,
210,2024-08-09 12:42:39,2024-08-09 12:45:01,,00:01:35.3035463,,,,,,,,,,
211,2024-08-09 12:45:01,2024-08-09 12:58:30,,00:01:33.5887026,00:02:57.4416648,00:01:18.1573933,00:01:50.2977745,00:01:21.2095519,00:01:07.1250205,00:01:11.5766893,,00:00:44.4332734,,
212,2024-08-09 12:58:30,2024-08-09 12:58:38,,,,,,,,,,,,
213,2024-08-09 12:58:38,2024-08-09 13:00:59,,00:01:36.5180430,,,,,,,,,,
214,2024-08-09 13:00:59,2024-08-09 13:03:47,,00:01:33.8071274,,,,,,,,,,
215,2024-08-09 13:03:47,2024-08-09 13:03:55,,,,,,,,,,,,
216,2024-08-09 13:03:55,2024-08-09 13:04:04,,,,,,,,,,,,
217,2024-08-09 13:04:04,2024-08-09 13:06:45,,00:01:34.2944215,,,,,,,,,,
218,2024-08-09 13:06:45,2024-08-09 13:07:49,,,,,,,,,,,,
219,2024-08-09 13:07:49,2024-08-09 13:10:12,,00:01:33.6633020,,,,,,,,,,
220,2024-08-09 13:10:12,2024-08-09 13:11:39,,,,,,,,,,,,
221,2024-08-09 13:11:39,2024-08-09 13:13:09,,,,,,,,,,,,
222,2024-08-09 13:13:09,2024-08-09 13:16:47,,00:01:33.7126808,,,,,,,,,,
223,2024-08-09 13:16:47,2024-08-09 13:17:56,,,,,,,,,,,,
224,2024-08-09 13:17:56,2024-08-09 13:19:42,,,,,,,,,,,,
225,2024-08-09 13:19:42,2024-08-09 13:19:49,,,,,,,,,,,,
226,2024-08-09 13:19:49,2024-08-09 13:22:44,,00:01:35.0526986,,,,,,,,,,
227,2024-08-09 13:22:44,2024-08-09 13:28:02,,00:01:33.8404661,,,,,,,,,,
228,2024-08-09 13:28:02,2024-08-09 13:29:51,,,,,,,,,,,,
229,2024-08-09 13:29:51,2024-08-09 13:37:01,,00:01:34.3068052,00:03:03.6319899,00:01:18.2844618,,,,,,,,
230,2024-08-09 16:45:44,2024-08-09 17:28:02,,,,,,,,,,,,
231,2024-08-09 17:28:02,2024-08-09 17:31:44,,00:01:33.9463064,,,,,,,,,,
232,2024-08-09 17:31:44,2024-08-09 17:32:47,,,,,,,,,,,,
233,2024-08-09 17:32:47,2024-08-09 17:34:20,,,,,,,,,,,,
234,2024-08-09 17:34:20,2024-08-09 17:35:29,,,,,,,,,,,,
235,2024-08-09 17:35:29,2024-08-09 17:38:18,,00:01:34.2247866,,,,,,,,,,
236,2024-08-09 17:38:18,2024-08-09 17:41:09,,00:01:41.5650709,,,,,,,,,,
237,2024-08-09 17:41:09,2024-08-09 17:42:11,,,,,,,,,,,,
238,2024-08-09 17:42:11,2024-08-09 17:42:18,,,,,,,,,,,,
239,2024-08-09 17:42:18,2024-08-09 17:44:41,,00:01:35.4099751,,,,,,,,,,
240,2024-08-09 17:44:41,2024-08-09 17:46:23,,,,,,,,,,,,
241,2024-08-09 17:46:23,2024-08-09 17:47:25,,,,,,,,,,,,
242,2024-08-09 17:47:25,2024-08-09 17:49:53,,00:01:34.9284576,,,,,,,,,,
243,2024-08-09 17:49:53,2024-08-09 17:52:46,,00:01:34.8707590,,,,,,,,,,
244,2024-08-09 17:52:46,2024-08-09 17:55:33,,00:01:33.9831600,,,,,,,,,,
245,2024-08-09 17:55:33,2024-08-09 17:56:34,,,,,,,,,,,,
246,2024-08-09 17:56:34,2024-08-09 17:58:49,,00:01:33.9080646,,,,,,,,,,
247,2024-08-09 17:58:49,2024-08-09 17:58:59,,,,,,,,,,,,
248,2024-08-09 17:58:59,2024-08-09 18:00:39,,,,,,,,,,,,
249,2024-08-09 18:00:39,2024-08-09 18:03:00,,00:01:34.8957640,,,,,,,,,,
250,2024-08-09 18:03:00,2024-08-09 18:04:02,,,,,,,,,,,,
251,2024-08-09 18:04:02,2024-08-09 18:10:37,,00:01:33.6041187,00:02:58.2011542,00:01:24.3766128,,,,,,,,
252,2024-08-09 18:10:37,2024-08-09 18:12:10,,,,,,,,,,,,
253,2024-08-09 18:12:10,2024-08-09 18:13:11,,,,,,,,,,,,
254,2024-08-09 18:13:11,2024-08-09 18:15:32,,00:01:33.6448417,,,,,,,,,,
255,2024-08-09 18:15:32,2024-08-09 18:17:07,,,,,,,,,,,,
256,2024-08-09 18:17:07,2024-08-09 18:18:08,,,,,,,,,,,,
257,2024-08-09 18:18:08,2024-08-09 18:18:16,,,,,,,,,,,,
258,2024-08-09 18:18:16,2024-08-09 18:19:18,,,,,,,,,,,,
259,2024-08-09 18:19:18,2024-08-09 18:20:53,,,,,,,,,,,,
260,2024-08-09 18:20:53,2024-08-09 18:21:01,,,,,,,,,,,,
261,2024-08-09 18:21:01,2024-08-09 18:23:27,,00:01:35.9321802,,,,,,,,,,
262,2024-08-09 18:23:27,2024-08-09 18:25:03,,,,,,,,,,,,
263,2024-08-09 18:25:03,2024-08-09 18:27:53,,00:01:34.2841317,,,,,,,,,,
264,2024-08-09 18:27:53,2024-08-09 18:29:56,,00:01:43.0001045,,,,,,,,,,
265,2024-08-09 18:29:56,2024-08-09 18:41:19,,00:01:34.6395763,00:02:55.3142346,00:01:17.9327944,,,,,,,,
266,2024-08-09 18:41:19,2024-08-09 18:41:29,,,,,,,,,,,,
267,2024-08-09 18:41:29,2024-08-09 18:44:23,,00:01:33.9062080,,,,,,,,,,
268,2024-08-09 18:44:23,2024-08-09 18:47:28,,00:01:33.7829491,,,,,,,,,,
269,2024-08-09 18:47:28,2024-08-09 18:50:37,,00:01:35.5204507,,,,,,,,,,
270,2024-08-09 18:50:37,2024-08-09 18:51:38,,,,,,,,,,,,
271,2024-08-09 18:51:38,2024-08-09 18:52:40,,,,,,,,,,,,
272,2024-08-09 18:52:40,2024-08-09 18:55:21,,00:01:33.8823579,,,,,,,,,,
273,2024-08-09 18:55:21,2024-08-09 18:59:27,,00:01:35.6975814,,,,,,,,,,
274,2024-08-09 18:59:27,2024-08-09 19:06:31,,00:01:35.1948174,00:03:02.0665721,00:01:16.7437985,,,,,,,,
275,2024-08-09 19:06:31,2024-08-09 19:09:02,,00:01:33.7545716,,,,,,,,,,
276,2024-08-09 19:09:02,2024-08-09 19:10:03,,,,,,,,,,,,
277,2024-08-09 19:10:03,2024-08-09 19:11:04,,,,,,,,,,,,
278,2024-08-09 19:11:04,2024-08-09 19:11:12,,,,,,,,,,,,
279,2024-08-09 19:11:12,2024-08-09 19:12:16,,,,,,,,,,,,
280,2024-08-09 19:12:16,2024-08-09 19:13:18,,,,,,,,,,,,
281,2024-08-09 19:13:18,2024-08-09 19:14:47,,,,,,,,,,,,
282,2024-08-09 19:14:47,2024-08-09 19:15:49,,,,,,,,,,,,
283,2024-08-09 19:15:49,2024-08-09 19:18:14,,00:01:33.4905561,,,,,,,,,,
284,2024-08-09 19:18:14,2024-08-09 19:34:52,00:16:39.2360378,00:01:34.7995829,00:02:59.7440205,00:01:22.6565589,00:01:49.5729357,00:01:20.8237131,00:01:04.0006228,00:00:43.4809555,00:00:53.3070281,00:00:41.3674212,00:01:20.2534637,00:02:08.5365845
285,2024-08-09 19:35:29,2024-08-09 19:35:40,,,,,,,,,,,,
286,2024-08-09 19:35:40,2024-08-09 19:35:50,,,,,,,,,,,,
287,2024-08-09 19:35:50,2024-08-09 19:46:41,,00:01:33.5676919,00:03:03.1532198,00:01:24.3414855,00:01:52.9980261,00:01:20.8385214,00:01:07.5222454,,,,,
288,2024-08-09 19:46:41,2024-08-09 19:46:51,,,,,,,,,,,,
289,2024-08-09 19:46:51,2024-08-09 19:47:53,,,,,,,,,,,,
290,2024-08-09 19:47:53,2024-08-09 19:48:53,,,,,,,,,,,,
291,2024-08-09 19:48:53,2024-08-09 19:55:59,,00:01:34.1637255,00:02:57.9670907,00:01:16.2752624,,,,,,,,
292,2024-08-09 19:55:59,2024-08-09 19:58:25,,00:01:35.5858710,,,,,,,,,,
293,2024-08-09 19:58:25,2024-08-09 20:00:14,,,,,,,,,,,,
294,2024-08-09 20:00:14,2024-08-09 20:02:37,,00:01:35.1421227,,,,,,,,,,
295,2024-08-09 20:02:37,2024-08-09 20:04:09,,,,,,,,,,,,
296,2024-08-09 20:04:09,2024-08-09 20:06:30,,00:01:35.8781070,,,,,,,,,,
297,2024-08-09 20:06:30,2024-08-09 20:06:38,,,,,,,,,,,,
298,2024-08-09 20:06:38,2024-08-09 20:07:39,,,,,,,,,,,,
299,2024-08-09 20:07:39,2024-08-09 20:08:53,,,,,,,,,,,,
300,2024-08-09 20:08:53,2024-08-09 20:09:01,,,,,,,,,,,,
301,2024-08-09 20:09:01,2024-08-09 20:10:04,,,,,,,,,,,,
302,2024-08-09 20:10:04,2024-08-09 20:11:37,,,,,,,,,,,,
303,2024-08-09 20:11:37,2024-08-09 20:19:43,,00:01:34.0515832,00:03:01.5105795,00:01:17.9104395,,,,,,,,
304,2024-08-10 08:22:27,2024-08-10 08:22:36,,,,,,,,,,,,
305,2024-08-10 08:22:36,2024-08-10 08:22:44,,,,,,,,,,,,
306,2024-08-10 08:22:44,2024-08-10 08:25:35,,00:01:35.2882555,,,,,,,,,,
307,2024-08-10 08:25:35,2024-08-10 08:27:12,,,,,,,,,,,,
308,2024-08-10 08:27:12,2024-08-10 08:28:14,,,,,,,,,,,,
309,2024-08-10 08:28:14,2024-08-10 08:29:15,,,,,,,,,,,,
310,2024-08-10 08:29:15,2024-08-10 08:30:47,,,,,,,,,,,,
311,2024-08-10 08:30:47,2024-08-10 08:31:49,,,,,,,,,,,,
312,2024-08-10 08:31:49,2024-08-10 08:32:51,,,,,,,,,,,,
313,2024-08-10 08:32:51,2024-08-10 08:34:23,,,,,,,,,,,,
314,2024-08-10 08:34:23,2024-08-10 08:35:25,,,,,,,,,,,,
315,2024-08-10 08:35:25,2024-08-10 08:38:32,,00:01:33.5807981,,,,,,,,,,
316,2024-08-10 08:38:32,2024-08-10 08:41:15,,00:01:33.7726013,,,,,,,,,,
317,2024-08-10 08:41:15,2024-08-10 08:42:45,,,,,,,,,,,,
318,2024-08-10 08:42:45,2024-08-10 08:49:17,,00:01:34.8059255,00:02:59.1318463,00:01:16.6651159,,,,,,,,
319,2024-08-10 08:49:17,2024-08-10 08:50:20,,,,,,,,,,,,
320,2024-08-10 08:50:20,2024-08-10 09:03:28,,00:01:33.9168976,00:03:00.2088593,00:01:16.5407799,00:01:55.2269397,00:01:24.5148813,00:01:06.0330754,00:00:43.6018614,,00:00:42.0944248,,
321,2024-08-10 09:03:28,2024-08-10 09:03:38,,,,,,,,,,,,
322,2024-08-10 09:03:38,2024-08-10 09:05:56,,00:01:37.2969079,,,,,,,,,,
323,2024-08-10 09:05:56,2024-08-10 09:08:17,,00:01:33.7734339,,,,,,,,,,
324,2024-08-10 09:08:17,2024-08-10 09:24:22,,00:01:34.2693495,00:03:00.4503377,00:01:17.5841939,00:01:55.5257956,00:01:20.4457603,00:01:01.8343124,00:00:43.7072311,00:01:05.7717623,00:00:43.5085550,00:01:36.2914941,
325,2024-08-10 09:24:22,2024-08-10 09:24:31,,,,,,,,,,,,
326,2024-08-10 09:24:31,2024-08-10 09:24:39,,,,,,,,,,,,
327,2024-08-10 09:24:39,2024-08-10 09:27:02,,00:01:37.0069383,,,,,,,,,,
328,2024-08-10 09:27:02,2024-08-10 09:29:23,,00:01:35.2089580,,,,,,,,,,
329,2024-08-10 09:29:23,2024-08-10 09:30:58,,,,,,,,,,,,
330,2024-08-10 09:30:58,2024-08-10 09:33:22,,00:01:36.1399878,,,,,,,,,,
331,2024-08-10 09:33:22,2024-08-10 09:34:24,,,,,,,,,,,,
332,2024-08-10 09:34:24,2024-08-10 09:34:31,,,,,,,,,,,,
333,2024-08-10 09:34:31,2024-08-10 09:35:33,,,,,,,,,,,,
334,2024-08-10 09:35:33,2024-08-10 09:37:06,,,,,,,,,,,,
335,2024-08-10 09:37:06,2024-08-10 09:39:33,,00:01:35.6664695,,,,,,,,,,
336,2024-08-10 09:39:33,2024-08-10 09:41:58,,00:01:34.2167494,,,,,,,,,,
337,2024-08-10 09:41:58,2024-08-10 09:42:10,,,,,,,,,,,,
338,2024-08-10 09:42:10,2024-08-10 09:43:15,,,,,,,,,,,,
339,2024-08-10 09:43:15,2024-08-10 09:49:32,,00:01:33.9214451,00:02:55.5224298,,,,,,,,,
340,2024-08-10 09:49:32,2024-08-10 09:49:45,,,,,,,,,,,,
341,2024-08-10 09:49:45,2024-08-10 09:56:39,,00:01:34.1628280,00:03:04.3105944,00:01:23.5888460,,,,,,,,
342,2024-08-10 09:56:39,2024-08-10 09:57:40,,,,,,,,,,,,
343,2024-08-10 09:57:40,2024-08-10 10:00:26,,00:01:35.7465332,,,,,,,,,,
344,2024-08-10 10:00:26,2024-08-10 10:01:28,,,,,,,,,,,,
345,2024-08-10 10:01:28,2024-08-10 10:03:03,,,,,,,,,,,,
346,2024-08-10 10:03:03,2024-08-10 10:17:25,,00:01:33.9748771,00:03:00.5631154,00:01:22.4166670,00:01:50.3303730,00:01:27.6913657,00:00:58.6040962,00:00:43.3989422,,00:00:41.4933617,,
347,2024-08-10 10:17:25,2024-08-10 10:17:34,,,,,,,,,,,,
348,2024-08-10 10:17:34,2024-08-10 10:17:42,,,,,,,,,,,,
349,2024-08-10 10:17:42,2024-08-10 10:17:50,,,,,,,,,,,,
350,2024-08-10 10:17:50,2024-08-10 10:20:11,,00:01:33.9242236,,,,,,,,,,
351,2024-08-10 10:20:11,2024-08-10 10:20:44,,,,,,,,,,,,
352,2024-08-10 10:20:44,2024-08-10 10:22:33,,,,,,,,,,,,
353,2024-08-10 10:22:33,2024-08-10 10:27:50,,00:01:34.8657742,00:02:58.6863527,,,,,,,,,
354,2024-08-10 10:27:50,2024-08-10 10:43:22,,00:01:33.7965529,00:02:55.4135744,00:01:21.6616262,00:01:55.3358437,00:01:24.5029787,00:01:03.3531388,00:00:44.2347379,00:00:56.1674289,00:00:43.9106111,00:01:20.7331792,
355,2024-08-10 10:43:22,2024-08-10 10:43:32,,,,,,,,,,,,
356,2024-08-10 10:43:32,2024-08-10 10:45:06,,,,,,,,,,,,
357,2024-08-10 10:45:06,2024-08-10 10:47:27,,00:01:35.3558776,,,,,,,,,,
358,2024-08-10 10:47:27,2024-08-10 10:49:00,,,,,,,,,,,,
359,2024-08-10 10:49:00,2024-08-10 10:55:40,,00:01:33.9494927,00:02:58.6221351,00:01:18.1750957,,,,,,,,
360,2024-08-10 10:55:40,2024-08-10 11:04:49,,00:01:33.8011189,00:02:55.7659401,00:01:17.5365599,00:02:00.8701751,,,,,,,
361,2024-08-10 11:04:49,2024-08-10 11:08:25,,00:01:33.8788885,,,,,,,,,,
362,2024-08-10 11:08:25,2024-08-10 11:21:40,,00:01:35.0114869,00:02:51.7957678,00:01:17.2444142,00:01:56.2322795,00:01:28.3034351,00:00:58.4136870,,,,,
363,2024-08-10 11:21:40,2024-08-10 11:21:50,,,,,,,,,,,,
364,2024-08-10 11:21:50,2024-08-10 11:24:13,,00:01:34.3840923,,,,,,,,,,
365,2024-08-10 11:24:13,2024-08-10 11:25:14,,,,,,,,,,,,
366,2024-08-10 11:25:14,2024-08-10 11:28:01,,00:01:34.1054195,,,,,,,,,,
367,2024-08-10 11:28:01,2024-08-10 11:28:09,,,,,,,,,,,,
368,2024-08-10 11:28:09,2024-08-10 11:30:53,,00:01:33.9327797,,,,,,,,,,
369,2024-08-10 11:30:53,2024-08-10 11:33:39,,00:01:33.7498737,,,,,,,,,,
370,2024-08-10 11:33:39,2024-08-10 11:33:47,,,,,,,,,,,,
371,2024-08-10 11:33:47,2024-08-10 11:36:59,,00:01:33.7468738,,,,,,,,,,
372,2024-08-10 11:36:59,2024-08-10 11:39:54,,00:01:33.7056346,,,,,,,,,,
373,2024-08-10 11:39:54,2024-08-10 11:53:08,,00:01:34.6803999,00:02:56.2287894,00:01:16.5609836,00:01:52.2708768,00:01:29.8713882,00:01:01.2550459,00:00:43.7855867,,00:00:47.5561266,,
374,2024-08-10 11:53:08,2024-08-10 11:54:09,,,,,,,,,,,,
375,2024-08-10 11:54:09,2024-08-10 11:55:13,,,,,,,,,,,,
376,2024-08-10 11:55:13,2024-08-10 11:57:33,,00:01:33.9671662,,,,,,,,,,
377,2024-08-10 11:57:33,2024-08-10 12:00:18,,00:01:34.3227699,,,,,,,,,,
378,2024-08-10 12:00:18,2024-08-10 12:01:50,,,,,,,,,,,,
379,2024-08-10 12:01:50,2024-08-10 12:04:12,,00:01:35.0999956,,,,,,,,,,
380,2024-08-10 12:04:12,2024-08-10 12:04:20,,,,,,,,,,,,
381,2024-08-10 12:04:20,2024-08-10 12:06:44,,00:01:33.7324848,,,,,,,,,,
382,2024-08-10 12:06:44,2024-08-10 12:06:52,,,,,,,,,,,,
383,2024-08-10 12:06:52,2024-08-10 12:09:12,,00:01:34.0967818,,,,,,,,,,
384,2024-08-10 12:09:12,2024-08-10 12:11:33,,00:01:34.7596356,,,,,,,,,,
385,2024-08-10 12:11:33,2024-08-10 12:13:53,,00:01:34.0427416,,,,,,,,,,
386,2024-08-10 12:13:53,2024-08-10 12:17:10,,00:01:33.8459620,,,,,,,,,,
387,2024-08-10 12:17:10,2024-08-10 12:17:18,,,,,,,,,,,,
388,2024-08-10 12:17:18,2024-08-10 12:19:01,,,,,,,,,,,,
389,2024-08-10 12:19:01,2024-08-10 12:19:09,,,,,,,,,,,,
390,2024-08-10 12:19:09,2024-08-10 12:20:10,,,,,,,,,,,,
391,2024-08-10 12:20:10,2024-08-10 12:22:06,,00:01:34.9647724,,,,,,,,,,
392,2024-08-10 12:22:06,2024-08-10 12:24:26,,00:01:33.9865826,,,,,,,,,,
393,2024-08-10 12:24:26,2024-08-10 12:24:34,,,,,,,,,,,,
394,2024-08-10 12:24:34,2024-08-10 12:26:06,,,,,,,,,,,,
395,2024-08-10 12:26:06,2024-08-10 12:27:07,,,,,,,,,,,,
396,2024-08-10 12:27:07,2024-08-10 12:27:15,,,,,,,,,,,,
397,2024-08-10 12:27:15,2024-08-10 12:29:36,,00:01:33.7307189,,,,,,,,,,
398,2024-08-10 12:29:36,2024-08-10 12:30:38,,,,,,,,,,,,
399,2024-08-10 12:30:38,2024-08-10 12:30:46,,,,,,,,,,,,
400,2024-08-10 12:30:46,2024-08-10 12:31:48,,,,,,,,,,,,
401,2024-08-10 12:31:48,2024-08-10 12:34:30,,00:01:34.9087790,,,,,,,,,,
402,2024-08-10 12:34:30,2024-08-10 12:41:24,,00:01:34.5109614,00:03:01.1165444,00:01:22.3546436,,,,,,,,
403,2024-08-10 12:41:24,2024-08-10 12:41:31,,,,,,,,,,,,
404,2024-08-10 12:41:31,2024-08-10 12:42:36,,,,,,,,,,,,
405,2024-08-10 12:42:36,2024-08-10 12:44:09,,,,,,,,,,,,
406,2024-08-10 12:44:09,2024-08-10 12:48:19,,00:01:33.6289444,,,,,,,,,,
407,2024-08-10 12:48:19,2024-08-10 12:51:14,,00:01:34.9633659,,,,,,,,,,
408,2024-08-10 16:46:20,2024-08-10 16:46:28,,,,,,,,,,,,
409,2024-08-10 16:46:28,2024-08-10 16:47:31,,,,,,,,,,,,
410,2024-08-10 16:47:31,2024-08-10 16:49:54,,00:01:36.6019411,,,,,,,,,,
411,2024-08-10 16:49:54,2024-08-10 16:50:57,,,,,,,,,,,,
412,2024-08-10 16:50:57,2024-08-10 16:52:00,,,,,,,,,,,,
413,2024-08-10 16:52:00,2024-08-10 16:52:08,,,,,,,,,,,,
414,2024-08-10 16:52:08,2024-08-10 17:01:03,,00:01:34.4659682,00:02:58.3882841,00:01:17.0672562,00:01:57.7793745,,,,,,,
415,2024-08-10 17:01:03,2024-08-10 17:03:25,,00:01:33.5863478,,,,,,,,,,
416,2024-08-10 17:03:25,2024-08-10 17:03:33,,,,,,,,,,,,
417,2024-08-10 17:03:33,2024-08-10 17:04:34,,,,,,,,,,,,
418,2024-08-10 17:04:34,2024-08-10 17:06:06,,,,,,,,,,,,
419,2024-08-10 17:06:06,2024-08-10 17:21:15,,00:01:33.5897637,00:03:01.2087707,00:01:19.1074382,00:01:52.5019819,00:01:20.4035920,00:01:01.1391796,00:00:43.4719615,00:01:08.3019963,00:00:41.9434435,00:01:34.5538312,
420,2024-08-10 17:21:15,2024-08-10 17:22:51,,,,,,,,,,,,
421,2024-08-10 17:22:51,2024-08-10 17:25:33,,00:01:33.4974011,,,,,,,,,,
422,2024-08-10 17:25:33,2024-08-10 17:25:41,,,,,,,,,,,,
423,2024-08-10 17:25:41,2024-08-10 17:26:44,,,,,,,,,,,,
424,2024-08-10 17:26:44,2024-08-10 17:29:07,,00:01:33.9530318,,,,,,,,,,
425,2024-08-10 17:29:07,2024-08-10 17:31:51,,00:01:35.3456667,,,,,,,,,,
426,2024-08-10 17:31:51,2024-08-10 17:34:44,,00:01:37.1116835,,,,,,,,,,
427,2024-08-10 17:34:44,2024-08-10 17:37:11,,00:01:34.4226537,,,,,,,,,,
428,2024-08-10 17:37:11,2024-08-10 17:38:14,,,,,,,,,,,,
429,2024-08-10 17:38:14,2024-08-10 17:39:16,,,,,,,,,,,,
430,2024-08-10 17:39:16,2024-08-10 17:41:43,,00:01:34.3708936,,,,,,,,,,
431,2024-08-10 17:41:43,2024-08-10 17:48:17,,00:01:34.0008208,00:02:57.8383727,00:01:23.8803061,,,,,,,,
432,2024-08-10 17:48:17,2024-08-10 17:49:20,,,,,,,,,,,,
433,2024-08-10 17:49:20,2024-08-10 17:50:21,,,,,,,,,,,,
434,2024-08-10 17:50:21,2024-08-10 17:50:29,,,,,,,,,,,,
435,2024-08-10 17:50:29,2024-08-10 17:53:19,,00:01:35.2737921,,,,,,,,,,
436,2024-08-10 17:53:19,2024-08-10 17:53:27,,,,,,,,,,,,
437,2024-08-10 17:53:27,2024-08-10 18:00:19,,00:01:34.0737997,00:03:01.2201021,00:01:25.1018535,,,,,,,,
438,2024-08-10 18:00:19,2024-08-10 18:05:37,,00:01:34.7907732,00:02:56.6860211,,,,,,,,,
439,2024-08-10 18:05:37,2024-08-10 18:09:00,,00:01:34.3031666,,,,,,,,,,
440,2024-08-10 18:09:00,2024-08-10 18:24:08,,,,,,,,,,,,
441,2024-08-11 08:56:44,2024-08-11 08:56:51,,,,,,,,,,,,
442,2024-08-11 08:57:39,2024-08-11 08:57:40,,,,,,,,,,,,
443,2024-08-11 09:09:30,2024-08-11 09:10:17,,,,,,,,,,,,
444,2024-08-11 09:10:27,2024-08-11 09:11:07,,,,,,,,,,,,
445,2024-08-11 09:14:01,2024-08-11 09:14:30,,,,,,,,,,,,
446,2024-08-17 09:56:33,2024-08-17 09:58:05,,,,,,,,,,,,
447,2024-08-17 09:58:05,2024-08-17 09:59:39,,,,,,,,,,,,
448,2024-08-17 09:59:39,2024-08-17 10:01:59,,00:01:33.6919804,,,,,,,,,,
449,2024-08-17 10:01:59,2024-08-17 10:03:31,,,,,,,,,,,,
450,2024-08-17 10:03:31,2024-08-17 10:04:37,,,,,,,,,,,,
451,2024-08-17 10:04:37,2024-08-17 10:05:38,,,,,,,,,,,,
452,2024-08-17 10:05:38,2024-08-17 10:06:39,,,,,,,,,,,,
453,2024-08-17 10:06:39,2024-08-17 10:08:10,,,,,,,,,,,,
454,2024-08-17 10:08:10,2024-08-17 10:08:17,,,,,,,,,,,,
455,2024-08-17 10:08:17,2024-08-17 10:08:26,,,,,,,,,,,,
456,2024-08-17 10:08:26,2024-08-17 10:11:08,,00:01:33.9285536,,,,,,,,,,
457,2024-08-17 10:11:08,2024-08-17 10:11:16,,,,,,,,,,,,
458,2024-08-17 10:11:16,2024-08-17 10:14:05,,00:01:36.7603250,,,,,,,,,,
459,2024-08-17 10:14:05,2024-08-17 10:15:06,,,,,,,,,,,,
460,2024-08-17 10:15:06,2024-08-17 10:16:36,,,,,,,,,,,,
461,2024-08-17 10:16:36,2024-08-17 10:18:57,,00:01:33.7441523,,,,,,,,,,
462,2024-08-17 10:18:57,2024-08-17 10:22:06,,00:01:33.8833460,,,,,,,,,,
463,2024-08-17 10:22:06,2024-08-17 10:22:14,,,,,,,,,,,,
464,2024-08-17 10:22:14,2024-08-17 10:22:26,,,,,,,,,,,,
465,2024-08-17 10:22:26,2024-08-17 10:23:55,,,,,,,,,,,,
466,2024-08-17 10:23:55,2024-08-17 10:26:17,,00:01:34.1015859,,,,,,,,,,
467,2024-08-17 10:26:17,2024-08-17 10:28:39,,00:01:33.5419643,,,,,,,,,,
468,2024-08-17 10:28:39,2024-08-17 10:30:16,,,,,,,,,,,,
469,2024-08-17 10:30:16,2024-08-17 10:31:21,,,,,,,,,,,,
470,2024-08-17 10:31:21,2024-08-17 10:48:20,,,,,,,,,,,,
471,2024-08-17 10:48:20,2024-08-17 11:04:22,00:16:03.5454538,00:01:33.5610602,00:02:54.7331823,00:01:16.7048547,00:01:55.2718532,00:01:22.3082919,00:00:58.3890748,00:00:43.4371489,00:01:08.0161579,00:00:41.7346097,00:01:25.0184377,00:01:27.6780772
472,2024-08-17 11:07:12,2024-08-17 11:07:21,,,,,,,,,,,,
473,2024-08-17 11:07:21,2024-08-17 11:08:22,,,,,,,,,,,,
474,2024-08-17 11:08:22,2024-08-17 11:08:30,,,,,,,,,,,,
475,2024-08-17 11:08:30,2024-08-17 11:09:57,,,,,,,,,,,,
476,2024-08-17 11:09:57,2024-08-17 11:12:41,,00:01:34.1186230,,,,,,,,,,
477,2024-08-17 11:12:41,2024-08-17 11:15:27,,00:01:33.8083743,,,,,,,,,,
478,2024-08-17 11:15:27,2024-08-17 11:18:12,,00:01:33.8124643,,,,,,,,,,
479,2024-08-17 11:18:12,2024-08-17 11:20:33,,00:01:33.7965425,,,,,,,,,,
480,2024-08-17 11:20:33,2024-08-17 11:23:43,,00:01:33.9012163,,,,,,,,,,
481,2024-08-17 11:23:43,2024-08-17 11:24:44,,,,,,,,,,,,
482,2024-08-17 11:24:44,2024-08-17 11:27:32,,00:01:34.1697029,,,,,,,,,,
483,2024-08-17 11:27:32,2024-08-17 11:29:57,,00:01:33.6585815,,,,,,,,,,
484,2024-08-17 11:29:57,2024-08-17 11:32:48,,00:01:34.6785411,,,,,,,,,,
485,2024-08-17 11:32:48,2024-08-17 11:33:51,,,,,,,,,,,,
486,2024-08-17 11:33:51,2024-08-17 11:34:53,,,,,,,,,,,,
487,2024-08-17 11:34:53,2024-08-17 11:37:13,,00:01:33.6730517,,,,,,,,,,
488,2024-08-17 11:37:13,2024-08-17 11:42:35,,00:01:33.6551036,00:03:04.0592667,,,,,,,,,
489,2024-08-17 11:42:35,2024-08-17 11:43:36,,,,,,,,,,,,
490,2024-08-17 11:43:36,2024-08-17 11:44:40,,,,,,,,,,,,
491,2024-08-17 11:44:40,2024-08-17 11:45:41,,,,,,,,,,,,
492,2024-08-17 11:45:41,2024-08-17 11:47:18,,,,,,,,,,,,
493,2024-08-17 11:47:18,2024-08-17 11:52:26,,00:01:33.7824736,00:02:56.2012131,,,,,,,,,
494,2024-08-17 11:52:26,2024-08-17 11:53:27,,,,,,,,,,,,
495,2024-08-17 11:53:27,2024-08-17 11:55:50,,00:01:34.5847203,,,,,,,,,,
496,2024-08-17 11:55:50,2024-08-17 11:57:28,,,,,,,,,,,,
497,2024-08-17 11:57:28,2024-08-17 11:59:47,,00:01:34.0427982,,,,,,,,,,
498,2024-08-17 11:59:47,2024-08-17 12:06:26,,00:01:34.6487429,00:03:02.1773816,00:01:18.1478314,,,,,,,,
499,2024-08-17 12:06:26,2024-08-17 12:08:47,,00:01:33.8446484,,,,,,,,,,
500,2024-08-17 12:08:47,2024-08-17 12:15:00,,00:01:34.6671112,,,,,,,,,,
501,2024-08-17 17:14:45,2024-08-17 17:47:33,,,,,,,,,,,,
502,2024-08-17 17:47:33,2024-08-17 17:50:19,,00:01:33.5373960,,,,,,,,,,
503,2024-08-17 17:50:19,2024-08-17 17:51:21,,,,,,,,,,,,
504,2024-08-17 17:51:21,2024-08-17 17:52:22,,,,,,,,,,,,
505,2024-08-17 17:52:22,2024-08-17 17:54:43,,00:01:33.5897362,,,,,,,,,,
506,2024-08-17 17:54:43,2024-08-17 17:59:09,,00:01:34.7996050,,,,,,,,,,
507,2024-08-17 17:59:09,2024-08-17 18:01:54,,00:01:34.9761447,,,,,,,,,,
508,2024-08-17 18:01:54,2024-08-17 18:05:31,,00:01:34.7732529,,,,,,,,,,
509,2024-08-17 18:05:31,2024-08-17 18:09:54,,00:01:34.2945812,,,,,,,,,,
510,2024-08-17 18:09:54,2024-08-17 18:14:02,,,,,,,,,,,,
511,2024-08-17 18:14:02,2024-08-17 18:15:06,,,,,,,,,,,,
512,2024-08-17 18:15:06,2024-08-17 18:18:12,,00:01:33.5568507,,,,,,,,,,
513,2024-08-17 18:18:12,2024-08-17 18:32:33,,00:01:33.9180877,00:02:56.0999609,00:01:20.1703548,00:01:55.9079368,00:01:27.7578846,00:01:02.2925949,00:00:43.4715582,,00:00:49.5872252,,
514,2024-08-17 18:32:33,2024-08-17 18:35:21,,00:01:33.8285151,,,,,,,,,,
515,2024-08-17 18:35:21,2024-08-17 18:36:22,,,,,,,,,,,,
516,2024-08-17 18:36:22,2024-08-17 18:49:21,,00:01:33.8838388,00:02:53.0053977,00:01:20.3702639,00:01:57.3720980,00:01:20.8424318,00:01:12.9148327,00:00:45.3259587,,00:00:47.5691527,,
517,2024-08-17 18:49:21,2024-08-17 18:49:31,,,,,,,,,,,,
518,2024-08-17 18:49:31,2024-08-17 18:51:02,,,,,,,,,,,,
519,2024-08-17 18:51:02,2024-08-17 18:51:10,,,,,,,,,,,,
520,2024-08-17 18:51:10,2024-08-17 18:52:12,,,,,,,,,,,,
521,2024-08-17 18:52:12,2024-08-17 18:53:19,,,,,,,,,,,,
522,2024-08-17 18:53:19,2024-08-17 18:53:26,,,,,,,,,,,,
523,2024-08-17 18:53:26,2024-08-17 18:56:11,,00:01:33.7385580,,,,,,,,,,
524,2024-08-17 18:56:11,2024-08-17 18:58:36,,00:01:35.3911935,,,,,,,,,,
525,2024-08-17 18:58:36,2024-08-17 19:01:25,,00:01:33.6241899,,,,,,,,,,
526,2024-08-17 19:01:25,2024-08-17 19:01:54,,,,,,,,,,,,
527,2024-08-17 19:02:58,2024-08-17 19:13:16,,00:01:34.8667087,00:02:57.9254945,00:01:16.7168101,00:01:54.9598173,,,,,,,
528,2024-08-18 09:35:05,2024-08-18 09:35:13,,,,,,,,,,,,
529,2024-08-18 09:35:13,2024-08-18 09:37:59,,00:01:34.8688074,,,,,,,,,,
530,2024-08-18 09:37:59,2024-08-18 09:40:48,,00:01:34.8444751,,,,,,,,,,
531,2024-08-18 09:40:48,2024-08-18 09:43:35,,00:01:34.1504719,,,,,,,,,,
532,2024-08-18 09:43:35,2024-08-18 09:48:50,,00:01:33.8267748,00:03:02.8642976,,,,,,,,,
533,2024-08-18 09:48:50,2024-08-18 09:49:51,,,,,,,,,,,,
534,2024-08-18 09:49:51,2024-08-18 09:53:05,,00:01:34.1134967,,,,,,,,,,
535,2024-08-18 09:53:05,2024-08-18 09:55:25,,00:01:35.0948458,,,,,,,,,,
536,2024-08-18 09:55:25,2024-08-18 09:58:08,,00:01:33.9752803,,,,,,,,,,
537,2024-08-18 09:58:08,2024-08-18 10:00:58,,00:01:33.9470123,,,,,,,,,,
538,2024-08-18 10:00:58,2024-08-18 10:02:27,,,,,,,,,,,,
539,2024-08-18 10:02:27,2024-08-18 10:03:29,,,,,,,,,,,,
540,2024-08-18 10:03:29,2024-08-18 10:03:37,,,,,,,,,,,,
541,2024-08-18 10:03:37,2024-08-18 10:06:06,,00:01:34.7768828,,,,,,,,,,
542,2024-08-18 10:06:06,2024-08-18 10:15:24,,,,,,,,,,,,
543,2024-08-18 10:15:24,2024-08-18 10:16:34,,,,,,,,,,,,
544,2024-08-18 10:16:34,2024-08-18 10:25:09,,00:01:34.7653006,00:02:59.5927820,00:01:18.0576018,00:01:51.1231859,,,,,,,
545,2024-08-18 10:25:09,2024-08-18 10:26:10,,,,,,,,,,,,
546,2024-08-18 10:26:10,2024-08-18 10:29:00,,00:01:35.7372488,,,,,,,,,,
547,2024-08-18 10:29:00,2024-08-18 10:31:24,,00:01:36.3345807,,,,,,,,,,
548,2024-08-18 10:31:24,2024-08-18 10:31:31,,,,,,,,,,,,
549,2024-08-18 10:31:31,2024-08-18 10:31:40,,,,,,,,,,,,
550,2024-08-18 10:31:40,2024-08-18 10:32:50,,,,,,,,,,,,
551,2024-08-18 10:32:50,2024-08-18 10:35:11,,00:01:34.9892488,,,,,,,,,,
552,2024-08-18 10:35:11,2024-08-18 10:38:08,,00:01:33.5844630,,,,,,,,,,
553,2024-08-18 10:38:08,2024-08-18 10:39:09,,,,,,,,,,,,
554,2024-08-18 10:39:09,2024-08-18 10:42:24,,00:01:34.0737747,,,,,,,,,,
555,2024-08-18 10:42:24,2024-08-18 10:42:31,,,,,,,,,,,,
556,2024-08-18 10:42:31,2024-08-18 10:43:44,,,,,,,,,,,,
557,2024-08-18 10:43:44,2024-08-18 10:46:03,,00:01:34.9535348,,,,,,,,,,
558,2024-08-18 10:46:03,2024-08-18 10:49:19,,00:01:33.9387512,,,,,,,,,,
559,2024-08-18 10:49:19,2024-08-18 10:51:37,,00:01:37.0108844,,,,,,,,,,
560,2024-08-18 10:51:37,2024-08-18 11:04:20,,00:01:37.4181103,00:02:55.4925145,00:01:16.6605981,00:01:59.8657497,00:01:19.1620057,00:01:10.0600015,00:00:43.7572091,,00:00:46.5036806,,
561,2024-08-18 11:04:20,2024-08-18 11:04:32,,,,,,,,,,,,
562,2024-08-18 11:04:32,2024-08-18 11:09:00,,00:01:34.1240518,,,,,,,,,,
563,2024-08-18 11:09:00,2024-08-18 11:10:02,,,,,,,,,,,,
564,2024-08-18 11:10:02,2024-08-18 11:13:40,,00:01:34.9648975,,,,,,,,,,
565,2024-08-18 11:13:40,2024-08-18 11:29:56,00:16:17.6666137,00:01:34.3914218,00:02:51.6833629,00:01:16.1291083,00:01:52.2489106,00:01:24.2503615,00:01:03.6738667,00:00:44.0550488,00:01:01.4082222,00:00:41.6927482,00:01:24.4463158,00:01:41.8564610
566,2024-08-18 11:30:56,2024-08-18 11:43:51,,00:01:33.9022236,00:02:51.8771754,00:01:18.7581471,00:01:56.0667909,00:01:25.1926610,00:01:00.9817713,00:00:43.9797467,,00:00:42.0782969,,
567,2024-08-18 11:43:51,2024-08-18 11:44:52,,,,,,,,,,,,
568,2024-08-18 11:44:52,2024-08-18 11:44:59,,,,,,,,,,,,
569,2024-08-18 11:44:59,2024-08-18 11:47:44,,00:01:33.6357577,,,,,,,,,,
570,2024-08-18 11:47:44,2024-08-18 11:50:25,,00:01:33.5871765,,,,,,,,,,
571,2024-08-18 11:50:25,2024-08-18 11:51:55,,,,,,,,,,,,
572,2024-08-18 11:51:55,2024-08-18 11:54:45,,00:01:34.4396515,,,,,,,,,,
573,2024-08-18 11:54:45,2024-08-18 11:56:18,,,,,,,,,,,,
574,2024-08-18 11:56:18,2024-08-18 11:58:40,,00:01:35.9168981,,,,,,,,,,
575,2024-08-18 11:58:40,2024-08-18 12:05:12,,00:01:34.4591504,00:02:52.0196630,00:01:20.7032292,,,,,,,,
576,2024-08-18 12:05:12,2024-08-18 12:06:13,,,,,,,,,,,,
577,2024-08-18 12:06:13,2024-08-18 12:06:20,,,,,,,,,,,,
578,2024-08-18 12:06:20,2024-08-18 12:13:14,,00:01:33.4953004,00:02:59.4591465,00:01:16.4911879,,,,,,,,
579,2024-08-18 12:13:14,2024-08-18 12:13:21,,,,,,,,,,,,
580,2024-08-18 12:13:21,2024-08-18 12:15:11,,,,,,,,,,,,
581,2024-08-18 12:15:11,2024-08-18 12:17:34,,00:01:33.7384297,,,,,,,,,,
582,2024-08-18 12:17:34,2024-08-18 12:18:31,,,,,,,,,,,,
583,2024-08-18 12:18:31,2024-08-18 12:21:18,,00:01:33.5664371,,,,,,,,,,
584,2024-08-18 12:21:18,2024-08-18 12:21:26,,,,,,,,,,,,
585,2024-08-18 12:21:26,2024-08-18 12:22:27,,,,,,,,,,,,
586,2024-08-18 12:22:27,2024-08-18 12:24:51,,00:01:36.0194201,,,,,,,,,,
587,2024-08-18 12:24:51,2024-08-18 12:24:58,,,,,,,,,,,,
588,2024-08-18 12:24:58,2024-08-18 12:25:06,,,,,,,,,,,,
589,2024-08-18 12:25:06,2024-08-18 12:26:41,,,,,,,,,,,,
590,2024-08-18 12:26:41,2024-08-18 12:30:43,,00:01:35.4587033,,,,,,,,,,
591,2024-08-18 12:30:43,2024-08-18 12:45:46,,00:01:35.4490376,00:02:58.4703639,00:01:17.6489060,00:01:50.2241109,00:01:19.2379448,00:01:03.4599149,00:00:43.4793002,00:01:05.6407306,00:00:52.2724186,00:01:34.1297728,
592,2024-08-18 12:45:46,2024-08-18 12:50:55,,00:01:35.9210918,00:02:54.4889057,,,,,,,,,
593,2024-08-18 12:50:55,2024-08-18 12:57:11,,00:01:35.2158942,00:03:01.7315468,00:01:18.6535327,,,,,,,,
594,2024-08-18 12:57:11,2024-08-18 12:59:32,,00:01:36.2276322,,,,,,,,,,
595,2024-08-18 12:59:32,2024-08-18 12:59:40,,,,,,,,,,,,
596,2024-08-18 12:59:40,2024-08-18 13:12:17,,00:01:33.6914928,00:02:58.3439622,00:01:16.9926991,00:01:51.3777819,00:01:24.8655988,00:01:00.7360618,00:00:43.8588478,,00:00:48.8362877,,
597,2024-08-18 13:12:17,2024-08-18 13:12:25,,,,,,,,,,,,
598,2024-08-18 13:12:25,2024-08-18 13:13:28,,,,,,,,,,,,
599,2024-08-18 13:13:28,2024-08-18 13:14:29,,,,,,,,,,,,
600,2024-08-18 13:14:29,2024-08-18 13:15:31,,,,,,,,,,,,
601,2024-08-18 13:15:31,2024-08-18 13:18:21,,00:01:35.9086492,,,,,,,,,,
602,2024-08-18 13:18:21,2024-08-18 13:19:48,,,,,,,,,,,,
603,2024-08-18 13:19:48,2024-08-18 13:26:39,,00:01:34.6078289,00:02:59.3766704,00:01:16.0118801,,,,,,,,
604,2024-08-18 13:26:39,2024-08-18 13:30:20,,00:01:34.7108964,,,,,,,,,,
605,2024-08-18 13:30:20,2024-08-18 13:33:59,,00:01:33.9770802,,,,,,,,,,
606,2024-08-18 13:33:59,2024-08-18 13:35:01,,,,,,,,,,,,
607,2024-08-18 13:35:01,2024-08-18 13:46:42,,00:01:36.2858747,00:02:54.4502546,00:01:22.4740723,00:01:55.6028849,00:01:18.7910107,00:01:03.5512823,00:00:44.8654843,,,,
608,2024-08-18 13:46:42,2024-08-18 13:46:52,,,,,,,,,,,,
609,2024-08-18 13:46:52,2024-08-18 13:53:27,,00:01:35.5557443,00:02:54.3297853,00:01:25.6382406,,,,,,,,
610,2024-08-18 13:53:27,2024-08-18 13:53:38,,,,,,,,,,,,
611,2024-08-18 13:53:38,2024-08-18 13:53:47,,,,,,,,,,,,
612,2024-08-18 13:53:47,2024-08-18 13:54:49,,,,,,,,,,,,
613,2024-08-18 13:54:49,2024-08-18 14:10:13,,00:01:34.9900970,00:02:54.5961524,00:01:19.2274237,00:02:01.6320249,00:01:19.8999693,00:00:58.4732839,00:00:43.5853131,,00:00:41.9568608,,
614,2024-08-18 14:10:13,2024-08-18 14:10:22,,,,,,,,,,,,
615,2024-08-18 14:10:22,2024-08-18 14:10:31,,,,,,,,,,,,
616,2024-08-18 14:10:31,2024-08-18 14:21:51,,00:01:33.6224832,00:02:54.7867541,00:01:17.6849162,00:02:05.5432484,,,,,,,
617,2024-08-18 14:21:51,2024-08-18 14:32:54,,00:01:36.8474733,,,,,,,,,,
618,2024-08-18 14:32:54,2024-08-18 14:39:27,,00:01:33.5852435,00:02:57.3303101,00:01:22.5503563,,,,,,,,
619,2024-08-18 14:39:27,2024-08-18 14:41:00,,,,,,,,,,,,
620,2024-08-18 14:41:00,2024-08-18 14:47:48,,00:01:36.1065879,00:02:59.0933771,00:01:16.6278350,,,,,,,,
621,2024-08-18 14:47:48,2024-08-18 14:51:16,,,,,,,,,,,,
622,2024-08-18 14:51:16,2024-08-18 15:02:36,,00:01:34.9917494,00:03:05.3252628,00:01:16.9239817,00:01:54.1883130,00:01:22.1753180,00:00:58.3018922,00:00:50.7432862,,,,
623,2024-08-18 15:02:36,2024-08-18 15:03:38,,,,,,,,,,,,
624,2024-08-18 15:03:38,2024-08-18 15:06:29,,00:01:33.4848954,,,,,,,,,,
625,2024-08-18 15:06:29,2024-08-18 15:18:12,,00:01:33.6655303,00:02:53.3218836,00:01:17.6161310,00:01:50.7591498,00:01:27.7873369,00:01:03.2040446,,,,,
626,2024-08-18 15:18:12,2024-08-18 15:19:13,,,,,,,,,,,,
627,2024-08-18 15:19:13,2024-08-18 15:21:33,,00:01:33.5034728,,,,,,,,,,
628,2024-08-18 15:21:33,2024-08-18 15:21:41,,,,,,,,,,,,
629,2024-08-18 15:21:41,2024-08-18 15:37:12,,00:01:35.2388375,00:02:57.7212286,00:01:16.3916490,00:01:50.0965611,00:01:22.5022457,00:01:01.4792579,00:00:43.6152622,00:00:57.5157882,00:00:44.3888870,00:01:24.9937855,
630,2024-08-18 15:37:12,2024-08-18 15:38:13,,,,,,,,,,,,
631,2024-08-18 15:38:13,2024-08-18 15:42:45,,00:01:34.3523317,,,,,,,,,,
632,2024-08-18 15:42:45,2024-08-18 15:44:19,,,,,,,,,,,,
633,2024-08-18 15:44:19,2024-08-18 15:45:21,,,,,,,,,,,,
634,2024-08-18 15:45:21,2024-08-18 15:45:29,,,,,,,,,,,,
635,2024-08-18 15:45:29,2024-08-18 15:45:37,,,,,,,,,,,,
636,2024-08-18 15:45:37,2024-08-18 15:46:46,,,,,,,,,,,,
637,2024-08-18 15:46:46,2024-08-18 16:01:45,,00:01:35.6665901,00:02:54.2009247,00:01:21.4189943,00:01:51.7247946,00:01:23.7268655,00:01:00.8527105,00:00:44.1906869,00:00:54.2233495,00:00:42.0045758,00:01:33.2408131,
638,2024-08-18 16:01:45,2024-08-18 16:04:29,,00:01:36.6196355,,,,,,,,,,
639,2024-08-18 16:04:29,2024-08-18 16:06:49,,00:01:34.7412587,,,,,,,,,,
640,2024-08-18 16:06:49,2024-08-18 16:08:19,,,,,,,,,,,,
641,2024-08-18 16:08:19,2024-08-18 16:09:48,,,,,,,,,,,,
642,2024-08-18 16:09:48,2024-08-18 16:12:42,,00:01:36.9446944,,,,,,,,,,
643,2024-08-18 16:12:42,2024-08-18 16:17:18,,00:01:33.6636005,,,,,,,,,,
644,2024-08-18 16:17:18,2024-08-18 16:18:21,,,,,,,,,,,,
645,2024-08-18 16:18:21,2024-08-18 16:28:35,,00:01:33.5127294,00:03:00.3419502,00:01:16.9811488,00:01:51.4347087,00:01:22.0645354,,,,,,
646,2024-08-18 16:28:35,2024-08-18 16:28:43,,,,,,,,,,,,
647,2024-08-18 16:28:43,2024-08-18 16:31:27,,00:01:34.0411190,,,,,,,,,,
648,2024-08-18 16:31:27,2024-08-18 16:33:50,,00:01:33.9358579,,,,,,,,,,
649,2024-08-18 16:33:50,2024-08-18 16:34:51,,,,,,,,,,,,
650,2024-08-18 16:34:51,2024-08-18 16:35:53,,,,,,,,,,,,
651,2024-08-18 16:35:53,2024-08-18 16:38:15,,00:01:34.8710336,,,,,,,,,,
652,2024-08-18 16:38:15,2024-08-18 16:38:23,,,,,,,,,,,,
653,2024-08-18 16:38:23,2024-08-18 16:39:25,,,,,,,,,,,,
654,2024-08-18 16:39:25,2024-08-18 16:40:34,,,,,,,,,,,,
655,2024-08-18 16:40:34,2024-08-18 16:41:35,,,,,,,,,,,,
656,2024-08-18 16:41:35,2024-08-18 16:43:57,,00:01:34.7282424,,,,,,,,,,
657,2024-08-18 16:43:57,2024-08-18 16:44:58,,,,,,,,,,,,
658,2024-08-18 16:44:58,2024-08-18 16:45:09,,,,,,,,,,,,
659,2024-08-18 16:45:09,2024-08-18 16:46:11,,,,,,,,,,,,
660,2024-08-18 16:46:11,2024-08-18 16:46:20,,,,,,,,,,,,
661,2024-08-18 16:46:20,2024-08-18 16:47:25,,,,,,,,,,,,
662,2024-08-18 16:47:25,2024-08-18 16:49:20,,,,,,,,,,,,
663,2024-08-18 16:49:20,2024-08-18 16:52:12,,,,,,,,,,,,
664,2024-08-19 09:34:08,2024-08-19 09:38:44,,00:01:34.7954489,,,,,,,,,,
665,2024-08-19 09:38:44,2024-08-19 09:38:51,,,,,,,,,,,,
666,2024-08-19 09:38:51,2024-08-19 09:39:53,,,,,,,,,,,,
667,2024-08-19 09:39:53,2024-08-19 09:40:54,,,,,,,,,,,,
668,2024-08-19 09:40:54,2024-08-19 09:56:25,,00:01:33.7122140,00:02:59.7567705,00:01:18.0781965,00:01:51.7968504,00:01:22.3145887,00:00:58.5094102,00:00:44.0111371,00:00:57.2300608,00:00:41.5379324,00:01:24.4205129,
669,2024-08-19 09:56:25,2024-08-19 09:56:36,,,,,,,,,,,,
670,2024-08-19 09:56:36,2024-08-19 09:56:43,,,,,,,,,,,,
671,2024-08-19 09:56:43,2024-08-19 09:57:44,,,,,,,,,,,,
672,2024-08-19 09:57:44,2024-08-19 09:57:52,,,,,,,,,,,,
673,2024-08-19 09:57:52,2024-08-19 10:00:15,,00:01:35.5571239,,,,,,,,,,
674,2024-08-19 10:00:15,2024-08-19 10:01:17,,,,,,,,,,,,
675,2024-08-19 10:01:17,2024-08-19 10:02:18,,,,,,,,,,,,
676,2024-08-19 10:02:18,2024-08-19 10:02:26,,,,,,,,,,,,
677,2024-08-19 10:02:26,2024-08-19 10:08:56,,00:01:33.6707788,00:02:53.3780108,00:01:16.6875367,,,,,,,,
678,2024-08-19 10:08:56,2024-08-19 10:09:04,,,,,,,,,,,,
679,2024-08-19 10:09:04,2024-08-19 10:10:28,,,,,,,,,,,,
680,2024-08-19 10:10:28,2024-08-19 10:23:02,,00:01:33.9734848,00:02:59.5087400,00:01:16.3647238,00:01:52.2938135,00:01:26.6776267,00:01:05.2562424,00:00:43.5827349,,00:00:43.5169364,,
681,2024-08-19 10:23:02,2024-08-19 10:29:54,,00:01:33.6013239,00:02:59.6561278,00:01:20.2626901,,,,,,,,
682,2024-08-19 10:29:54,2024-08-19 10:32:39,,00:01:34.6522469,,,,,,,,,,
683,2024-08-19 10:32:39,2024-08-19 10:38:31,,00:01:35.0612021,00:02:57.4480290,,,,,,,,,
684,2024-08-19 10:38:31,2024-08-19 10:40:04,,,,,,,,,,,,
685,2024-08-19 10:40:04,2024-08-19 10:49:02,,00:01:34.6694280,00:02:52.1104974,00:01:18.0018708,,,,,,,,
686,2024-08-19 10:49:02,2024-08-19 10:50:04,,,,,,,,,,,,
687,2024-08-19 10:50:04,2024-08-19 11:01:11,,00:01:33.6521704,00:02:54.7266605,00:01:18.6859294,00:01:53.9545566,00:01:20.1135608,00:01:03.5185306,,,,,
688,2024-08-19 11:01:11,2024-08-19 11:03:32,,00:01:35.5152959,,,,,,,,,,
689,2024-08-19 11:03:32,2024-08-19 11:04:34,,,,,,,,,,,,
690,2024-08-19 11:04:34,2024-08-19 11:17:09,,00:01:33.7010041,00:02:54.9116247,00:01:16.6346606,00:01:54.8309247,00:01:19.1253265,00:01:03.9992468,00:00:44.6219945,,00:00:49.3096536,,
691,2024-08-19 11:17:09,2024-08-19 11:20:21,,00:01:34.2534522,,,,,,,,,,
692,2024-08-19 11:20:21,2024-08-19 11:20:29,,,,,,,,,,,,
693,2024-08-19 11:20:29,2024-08-19 11:24:34,,00:01:33.9725769,,,,,,,,,,
694,2024-08-19 11:24:34,2024-08-19 11:24:41,,,,,,,,,,,,
695,2024-08-19 11:24:41,2024-08-19 11:26:17,,,,,,,,,,,,
696,2024-08-19 11:26:17,2024-08-19 11:27:47,,,,,,,,,,,,
697,2024-08-19 11:27:47,2024-08-19 11:29:13,,,,,,,,,,,,
698,2024-08-19 11:29:13,2024-08-19 11:30:14,,,,,,,,,,,,
699,2024-08-19 11:30:14,2024-08-19 11:31:48,,,,,,,,,,,,
700,2024-08-19 11:31:48,2024-08-19 11:44:43,,00:01:34.7361868,00:03:00.3047178,00:01:20.3616637,00:01:51.4850532,00:01:20.0059092,00:00:58.5785792,00:00:44.0175360,,00:00:48.0737547,,
701,2024-08-19 11:44:44,2024-08-19 11:44:53,,,,,,,,,,,,
702,2024-08-19 11:44:53,2024-08-19 11:53:26,,00:01:33.5010604,00:02:57.1712073,00:01:16.7185263,00:01:57.7181347,,,,,,,
703,2024-08-19 11:53:26,2024-08-19 11:54:27,,,,,,,,,,,,
704,2024-08-19 11:54:27,2024-08-19 11:58:03,,00:01:33.9588539,,,,,,,,,,
705,2024-08-19 11:58:03,2024-08-19 11:58:11,,,,,,,,,,,,
706,2024-08-19 11:58:11,2024-08-19 12:14:01,,00:01:34.1925565,00:03:00.7852858,00:01:17.8026322,00:01:56.5659878,00:01:24.4326151,00:01:01.0083693,00:00:43.4530918,,00:00:41.8600629,00:01:22.7106648,
707,2024-08-19 12:14:01,2024-08-19 12:14:10,,,,,,,,,,,,
708,2024-08-19 12:14:10,2024-08-19 12:16:32,,00:01:34.7451551,,,,,,,,,,
709,2024-08-19 12:16:32,2024-08-19 12:28:00,,00:01:35.9436859,00:02:57.6633981,00:01:17.4925467,00:01:56.1277300,00:01:26.5568772,00:00:58.3532572,00:00:43.8967417,,,,
710,2024-08-19 12:28:01,2024-08-19 12:28:13,,,,,,,,,,,,
711,2024-08-19 12:28:13,2024-08-19 12:28:20,,,,,,,,,,,,
712,2024-08-19 12:28:20,2024-08-19 12:30:38,,00:01:33.7544131,,,,,,,,,,
713,2024-08-19 12:30:38,2024-08-19 12:52:14,,00:01:33.8357580,00:02:51.6553914,00:01:16.9416834,00:01:52.2590541,00:01:19.7673559,00:01:06.4057007,00:00:43.5723275,00:00:56.8175241,00:00:50.8708893,00:01:23.8607362,
714,2024-08-19 12:52:14,2024-08-19 12:52:23,,,,,,,,,,,,
715,2024-08-19 12:52:23,2024-08-19 12:53:53,,,,,,,,,,,,
716,2024-08-19 12:53:53,2024-08-19 12:56:12,,00:01:34.9358690,,,,,,,,,,
717,2024-08-19 12:56:12,2024-08-19 12:58:34,,00:01:33.5281221,,,,,,,,,,
718,2024-08-19 12:58:34,2024-08-19 12:58:42,,,,,,,,,,,,
719,2024-08-19 12:58:42,2024-08-19 13:01:28,,00:01:33.6565883,,,,,,,,,,
720,2024-08-19 13:01:28,2024-08-19 13:01:36,,,,,,,,,,,,
721,2024-08-19 13:01:36,2024-08-19 13:02:40,,,,,,,,,,,,
722,2024-08-19 13:02:40,2024-08-19 13:09:12,,00:01:34.0977923,00:02:58.1321108,00:01:16.7172767,,,,,,,,
723,2024-08-19 13:09:12,2024-08-19 13:09:20,,,,,,,,,,,,
724,2024-08-19 13:09:20,2024-08-19 13:09:55,,,,,,,,,,,,
725,2024-08-19 13:09:55,2024-08-19 13:12:46,,00:01:33.4656755,,,,,,,,,,
726,2024-08-19 13:12:46,2024-08-19 13:13:47,,,,,,,,,,,,
727,2024-08-19 13:13:47,2024-08-19 13:16:03,,00:01:34.2807510,,,,,,,,,,
728,2024-08-19 13:16:03,2024-08-19 13:20:32,,,,,,,,,,,,
729,2024-08-19 13:20:32,2024-08-19 13:20:40,,,,,,,,,,,,
730,2024-08-19 13:20:40,2024-08-19 13:35:27,,00:01:34.6076580,00:02:53.2201194,00:01:16.1441176,00:01:53.3618679,00:01:19.3045206,00:00:58.4932085,00:00:43.5620812,00:01:04.9445148,00:00:41.8137735,00:01:34.4669387,
731,2024-08-19 13:35:27,2024-08-19 13:37:48,,00:01:33.6452217,,,,,,,,,,
732,2024-08-19 13:37:48,2024-08-19 13:38:49,,,,,,,,,,,,
733,2024-08-19 13:38:49,2024-08-19 13:40:26,,,,,,,,,,,,
734,2024-08-19 13:40:26,2024-08-19 13:41:37,,,,,,,,,,,,
735,2024-08-19 13:41:37,2024-08-19 13:43:56,,00:01:34.6353165,,,,,,,,,,
736,2024-08-19 13:43:56,2024-08-19 13:45:04,,,,,,,,,,,,
737,2024-08-19 13:45:04,2024-08-19 13:45:17,,,,,,,,,,,,
738,2024-08-19 13:45:17,2024-08-19 13:46:18,,,,,,,,,,,,
739,2024-08-19 13:46:18,2024-08-19 13:47:20,,,,,,,,,,,,
740,2024-08-19 13:47:20,2024-08-19 13:48:53,,,,,,,,,,,,
741,2024-08-19 13:48:53,2024-08-19 13:51:11,,00:01:33.8418588,,,,,,,,,,
742,2024-08-19 13:51:11,2024-08-19 13:52:13,,,,,,,,,,,,
743,2024-08-19 13:52:13,2024-08-19 13:53:14,,,,,,,,,,,,
744,2024-08-19 13:53:14,2024-08-19 14:00:10,,00:01:34.5414034,00:02:59.8662839,00:01:18.5546604,,,,,,,,
745,2024-08-19 14:00:10,2024-08-19 14:01:40,,,,,,,,,,,,
746,2024-08-19 14:01:40,2024-08-19 14:01:48,,,,,,,,,,,,
747,2024-08-19 14:01:48,2024-08-19 14:02:57,,,,,,,,,,,,
748,2024-08-19 14:02:57,2024-08-19 14:05:20,,00:01:33.9917560,,,,,,,,,,
749,2024-08-19 14:05:20,2024-08-19 14:07:43,,00:01:34.5102448,,,,,,,,,,
750,2024-08-19 14:07:43,2024-08-19 14:08:47,,,,,,,,,,,,
751,2024-08-19 14:08:47,2024-08-19 14:15:43,,00:01:33.7050045,00:03:00.4188432,00:01:18.6902517,,,,,,,,
752,2024-08-19 14:15:43,2024-08-19 14:18:30,,00:01:33.7034854,,,,,,,,,,
753,2024-08-19 14:18:30,2024-08-19 14:18:38,,,,,,,,,,,,
754,2024-08-19 14:18:38,2024-08-19 14:33:54,,00:01:34.3206685,00:02:54.2443117,00:01:16.3325955,00:01:51.2865416,00:01:25.2196957,00:00:58.1806271,00:00:43.7078199,00:01:16.5908541,00:00:41.4494508,00:01:27.4329749,
755,2024-08-19 14:33:54,2024-08-19 14:46:41,,00:01:33.5803199,00:02:53.1382873,00:01:17.6405939,00:01:58.3774183,00:01:20.5880953,00:00:59.8516515,00:00:43.6690250,,00:00:49.6619897,,
756,2024-08-19 14:46:41,2024-08-19 14:46:50,,,,,,,,,,,,
757,2024-08-19 14:46:50,2024-08-19 14:46:59,,,,,,,,,,,,
758,2024-08-19 14:46:59,2024-08-19 14:55:44,,00:01:34.4201592,00:02:56.2815802,00:01:22.2284300,00:01:50.9379534,,,,,,,
759,2024-08-19 14:55:44,2024-08-19 14:55:55,,,,,,,,,,,,
760,2024-08-19 14:55:55,2024-08-19 14:56:56,,,,,,,,,,,,
761,2024-08-19 14:56:56,2024-08-19 14:57:04,,,,,,,,,,,,
762,2024-08-19 14:57:04,2024-08-19 15:00:21,,00:01:34.1414727,,,,,,,,,,
763,2024-08-20 12:13:15,2024-08-20 12:13:23,,,,,,,,,,,,
764,2024-08-20 12:13:23,2024-08-20 12:15:46,,00:01:33.6358687,,,,,,,,,,
765,2024-08-20 12:15:46,2024-08-20 12:15:53,,,,,,,,,,,,
766,2024-08-20 12:15:54,2024-08-20 12:18:14,,00:01:33.7985854,,,,,,,,,,
767,2024-08-20 12:18:14,2024-08-20 12:18:21,,,,,,,,,,,,
768,2024-08-20 12:18:21,2024-08-20 12:19:23,,,,,,,,,,,,
769,2024-08-20 12:19:23,2024-08-20 12:21:44,,00:01:34.3854362,,,,,,,,,,
770,2024-08-20 12:21:44,2024-08-20 12:32:38,,00:01:33.6239416,00:02:53.8072322,00:01:25.8327395,00:01:54.2869973,00:01:21.0823805,00:01:02.1848026,,,,,
771,2024-08-20 12:32:38,2024-08-20 12:39:13,,00:01:33.8139713,00:02:52.1832559,00:01:17.1199724,,,,,,,,
772,2024-08-20 12:39:13,2024-08-20 12:40:42,,,,,,,,,,,,
773,2024-08-20 12:40:42,2024-08-20 12:40:50,,,,,,,,,,,,
774,2024-08-20 12:40:50,2024-08-20 12:43:37,,00:01:35.9003610,,,,,,,,,,
775,2024-08-20 12:43:37,2024-08-20 12:50:27,,00:01:33.9525493,00:02:59.5201346,00:01:19.5145594,,,,,,,,
776,2024-08-20 12:50:27,2024-08-20 12:52:47,,00:01:34.3087453,,,,,,,,,,
777,2024-08-20 12:52:47,2024-08-20 12:55:04,,00:01:33.9387455,,,,,,,,,,
778,2024-08-20 12:55:04,2024-08-20 12:55:11,,,,,,,,,,,,
779,2024-08-20 12:55:11,2024-08-20 12:58:23,,00:01:33.5317689,,,,,,,,,,
780,2024-08-20 12:58:23,2024-08-20 12:58:31,,,,,,,,,,,,
781,2024-08-20 12:58:31,2024-08-20 13:03:50,,00:01:33.7603459,00:02:58.6232547,,,,,,,,,
782,2024-08-20 13:03:50,2024-08-20 13:06:38,,00:01:35.0437514,,,,,,,,,,
783,2024-08-20 13:06:38,2024-08-20 13:06:46,,,,,,,,,,,,
784,2024-08-20 13:06:46,2024-08-20 13:08:10,,,,,,,,,,,,
785,2024-08-20 13:08:10,2024-08-20 13:14:55,,00:01:34.1376211,00:02:53.8161290,00:01:16.9944539,,,,,,,,
786,2024-08-20 13:14:55,2024-08-20 13:17:13,,00:01:37.2932750,,,,,,,,,,
787,2024-08-20 13:17:13,2024-08-20 13:32:57,,00:01:34.4107321,00:02:52.9749971,00:01:16.6454205,00:01:57.8061983,00:01:23.4193190,00:00:58.4686437,00:00:43.5756073,00:01:00.5854693,00:00:41.7538585,00:01:24.7360425,
788,2024-08-20 13:32:57,2024-08-20 13:33:06,,,,,,,,,,,,
789,2024-08-20 13:33:06,2024-08-20 13:35:48,,00:01:33.5564205,,,,,,,,,,
790,2024-08-20 13:35:48,2024-08-20 13:38:09,,00:01:35.3845495,,,,,,,,,,
791,2024-08-20 13:38:09,2024-08-20 13:40:27,,00:01:34.2232390,,,,,,,,,,
792,2024-08-20 13:40:27,2024-08-20 13:43:40,,00:01:33.9281745,,,,,,,,,,
793,2024-08-20 13:43:40,2024-08-20 13:59:29,00:15:51.0715142,00:01:33.5669226,00:02:54.8057409,00:01:16.5458534,00:01:56.5910658,00:01:24.3424651,00:00:58.1481033,00:00:43.9501949,00:00:51.4742244,00:00:42.4387210,00:01:23.2457080,00:01:25.7247019
794,2024-11-07 21:49:33,2024-11-07 21:50:12,,,,,,,,,,,,
795,2024-11-07 21:50:12,2024-11-07 21:50:28,,,,,,,,,,,,
