id,started,ended,realTime,BOB (1),WF (6),CCM (8),DW (Bowser),SSL (11),LLL (12),HMC (15),MIPS Clip,DDD (16),FS (Bowser),BLJs,BitS (Bowser)
1,2023-03-04 05:35:47,2023-03-04 05:35:57,,,,,,,,,,,,,
2,2023-03-04 05:36:32,2023-03-04 06:07:59,00:31:25.3888870,,00:08:10.5276960,00:01:49.6355610,00:03:22.6038280,00:02:03.7412270,00:01:15.1418030,,,00:06:21.7205380,00:03:00.7579460,,00:05:21.2602830
3,2023-03-04 06:10:16,2023-03-04 06:20:14,,,00:07:07.3523370,,,,,,,,,,
4,2023-03-04 06:42:13,2023-03-04 06:44:49,,,,,,,,,,,,,
5,2023-03-04 06:44:56,2023-03-04 06:46:21,,,,,,,,,,,,,
6,2023-03-11 21:37:11,2023-03-11 21:38:17,,,,,,,,,,,,,
7,2023-03-11 21:38:22,2023-03-11 21:39:33,,,,,,,,,,,,,
8,2023-03-11 21:39:35,2023-03-11 21:40:43,,,,,,,,,,,,,
9,2023-03-11 21:40:45,2023-03-11 21:41:51,,,,,,,,,,,,,
10,2023-03-11 21:41:55,2023-03-11 21:43:03,,,,,,,,,,,,,
11,2023-03-11 21:43:06,2023-03-11 21:44:11,,,,,,,,,,,,,
12,2023-03-11 21:44:14,2023-03-11 21:45:18,,,,,,,,,,,,,
13,2023-03-11 21:45:20,2023-03-11 21:46:25,,,,,,,,,,,,,
14,2023-03-11 21:46:27,2023-03-11 21:49:25,,,,,,,,,,,,,
15,2023-03-11 21:49:28,2023-03-11 22:01:25,,00:01:51.7285620,00:03:53.1964640,00:01:31.7255780,,,,,,,,,
16,2023-03-11 22:03:41,2023-03-11 22:04:46,,,,,,,,,,,,,
17,2023-03-11 22:04:47,2023-03-11 22:07:18,,,,,,,,,,,,,
18,2023-03-11 22:07:24,2023-03-11 22:09:11,,,,,,,,,,,,,
19,2023-03-11 22:09:12,2023-03-11 22:34:48,,00:01:42.8903620,00:03:57.0303470,00:01:30.9091140,00:02:40.6725660,00:01:50.1254750,00:00:36.7562450,00:01:58.4187800,,00:02:49.9050090,,00:05:16.5780440,
20,2023-03-16 01:28:14,2023-03-16 01:30:09,,,,,,,,,,,,,
21,2023-03-16 01:31:54,2023-03-16 01:33:00,,,,,,,,,,,,,
22,2023-03-16 01:33:01,2023-03-16 02:03:08,00:30:06.1426770,00:01:43.1382000,00:03:43.7805890,00:01:53.2287260,00:03:03.1392140,00:01:32.8187160,00:00:36.7268320,00:01:50.9473520,00:01:44.2889480,00:01:11.7976800,00:02:37.5008070,00:02:38.6194760,00:07:30.1561310
23,2023-03-17 03:24:49,2023-03-17 03:26:41,,00:01:48.6498250,,,,,,,,,,,
24,2023-03-17 03:27:52,2023-03-17 03:29:46,,,,,,,,,,,,,
25,2023-03-17 03:29:47,2023-03-17 03:29:49,,,,,,,,,,,,,
26,2023-03-17 03:29:55,2023-03-17 03:52:51,00:22:54.2184930,00:01:42.3076140,00:03:59.8869180,00:01:36.5951070,00:02:38.1018070,00:01:31.1386680,00:00:36.7169120,00:01:37.2074260,00:01:04.5911090,00:01:02.9259590,00:02:31.6569030,00:01:58.3189980,00:02:34.7710650
27,2023-03-17 04:01:41,2023-03-17 04:03:21,,,,,,,,,,,,,
28,2023-03-17 04:03:23,2023-03-17 04:04:28,,,,,,,,,,,,,
29,2023-03-17 04:04:29,2023-03-17 04:05:34,,,,,,,,,,,,,
30,2023-03-17 04:05:35,2023-03-17 04:06:40,,,,,,,,,,,,,
31,2023-03-17 04:06:42,2023-03-17 04:08:45,,,,,,,,,,,,,
32,2023-03-17 04:08:49,2023-03-17 04:08:59,,,,,,,,,,,,,
33,2023-03-17 04:09:01,2023-03-17 04:10:09,,,,,,,,,,,,,
34,2023-03-17 04:10:11,2023-03-17 04:11:17,,,,,,,,,,,,,
35,2023-03-17 04:11:18,2023-03-17 04:12:31,,,,,,,,,,,,,
36,2023-03-17 04:12:32,2023-03-17 04:14:25,,,,,,,,,,,,,
37,2023-03-17 04:14:28,2023-03-17 04:16:15,,,,,,,,,,,,,
38,2023-03-17 04:16:22,2023-03-17 04:16:24,,,,,,,,,,,,,
39,2023-03-17 04:16:27,2023-03-17 04:18:40,,,,,,,,,,,,,
40,2023-03-17 04:18:41,2023-03-17 04:19:48,,,,,,,,,,,,,
41,2023-03-17 04:19:48,2023-03-17 04:22:21,,,,,,,,,,,,,
42,2023-03-23 00:46:10,2023-03-23 00:46:14,,,,,,,,,,,,,
43,2023-03-23 00:46:51,2023-03-23 00:46:56,,,,,,,,,,,,,
44,2023-03-23 00:47:04,2023-03-23 00:47:09,,,,,,,,,,,,,
45,2023-03-23 00:47:12,2023-03-23 00:47:16,,,,,,,,,,,,,
46,2023-03-23 00:47:42,2023-03-23 00:47:47,,,,,,,,,,,,,
47,2023-03-23 02:20:24,2023-03-23 02:30:05,,00:01:51.9202140,00:04:09.8906380,00:01:41.2773160,,,,,,,,,
48,2023-03-23 02:30:30,2023-03-23 02:32:08,,,,,,,,,,,,,
49,2023-03-23 02:32:10,2023-03-23 02:33:13,,,,,,,,,,,,,
50,2023-03-23 02:34:16,2023-03-23 02:35:18,,,,,,,,,,,,,
51,2023-03-23 02:35:20,2023-03-23 02:36:25,,,,,,,,,,,,,
52,2023-03-23 02:36:27,2023-03-23 02:37:27,,,,,,,,,,,,,
53,2023-03-23 02:37:28,2023-03-23 02:38:31,,,,,,,,,,,,,
54,2023-03-23 02:38:32,2023-03-23 02:44:11,,,,,,,,,,,,,
55,2023-03-23 02:44:12,2023-03-23 02:44:32,,,,,,,,,,,,,
56,2023-03-23 02:44:33,2023-03-23 02:45:37,,,,,,,,,,,,,
57,2023-03-23 02:45:38,2023-03-23 02:47:48,,,,,,,,,,,,,
58,2023-04-21 03:12:26,2023-04-21 03:13:39,,,,,,,,,,,,,
59,2023-04-21 03:13:39,2023-04-21 03:17:05,,,,,,,,,,,,,
60,2023-04-21 03:20:31,2023-04-21 03:26:38,,,,,,,,,,,,,
61,2023-04-21 03:26:38,2023-04-21 03:27:42,,,,,,,,,,,,,
62,2023-04-21 03:27:42,2023-04-21 03:29:34,,,,,,,,,,,,,
63,2023-04-21 03:41:41,2023-04-21 03:43:12,,,,,,,,,,,,,
64,2023-04-21 03:43:12,2023-04-21 03:45:42,,,,,,,,,,,,,
65,2023-04-21 03:45:42,2023-04-21 03:48:27,,,,,,,,,,,,,
66,2023-04-21 03:48:27,2023-04-21 03:58:32,,00:02:12.6536650,00:04:03.1485310,00:01:36.1892070,,,,,,,,,
67,2023-04-21 03:58:32,2023-04-21 04:00:41,,,,,,,,,,,,,
68,2023-04-21 04:00:41,2023-04-21 04:00:51,,,,,,,,,,,,,
69,2023-04-21 04:00:51,2023-04-21 04:10:29,,00:01:47.6201670,00:04:09.8457210,00:01:29.2048830,,,,,,,,,
70,2023-04-21 04:10:43,2023-04-21 04:12:38,,,,,,,,,,,,,
71,2023-04-21 04:12:38,2023-04-21 04:19:08,,00:01:42.3372930,00:03:45.1432790,,,,,,,,,,
72,2023-04-21 04:19:08,2023-04-21 04:31:36,,00:01:38.5450989,00:03:50.6743480,00:01:31.6348830,,,,,,,,,
73,2023-04-21 04:32:36,2023-04-21 04:32:48,,,,,,,,,,,,,
74,2023-04-21 04:33:28,2023-04-21 04:36:42,,00:01:39.3250470,,,,,,,,,,,
75,2023-04-21 04:36:42,2023-04-21 04:38:39,,,,,,,,,,,,,
76,2023-04-21 04:38:39,2023-04-21 04:40:30,,,,,,,,,,,,,
77,2023-04-21 04:40:30,2023-04-21 04:41:32,,,,,,,,,,,,,
78,2023-04-21 04:41:32,2023-04-21 04:45:14,,00:01:39.7142370,,,,,,,,,,,
79,2023-04-21 04:45:14,2023-04-21 04:46:16,,,,,,,,,,,,,
80,2023-04-21 04:46:16,2023-04-21 04:48:05,,,,,,,,,,,,,
81,2023-04-21 04:48:05,2023-04-21 04:49:50,,,,,,,,,,,,,
82,2023-04-21 04:49:50,2023-04-21 04:51:55,,,,,,,,,,,,,
83,2023-04-21 04:51:55,2023-04-21 04:52:58,,,,,,,,,,,,,
84,2023-04-21 04:52:58,2023-04-21 05:03:26,,00:01:53.5122210,00:03:36.9709550,00:01:55.7093620,,,,,,,,,
85,2023-04-21 05:05:04,2023-04-21 05:07:34,,,,,,,,,,,,,
86,2023-04-21 05:07:34,2023-04-21 05:11:23,,00:01:44.2830910,,,,,,,,,,,
87,2023-04-21 05:11:23,2023-04-21 05:12:26,,,,,,,,,,,,,
88,2023-04-21 05:12:26,2023-04-21 05:24:34,,00:01:51.4356050,,,,,,,,,,,
89,2023-04-21 05:24:34,2023-04-21 05:26:16,,,,,,,,,,,,,
90,2023-04-21 05:26:16,2023-04-21 05:51:07,,00:01:48.5850780,00:04:13.0096350,00:01:49.8485050,00:02:28.7208489,00:02:00.8604930,00:00:34.4822760,00:01:37.7393139,00:01:07.0875580,00:01:31.6384560,00:02:30.2015199,00:01:28.1135110,
91,2023-04-25 02:39:27,2023-04-25 02:52:02,,00:01:50.5405963,00:04:10.7250526,00:01:29.0975447,00:02:36.2693330,00:01:51.5105576,,,,,,,
92,2023-04-25 02:52:02,2023-04-25 02:52:11,,,,,,,,,,,,,
93,2023-04-25 02:52:11,2023-04-25 02:53:13,,,,,,,,,,,,,
94,2023-04-25 02:53:13,2023-04-25 02:54:35,,,,,,,,,,,,,
95,2023-04-25 02:54:35,2023-04-25 02:55:57,,,,,,,,,,,,,
96,2023-04-25 02:55:57,2023-04-25 02:59:54,,00:01:48.5822283,,,,,,,,,,,
97,2023-04-25 02:59:54,2023-04-25 03:01:39,,,,,,,,,,,,,
98,2023-04-25 03:01:39,2023-04-25 03:02:45,,,,,,,,,,,,,
99,2023-04-25 03:02:45,2023-04-25 03:04:07,,,,,,,,,,,,,
100,2023-04-25 03:04:07,2023-04-25 03:06:15,,,,,,,,,,,,,
101,2023-04-25 03:06:15,2023-04-25 03:08:00,,,,,,,,,,,,,
102,2023-04-25 03:08:00,2023-04-25 03:09:02,,,,,,,,,,,,,
103,2023-04-25 03:09:02,2023-04-25 03:22:56,,00:01:55.6542167,00:04:18.8428937,00:02:49.6821427,00:02:38.2046619,,,,,,,,
104,2023-04-25 03:22:56,2023-04-25 03:23:05,,,,,,,,,,,,,
105,2023-04-25 03:23:05,2023-04-25 03:38:37,,00:01:39.6320670,00:04:16.9448708,00:01:42.7221919,00:02:36.2900906,00:03:43.7176636,00:00:35.9858386,,,,,,
106,2023-04-25 03:38:37,2023-04-25 03:42:28,,,,,,,,,,,,,
107,2023-04-25 03:42:28,2023-04-25 03:45:10,,00:02:32.4383282,,,,,,,,,,,
108,2023-04-25 03:45:10,2023-04-25 03:47:06,,,,,,,,,,,,,
109,2023-04-25 03:47:06,2023-04-25 03:47:15,,,,,,,,,,,,,
110,2023-04-25 03:47:15,2023-04-25 03:49:48,,,,,,,,,,,,,
111,2023-04-25 03:49:48,2023-04-25 04:17:14,,00:01:49.3572378,00:04:34.0080936,00:01:44.8827379,00:02:40.2143905,00:03:11.0738105,00:00:38.5656438,00:02:29.3982327,00:02:04.5124927,00:00:58.5533505,00:05:17.0094074,00:01:01.0548962,
112,2023-04-25 04:17:14,2023-04-25 04:19:01,,,,,,,,,,,,,
113,2023-04-25 04:19:01,2023-04-25 04:28:30,,00:01:39.5963405,00:03:47.1651658,00:01:41.8714119,,,,,,,,,
114,2023-04-25 04:28:30,2023-04-25 04:30:30,,,,,,,,,,,,,
115,2023-04-25 04:30:30,2023-04-25 04:41:52,,00:03:15.3656784,00:03:43.3517415,00:01:28.9473261,,,,,,,,,
116,2024-12-22 05:49:20,2024-12-22 06:02:34,,,,,,,,,,,,,
117,2024-12-22 06:02:46,2024-12-22 06:05:45,,,,,,,,,,,,,
118,2024-12-22 06:05:58,2024-12-22 06:06:10,,,,,,,,,,,,,
119,2024-12-22 06:06:12,2024-12-22 06:31:13,,00:02:11.4137786,00:04:57.9485640,00:01:29.7230316,00:02:27.5408967,00:03:27.2000377,00:00:37.7221219,00:02:10.2386274,00:01:31.6280957,00:01:19.1953548,00:02:04.4581904,00:01:39.4097036,
120,2024-12-22 06:31:33,2024-12-22 06:43:55,,00:02:02.1627021,00:04:15.3595060,00:01:59.6483945,,,,,,,,,
121,2024-12-22 06:43:58,2024-12-22 06:44:09,,,,,,,,,,,,,
122,2024-12-22 06:44:14,2024-12-22 06:54:38,,00:02:13.8008649,00:03:54.7660857,00:01:37.4590698,,,,,,,,,
123,2024-12-22 06:54:42,2024-12-22 06:54:52,,,,,,,,,,,,,
124,2024-12-22 06:54:55,2024-12-22 07:05:24,,00:02:11.3088146,00:03:40.1450440,00:01:43.4942914,,,,,,,,,
125,2024-12-22 07:05:27,2024-12-22 07:06:37,,,,,,,,,,,,,
126,2024-12-22 07:06:37,2024-12-22 07:20:26,,00:01:48.1643871,00:03:54.3326221,00:01:36.6503249,,,,,,,,,
127,2024-12-24 07:10:03,2024-12-24 07:39:33,00:29:30.8952954,00:02:03.8308013,00:03:51.0163098,00:01:37.2825396,00:02:51.0630819,00:02:16.2467023,00:00:43.0791746,00:01:33.2636613,00:01:19.5382369,00:01:21.3873734,00:02:26.9502846,00:01:52.1081363,00:07:35.1289934
128,2024-12-24 07:42:36,2024-12-24 07:44:34,,,,,,,,,,,,,
129,2024-12-24 07:44:34,2024-12-24 07:58:53,,00:01:48.4000361,00:04:38.0001070,00:01:47.0901980,00:02:39.5972625,00:02:54.8405952,,,,,,,
130,2024-12-24 07:59:32,2024-12-24 08:01:45,,,,,,,,,,,,,
131,2024-12-25 03:49:00,2024-12-25 03:49:09,,,,,,,,,,,,,
132,2024-12-25 03:49:09,2024-12-25 03:53:16,,00:02:05.5538130,,,,,,,,,,,
133,2024-12-25 03:53:27,2024-12-25 04:10:54,,00:02:05.8661680,00:04:38.2021952,00:01:30.4048732,,,,,,,,,
134,2024-12-25 04:10:57,2024-12-25 04:20:24,,00:02:08.1175105,00:03:49.2943260,00:01:37.1838328,,,,,,,,,
135,2024-12-25 04:20:26,2024-12-25 04:20:38,,,,,,,,,,,,,
136,2024-12-25 04:20:38,2024-12-25 04:21:46,,,,,,,,,,,,,
137,2024-12-25 04:21:46,2024-12-25 04:30:59,,00:02:05.6274002,00:03:47.7054091,00:01:30.7481337,,,,,,,,,
138,2024-12-25 04:31:02,2024-12-25 04:32:08,,,,,,,,,,,,,
139,2024-12-25 04:32:08,2024-12-25 04:42:06,,00:01:58.9419274,00:04:19.6986878,00:01:35.0155766,,,,,,,,,
140,2024-12-25 04:42:06,2024-12-25 04:42:24,,,,,,,,,,,,,
141,2024-12-25 04:42:24,2024-12-25 04:44:37,,,,,,,,,,,,,
142,2024-12-25 04:44:37,2024-12-25 04:44:46,,,,,,,,,,,,,
143,2024-12-25 04:44:46,2024-12-25 05:08:18,00:23:34.0307350,00:02:00.4649341,00:03:39.3910551,00:01:28.2517917,00:02:35.9194713,00:01:36.4287537,00:00:35.9804796,00:01:32.3287298,00:01:10.7861778,00:00:49.8054844,00:02:49.3126237,00:01:19.8685094,00:03:55.4927244
144,2024-12-25 05:13:40,2024-12-25 05:14:13,,,,,,,,,,,,,
145,2024-12-25 05:14:13,2024-12-25 05:17:27,,00:01:56.8095548,,,,,,,,,,,
146,2024-12-25 05:17:27,2024-12-25 05:17:36,,,,,,,,,,,,,
147,2024-12-25 05:17:36,2024-12-25 05:26:53,,00:02:02.3466383,00:04:17.5115619,00:01:35.1558569,,,,,,,,,
148,2024-12-25 05:26:57,2024-12-25 05:27:08,,,,,,,,,,,,,
149,2024-12-25 05:27:08,2024-12-25 05:39:14,,00:01:58.7977196,00:03:57.9719374,00:01:35.9300604,,,,,,,,,
150,2024-12-25 05:39:14,2024-12-25 06:00:22,,00:02:02.6770054,00:03:39.9330543,00:01:30.5787948,00:04:36.8719892,00:02:37.3761089,00:00:34.7793196,,,,,,
151,2024-12-25 06:00:22,2024-12-25 06:04:05,,00:02:03.2524472,,,,,,,,,,,
152,2024-12-25 06:04:05,2024-12-25 06:12:20,,00:02:07.8586619,00:03:35.8783752,,,,,,,,,,
153,2024-12-25 06:12:20,2024-12-25 06:22:05,,00:02:08.6847250,00:03:41.1707935,00:01:28.0002950,,,,,,,,,
154,2024-12-27 06:35:21,2024-12-27 06:45:06,,00:02:05.8662377,00:03:55.5476516,00:01:24.8079856,,,,,,,,,
155,2024-12-27 06:45:06,2024-12-27 06:47:03,,,,,,,,,,,,,
156,2024-12-27 06:47:03,2024-12-27 06:48:45,,,,,,,,,,,,,
157,2024-12-27 06:48:45,2024-12-27 06:58:27,,00:02:06.9901727,00:03:43.7591026,00:01:34.3219731,,,,,,,,,
158,2024-12-27 06:58:27,2024-12-27 07:02:10,,00:01:54.3746316,,,,,,,,,,,
159,2024-12-27 07:02:10,2024-12-27 07:03:12,,,,,,,,,,,,,
160,2024-12-27 07:03:12,2024-12-27 07:03:20,,,,,,,,,,,,,
161,2024-12-27 07:03:20,2024-12-27 07:05:15,,,,,,,,,,,,,
162,2024-12-27 07:05:15,2024-12-27 07:07:04,,,,,,,,,,,,,
163,2024-12-27 07:07:04,2024-12-27 07:12:48,,00:02:03.0972460,,,,,,,,,,,
164,2024-12-27 07:12:48,2024-12-27 07:15:57,,00:01:58.8943051,,,,,,,,,,,
165,2024-12-27 07:15:57,2024-12-27 07:17:00,,,,,,,,,,,,,
166,2024-12-27 07:17:00,2024-12-27 07:18:50,,,,,,,,,,,,,
167,2024-12-27 07:18:50,2024-12-27 07:42:39,,00:02:06.7273259,00:03:43.8205386,00:01:25.8919427,00:02:23.8729417,00:01:43.3439821,00:00:34.0186470,00:01:35.0767151,00:01:05.2509902,00:01:03.9059112,00:02:21.6088132,00:01:39.3132207,
168,2024-12-27 07:42:39,2024-12-27 07:42:47,,,,,,,,,,,,,
169,2024-12-27 07:42:47,2024-12-27 07:46:40,,00:01:57.1375579,,,,,,,,,,,
170,2024-12-27 07:46:40,2024-12-27 07:50:34,,00:01:58.1942723,,,,,,,,,,,
171,2024-12-27 07:50:34,2024-12-27 08:12:04,,00:01:55.9499638,00:03:51.6719958,00:01:27.6891037,00:02:32.2462956,00:02:16.4402621,00:00:35.2518953,00:02:01.0752584,00:01:14.4551790,00:00:55.2159861,00:02:03.2801464,,
172,2024-12-27 08:12:04,2024-12-27 08:12:57,,,,,,,,,,,,,
173,2024-12-27 08:12:57,2024-12-27 08:15:06,,,,,,,,,,,,,
174,2024-12-27 08:15:06,2024-12-27 08:18:49,,00:01:55.3603292,,,,,,,,,,,
175,2024-12-27 08:18:49,2024-12-27 08:19:05,,,,,,,,,,,,,
176,2024-12-27 08:19:05,2024-12-27 08:22:43,,00:02:20.3557998,,,,,,,,,,,
177,2024-12-27 08:22:43,2024-12-27 08:32:13,,00:01:58.2184071,00:03:44.5649669,,,,,,,,,,
178,2024-12-27 08:32:13,2024-12-27 08:55:36,00:23:24.5753696,00:01:56.5932569,00:03:49.9254584,00:01:48.1863536,00:02:38.3750277,00:01:31.2392990,00:00:38.2579189,00:02:22.8012951,00:00:47.1695648,00:00:58.6846025,00:01:47.8587646,00:02:11.7068644,00:02:53.7769637
179,2024-12-30 01:57:20,2024-12-30 02:25:07,00:27:47.5423752,00:01:41.1935439,00:03:53.8868057,00:01:32.9504062,00:02:24.8588160,00:01:52.9866010,00:00:33.6529807,00:01:30.8609495,00:00:51.5004894,00:01:01.8918643,00:08:36.4513977,00:01:15.1071055,00:02:32.2014153
180,2024-12-30 02:25:23,2024-12-30 02:29:15,,00:02:04.5653898,,,,,,,,,,,
181,2024-12-30 02:29:15,2024-12-30 02:38:29,,00:02:05.3044543,00:03:32.0712527,00:01:37.9570808,,,,,,,,,
182,2024-12-30 02:38:29,2024-12-30 02:52:50,,00:02:04.6871956,00:06:23.5151517,,,,,,,,,,
183,2024-12-30 02:52:50,2024-12-30 02:56:19,,00:02:08.0171794,,,,,,,,,,,
184,2024-12-30 02:56:19,2024-12-30 02:56:28,,,,,,,,,,,,,
185,2024-12-30 02:56:28,2024-12-30 02:59:08,,00:02:09.7693197,,,,,,,,,,,
186,2024-12-30 02:59:08,2024-12-30 03:03:21,,00:01:39.1310488,,,,,,,,,,,
187,2024-12-30 03:03:21,2024-12-30 03:26:45,00:23:25.3763889,00:01:51.8598633,00:03:38.0653931,00:01:36.0163275,00:02:39.3423557,00:01:35.1838506,00:00:36.8428685,00:01:30.4075361,00:01:39.6627877,00:00:57.7458045,00:01:48.0467254,00:01:50.5666753,00:03:41.6362012
188,2024-12-30 03:53:35,2024-12-30 03:53:46,,,,,,,,,,,,,
189,2024-12-30 03:53:46,2024-12-30 04:03:23,,00:01:49.0486395,00:03:48.5626297,00:01:27.5785329,,,,,,,,,
190,2024-12-30 04:03:23,2024-12-30 04:28:26,,00:02:03.6889998,00:03:46.2041041,00:01:51.3160498,00:02:39.6737244,00:01:31.1331386,00:00:41.8462295,00:01:58.9473580,00:02:07.6905510,00:00:54.8444153,00:01:59.6702739,00:03:47.8246029,
191,2024-12-30 04:28:26,2024-12-30 04:37:49,,00:01:51.6306426,00:03:40.9815877,00:01:30.7798472,,,,,,,,,
192,2024-12-31 21:25:00,2024-12-31 21:41:21,,00:02:03.9881633,00:03:33.1859535,00:01:26.7007904,00:02:42.5620334,00:03:07.3573719,00:00:34.8527840,00:01:27.8353376,,,,,
193,2024-12-31 21:42:05,2024-12-31 21:44:10,,,,,,,,,,,,,
194,2024-12-31 21:44:10,2024-12-31 22:09:44,00:25:35.2780798,00:02:01.9142039,00:03:43.4315943,00:01:32.0746993,00:03:23.1240121,00:01:37.6898148,00:00:34.1070094,00:01:33.4673898,00:01:15.7449900,00:01:21.4722026,00:01:44.1881201,00:03:38.9853839,00:03:09.0786596
195,2024-12-31 22:11:47,2024-12-31 22:11:57,,,,,,,,,,,,,
196,2024-12-31 22:11:57,2024-12-31 22:15:51,,00:01:47.7642547,,,,,,,,,,,
197,2024-12-31 22:15:51,2024-12-31 22:17:41,,,,,,,,,,,,,
198,2024-12-31 22:17:41,2024-12-31 22:40:35,,00:01:50.6330509,00:03:52.0471364,00:01:26.1698759,00:02:18.1870243,00:02:18.0619178,00:00:35.7177002,00:01:27.0950624,00:02:09.0447332,00:00:58.6198551,,,
199,2025-01-01 04:24:31,2025-01-01 04:27:53,,,,,,,,,,,,,
200,2025-01-01 04:27:53,2025-01-01 04:31:02,,00:01:54.6607812,,,,,,,,,,,
201,2025-01-01 04:31:02,2025-01-01 04:54:35,00:23:35.1953641,00:01:55.5831640,00:03:48.2400878,00:01:27.5682327,00:02:26.2877218,00:02:05.8860632,00:01:23.6215672,00:01:44.4745311,00:01:07.5727763,00:00:55.9557555,00:02:05.1480820,00:01:35.8765851,00:02:58.9807974
202,2025-01-01 04:55:34,2025-01-01 05:17:45,,00:02:03.5384604,00:03:45.3512324,00:01:25.2188271,00:02:26.2614019,00:01:39.2576464,00:00:35.0082712,00:01:49.9040914,00:01:14.1292035,00:01:09.2947175,00:02:37.4067850,00:02:26.5482952,
203,2025-01-01 05:17:45,2025-01-01 05:27:07,,00:02:02.7835657,00:03:51.6668303,00:01:30.5515111,,,,,,,,,
204,2025-01-01 05:27:07,2025-01-01 05:49:55,00:22:49.6949872,00:01:58.9502843,00:03:27.8741086,00:01:28.4115330,00:03:23.7899597,00:01:28.1717889,00:00:35.8444356,00:01:21.6888568,00:00:54.4111587,00:00:56.0763532,00:03:21.0425675,00:01:34.3591713,00:02:19.0747696
205,2025-01-01 05:58:36,2025-01-01 05:59:00,,,,,,,,,,,,,
206,2025-01-01 05:59:00,2025-01-01 06:20:40,00:21:40.8384527,00:01:46.7522481,00:03:47.8445027,00:01:25.0762644,00:02:32.1706958,00:01:38.1084263,00:00:35.5766960,00:01:30.1770447,00:00:59.2438924,00:00:55.9537268,00:01:58.0050148,00:01:22.9491596,00:03:08.9807811
207,2025-01-01 06:29:37,2025-01-01 06:29:48,,,,,,,,,,,,,
208,2025-01-01 06:29:48,2025-01-01 06:54:25,,00:01:39.8430419,00:04:07.9520565,00:01:39.4586761,00:03:45.5567202,00:01:34.6441797,00:00:34.2929114,00:01:26.0120353,00:01:04.9883021,00:00:59.5133223,00:02:00.8285926,00:01:03.5606687,
209,2025-01-03 02:34:12,2025-01-03 02:35:19,,,,,,,,,,,,,
210,2025-01-03 02:35:19,2025-01-03 02:37:07,,,,,,,,,,,,,
211,2025-01-03 02:37:07,2025-01-03 02:40:47,,00:02:00.7566551,,,,,,,,,,,
212,2025-01-03 02:40:47,2025-01-03 02:46:27,,00:02:12.2824954,,,,,,,,,,,
213,2025-01-03 02:46:27,2025-01-03 02:46:35,,,,,,,,,,,,,
214,2025-01-03 02:46:35,2025-01-03 03:06:39,,00:01:46.5257307,00:03:58.5217522,00:01:30.1726880,00:02:22.1063464,00:01:31.3782348,00:00:34.5776477,00:01:32.3077560,00:00:45.8008990,00:00:59.7174690,00:01:48.9035126,00:01:38.3189373,
215,2025-01-03 03:06:39,2025-01-03 03:17:20,,00:01:55.0303148,00:05:51.4694430,00:01:32.8605025,,,,,,,,,
216,2025-01-03 03:17:20,2025-01-03 03:17:28,,,,,,,,,,,,,
217,2025-01-03 03:17:28,2025-01-03 03:18:30,,,,,,,,,,,,,
218,2025-01-03 03:18:30,2025-01-03 03:27:07,,00:02:04.3593259,00:03:46.5622738,00:01:28.4141655,,,,,,,,,
219,2025-01-03 03:27:07,2025-01-03 03:31:01,,,,,,,,,,,,,
220,2025-01-03 03:31:01,2025-01-03 03:35:06,,00:01:48.8873755,,,,,,,,,,,
221,2025-01-03 03:35:06,2025-01-03 03:56:57,00:21:52.6641544,00:01:38.3735509,00:03:33.3799225,00:01:36.0979549,00:03:16.0372605,00:01:58.7674828,00:00:41.9491276,00:01:19.7821874,00:00:44.7792283,00:00:54.4388259,00:02:03.5110957,00:01:02.2114908,00:03:03.3360271
222,2025-01-03 03:58:40,2025-01-03 04:18:28,00:19:48.9325217,00:01:46.9382957,00:03:33.2182867,00:01:29.5282806,00:02:17.4560022,00:01:44.3269210,00:00:33.8877439,00:01:33.8918892,00:00:48.5428750,00:00:58.2470685,00:01:44.1471195,00:01:02.0117659,00:02:16.7362735
223,2025-01-03 06:15:51,2025-01-03 06:53:10,,,,,,,,,,,,,
224,2025-01-04 04:02:48,2025-01-04 04:04:45,,,,,,,,,,,,,
225,2025-01-04 04:04:45,2025-01-04 04:08:14,,00:01:48.1915132,,,,,,,,,,,
226,2025-01-04 04:08:14,2025-01-04 04:14:09,,00:01:48.9857713,,,,,,,,,,,
227,2025-01-04 04:14:09,2025-01-04 04:31:51,,00:01:46.2215665,00:03:53.2611350,00:01:31.5661439,00:03:27.8935242,00:01:43.7681051,00:00:36.8172907,00:01:33.6572119,00:00:55.8827130,00:00:55.7295364,,,
228,2025-01-04 04:31:51,2025-01-04 04:37:19,,00:02:00.8371905,,,,,,,,,,,
229,2025-01-04 04:37:19,2025-01-04 04:46:00,,00:01:39.1994144,00:03:41.4140184,00:01:33.0999006,,,,,,,,,
230,2025-01-04 04:46:00,2025-01-04 04:47:58,,,,,,,,,,,,,
231,2025-01-04 04:47:58,2025-01-04 04:57:19,,00:01:39.2299829,00:04:05.6645881,00:01:30.4088416,,,,,,,,,
232,2025-01-04 04:57:19,2025-01-04 04:59:11,,,,,,,,,,,,,
233,2025-01-04 04:59:11,2025-01-04 05:03:19,,00:02:02.9931804,,,,,,,,,,,
234,2025-01-04 05:03:19,2025-01-04 05:19:35,,00:02:00.9874610,00:04:01.3913169,00:01:28.2305216,00:02:18.4325180,,,,,,,,
235,2025-01-04 05:19:35,2025-01-04 05:28:23,,00:02:13.4207286,00:03:30.3636331,,,,,,,,,,
236,2025-01-04 05:28:23,2025-01-04 05:36:40,,00:01:48.8932610,00:03:52.4471475,00:01:29.1582418,,,,,,,,,
237,2025-01-04 05:36:40,2025-01-04 05:38:29,,,,,,,,,,,,,
238,2025-01-04 05:38:29,2025-01-04 05:40:28,,,,,,,,,,,,,
239,2025-01-04 05:40:28,2025-01-04 06:08:01,,00:01:49.4557810,00:04:21.4138070,00:01:41.6648948,00:02:31.7999911,00:01:31.6811052,00:00:35.8681238,00:01:26.7619309,00:01:27.0043820,00:00:53.6669370,00:04:32.1541992,00:02:36.8098641,
240,2025-01-04 06:08:01,2025-01-04 06:08:06,,,,,,,,,,,,,
241,2025-01-04 06:08:10,2025-01-04 06:08:14,,,,,,,,,,,,,
242,2025-01-04 06:34:45,2025-01-04 06:34:56,,,,,,,,,,,,,
243,2025-01-04 06:34:56,2025-01-04 06:41:16,,00:01:52.8298747,,,,,,,,,,,
244,2025-01-04 06:41:16,2025-01-04 06:44:16,,00:01:47.7646337,,,,,,,,,,,
245,2025-01-04 06:44:16,2025-01-04 06:46:10,,,,,,,,,,,,,
246,2025-01-04 06:46:10,2025-01-04 06:56:34,,00:01:46.9867387,00:03:56.7795470,00:02:10.2801035,,,,,,,,,
247,2025-01-04 06:56:34,2025-01-04 07:23:25,00:26:52.8678194,00:01:47.5497718,00:03:19.0592234,00:01:27.7826571,00:02:29.2804811,00:02:03.7392209,00:00:35.2139312,00:01:20.2938777,00:01:39.1928897,00:00:57.6942268,00:01:56.8731777,00:01:13.8221834,00:08:02.3661786
248,2025-01-05 06:37:50,2025-01-05 06:47:17,,,,,,,,,,,,,
249,2025-01-05 06:47:17,2025-01-05 06:52:28,,00:02:00.2954315,,,,,,,,,,,
250,2025-01-05 06:52:28,2025-01-05 06:54:14,,,,,,,,,,,,,
251,2025-01-05 06:54:14,2025-01-05 06:56:02,,,,,,,,,,,,,
252,2025-01-05 06:56:02,2025-01-05 07:07:01,,00:02:03.8569386,00:03:28.2828950,00:01:30.8832190,00:03:08.5361248,,,,,,,,
253,2025-01-05 07:07:01,2025-01-05 07:16:13,,00:01:47.6392046,00:03:29.5509140,00:01:25.0113825,,,,,,,,,
254,2025-01-05 07:16:13,2025-01-05 07:17:59,,,,,,,,,,,,,
255,2025-01-05 07:17:59,2025-01-05 07:22:37,,00:01:53.7345741,,,,,,,,,,,
256,2025-01-05 07:22:37,2025-01-05 07:23:39,,,,,,,,,,,,,
257,2025-01-05 07:23:39,2025-01-05 07:29:13,,00:01:54.9849047,,,,,,,,,,,
258,2025-01-05 07:29:13,2025-01-05 07:30:15,,,,,,,,,,,,,
259,2025-01-05 07:30:15,2025-01-05 07:30:23,,,,,,,,,,,,,
260,2025-01-05 07:30:23,2025-01-05 07:34:03,,00:02:05.6513186,,,,,,,,,,,
261,2025-01-05 07:34:03,2025-01-05 07:38:52,,00:01:53.7099692,,,,,,,,,,,
262,2025-01-05 07:38:52,2025-01-05 07:40:40,,,,,,,,,,,,,
263,2025-01-05 07:40:40,2025-01-05 07:42:48,,00:02:04.9361090,,,,,,,,,,,
264,2025-01-05 07:42:48,2025-01-05 07:43:51,,,,,,,,,,,,,
265,2025-01-05 07:43:51,2025-01-05 07:44:53,,,,,,,,,,,,,
266,2025-01-05 07:44:53,2025-01-05 07:45:54,,,,,,,,,,,,,
267,2025-01-05 07:45:54,2025-01-05 07:46:56,,,,,,,,,,,,,
268,2025-01-05 07:46:56,2025-01-05 07:54:38,,00:02:06.2113002,,,,,,,,,,,
269,2025-01-05 07:54:38,2025-01-05 07:56:56,,,,,,,,,,,,,
270,2025-01-05 07:56:56,2025-01-05 07:58:00,,,,,,,,,,,,,
271,2025-01-05 07:58:00,2025-01-05 08:04:36,,00:02:03.8181454,,,,,,,,,,,
272,2025-01-05 08:04:36,2025-01-05 08:27:38,,00:01:40.8196974,00:03:30.0488627,00:01:24.4812725,00:03:02.3422266,00:01:50.2117224,00:00:37.6540675,00:01:41.8182785,00:01:08.4494345,00:01:05.0893422,00:02:04.7919554,,
273,2025-01-05 08:27:38,2025-01-05 08:32:24,,00:01:49.2953740,,,,,,,,,,,
274,2025-01-05 08:32:24,2025-01-05 08:38:18,,00:01:48.9083995,,,,,,,,,,,
275,2025-01-05 08:38:18,2025-01-05 08:40:17,,,,,,,,,,,,,
276,2025-01-05 08:40:17,2025-01-05 08:51:46,,00:01:55.0213774,00:03:44.2647666,00:01:30.2626511,00:02:29.3584686,,,,,,,,
277,2025-01-05 08:51:46,2025-01-05 08:56:10,,00:02:04.2995735,,,,,,,,,,,
278,2025-01-05 08:56:10,2025-01-05 08:59:46,,00:02:03.6847050,,,,,,,,,,,
279,2025-01-05 08:59:46,2025-01-05 09:00:02,,,,,,,,,,,,,
280,2025-01-05 09:00:02,2025-01-05 09:01:09,,,,,,,,,,,,,
281,2025-01-05 09:01:09,2025-01-05 09:07:07,,00:01:49.6594876,,,,,,,,,,,
282,2025-01-05 09:07:07,2025-01-05 09:10:07,,,,,,,,,,,,,
283,2025-01-05 09:10:07,2025-01-05 09:19:14,,00:02:03.9999355,,,,,,,,,,,
284,2025-01-05 19:06:52,2025-01-05 19:11:20,,00:01:53.8802866,,,,,,,,,,,
285,2025-01-05 22:17:14,2025-01-05 22:19:13,,,,,,,,,,,,,
286,2025-01-05 23:48:30,2025-01-05 23:48:37,,,,,,,,,,,,,
287,2025-01-05 23:51:52,2025-01-05 23:53:37,,,,,,,,,,,,,
288,2025-01-05 23:53:37,2025-01-06 00:06:04,,00:01:37.6487415,00:03:26.6198410,00:01:26.5330451,00:02:41.8096247,00:01:44.5181083,00:00:35.2892387,,,,,,
289,2025-01-06 00:06:04,2025-01-06 00:29:03,,00:01:39.0039288,00:03:17.5304858,00:01:59.3853918,00:02:17.5385236,00:01:38.6788588,00:00:36.0796054,00:01:28.2026873,00:01:00.6342635,00:01:00.8375466,00:01:59.9144020,00:01:09.2260836,
290,2025-01-06 00:29:11,2025-01-06 00:30:22,,,,,,,,,,,,,
291,2025-01-06 00:30:22,2025-01-06 00:37:03,,00:01:41.8087626,00:03:25.7944580,,,,,,,,,,
292,2025-01-06 00:37:03,2025-01-06 00:46:48,,00:01:57.0252633,00:03:23.9674236,00:01:29.4836089,,,,,,,,,
293,2025-01-06 00:46:48,2025-01-06 00:47:52,,,,,,,,,,,,,
294,2025-01-06 00:47:52,2025-01-06 00:51:04,,00:01:39.5174622,,,,,,,,,,,
295,2025-01-06 00:51:04,2025-01-06 00:52:05,,,,,,,,,,,,,
296,2025-01-06 00:52:05,2025-01-06 00:55:30,,,,,,,,,,,,,
297,2025-01-06 00:55:30,2025-01-06 00:57:08,,,,,,,,,,,,,
298,2025-01-06 00:57:08,2025-01-06 01:06:41,,00:01:53.8121389,00:03:29.1842511,00:01:24.8582762,,,,,,,,,
299,2025-01-06 01:06:41,2025-01-06 01:28:37,,00:01:49.5353249,00:03:26.1568246,00:01:24.4387314,00:02:43.0862135,00:01:29.7337840,00:00:58.2067644,00:01:29.8914607,00:01:27.6171631,,00:02:34.4931106,00:01:03.5606017,
300,2025-01-06 01:32:03,2025-01-06 01:33:06,,,,,,,,,,,,,
301,2025-01-06 01:33:06,2025-01-06 01:34:55,,,,,,,,,,,,,
302,2025-01-06 01:34:55,2025-01-06 01:55:11,,00:02:01.9193013,00:03:38.9326260,00:01:25.1088570,00:02:18.5835080,00:01:40.6397865,00:00:33.5544331,00:01:37.0316963,00:00:50.3052782,00:00:53.8793016,00:01:52.9375601,00:01:30.3667652,
303,2025-01-08 03:35:03,2025-01-08 03:43:42,,00:01:53.5769382,00:03:31.0661471,00:01:28.1096544,,,,,,,,,
304,2025-01-08 03:43:42,2025-01-08 03:47:21,,00:01:40.5585875,,,,,,,,,,,
305,2025-01-08 03:47:21,2025-01-08 03:48:26,,,,,,,,,,,,,
306,2025-01-08 03:48:26,2025-01-08 04:09:18,00:20:53.5642185,00:01:39.4039520,00:03:59.8250994,00:01:37.2493139,00:02:43.8122184,00:01:58.6907431,00:00:33.9185351,00:01:32.4019371,00:00:57.1475076,00:00:51.0800973,00:01:38.0898905,00:01:15.9311847,00:02:06.0137394
307,2025-01-08 04:20:29,2025-01-08 04:21:01,,,,,,,,,,,,,
308,2025-01-08 04:21:01,2025-01-08 04:40:00,,00:02:03.4210453,00:03:34.2310105,00:01:27.3411431,00:02:19.5128504,00:02:02.2953955,00:00:36.0465278,00:01:22.7052785,00:01:05.9916983,00:01:02.5062749,,,
309,2025-01-08 04:40:00,2025-01-08 04:46:00,,00:03:03.8840380,,,,,,,,,,,
310,2025-01-08 04:46:00,2025-01-08 04:50:26,,00:01:53.4171722,,,,,,,,,,,
311,2025-01-08 04:50:26,2025-01-08 05:12:07,00:21:42.0863266,00:02:01.4871207,00:03:27.1536526,00:01:25.4796300,00:03:07.5358309,00:01:34.9557288,00:00:34.8995419,00:01:25.9815384,00:00:42.8015315,00:01:00.5818607,00:01:42.9271643,00:01:07.4990865,00:03:30.7836403
312,2025-01-08 05:22:15,2025-01-08 05:22:28,,,,,,,,,,,,,
313,2025-01-08 05:22:28,2025-01-08 05:43:14,00:20:47.7501875,00:01:47.2330263,00:03:36.1533626,00:01:26.5147984,00:02:17.9053284,00:01:57.3591160,00:00:33.6963542,00:01:23.7995540,00:00:45.1343355,00:00:53.5549375,00:01:45.6555761,00:01:41.9270239,00:02:38.8167746
314,2025-01-09 04:44:04,2025-01-09 04:49:46,,00:01:39.9955356,,,,,,,,,,,
315,2025-01-09 04:49:46,2025-01-09 05:00:33,,00:01:45.8710265,00:03:39.4421590,00:01:25.7515543,,,,,,,,,
316,2025-01-09 05:00:33,2025-01-09 05:21:01,,00:02:06.4385354,00:03:32.2982930,00:01:33.2265588,00:02:19.8430228,00:01:29.0753525,00:00:36.5175407,00:01:26.7988519,00:00:42.8989556,00:01:00.0782612,00:01:40.7691545,00:01:16.6149020,
317,2025-01-09 05:21:01,2025-01-09 05:39:50,,00:01:56.3881591,00:03:23.8360674,00:01:27.1628475,00:02:40.4506640,00:01:40.7788779,00:00:34.7260055,00:01:28.2246312,00:00:48.4221809,,00:02:33.3922451,00:01:03.4884455,
318,2025-01-09 05:39:50,2025-01-09 06:02:09,,00:01:55.0757008,00:03:32.0622166,00:01:29.2780620,00:02:16.9855423,00:01:26.4038562,00:00:34.8604868,00:01:20.8243632,00:00:48.0161258,00:01:01.9060227,00:01:43.3746281,00:01:54.2853850,
319,2025-01-09 06:03:00,2025-01-09 06:03:17,,,,,,,,,,,,,
320,2025-01-09 06:03:17,2025-01-09 06:22:13,,00:02:00.6215701,00:03:26.1225419,00:01:24.0822118,00:02:21.3351316,00:01:40.7817861,00:00:37.3891692,00:01:26.8987982,00:00:47.4218522,00:01:01.7577360,00:01:46.3757123,00:01:47.9152315,
321,2025-01-10 04:37:00,2025-01-10 04:38:53,,,,,,,,,,,,,
322,2025-01-10 04:38:53,2025-01-10 04:42:48,,00:02:11.4014482,,,,,,,,,,,
323,2025-01-10 04:42:48,2025-01-10 05:01:53,00:19:06.6118926,00:01:45.3964061,00:03:21.4524117,00:01:29.7603579,00:02:16.4302537,00:01:28.6617697,00:00:33.9501294,00:01:27.2316230,00:00:43.1620174,00:00:53.0389952,00:01:39.7987369,00:01:18.4647752,00:02:09.2644164
324,2025-01-10 05:25:23,2025-01-10 05:27:11,,,,,,,,,,,,,
325,2025-01-10 05:27:11,2025-01-10 05:36:19,,00:02:09.7997029,00:03:43.1669658,00:01:49.0317906,,,,,,,,,
326,2025-01-10 05:36:19,2025-01-10 05:45:00,,00:01:55.2193414,00:04:07.5429507,,,,,,,,,,
327,2025-01-10 05:45:00,2025-01-10 05:46:48,,,,,,,,,,,,,
328,2025-01-10 05:46:48,2025-01-10 05:51:14,,00:01:58.3537391,,,,,,,,,,,
329,2025-01-10 05:51:14,2025-01-10 05:52:59,,,,,,,,,,,,,
330,2025-01-10 05:52:59,2025-01-10 06:03:16,,00:01:57.1578556,00:03:54.2961293,,,,,,,,,,
331,2025-01-11 06:03:59,2025-01-11 06:05:10,,,,,,,,,,,,,
332,2025-01-11 06:05:53,2025-01-11 06:06:18,,,,,,,,,,,,,
333,2025-01-11 06:06:18,2025-01-11 06:06:36,,,,,,,,,,,,,
334,2025-01-11 06:06:36,2025-01-11 06:10:19,,00:02:05.8427875,,,,,,,,,,,
335,2025-01-11 06:10:28,2025-01-11 06:14:21,,,,,,,,,,,,,
336,2025-01-11 07:49:50,2025-01-11 08:00:47,,,,,,,,,,,,,
337,2025-01-16 03:47:55,2025-01-16 03:48:07,,,,,,,,,,,,,
338,2025-01-16 04:22:07,2025-01-16 04:22:16,,,,,,,,,,,,,
339,2025-01-16 04:22:16,2025-01-16 04:23:21,,,,,,,,,,,,,
340,2025-01-16 04:26:48,2025-01-16 04:35:17,,00:01:55.5165794,00:03:39.4367727,00:01:27.1373813,,,,,,,,,
341,2025-01-16 04:35:17,2025-01-16 04:43:55,,00:01:48.0789468,00:03:22.9788402,00:01:32.9992752,,,,,,,,,
342,2025-01-16 04:43:55,2025-01-16 04:52:56,,00:01:47.0300211,00:03:25.0896675,00:01:23.9847888,,,,,,,,,
343,2025-01-16 04:52:56,2025-01-16 05:04:00,,00:01:46.8637778,00:03:29.2091548,00:01:25.0645225,,,,,,,,,
344,2025-01-16 05:04:00,2025-01-16 05:23:25,00:19:26.3301247,00:01:47.4845486,00:03:14.3716772,00:01:24.7394240,00:02:10.1184418,00:01:44.0934806,00:00:34.1472615,00:01:23.6222409,00:00:50.2485226,00:00:59.3147237,00:01:43.6767097,00:00:55.3143103,00:02:39.1987838
345,2025-01-16 05:24:22,2025-01-16 05:44:33,00:20:13.0914613,00:02:02.0909091,00:03:17.7796026,00:01:23.9035293,00:02:07.1572142,00:01:29.0783947,00:00:35.2665895,00:01:27.6053328,00:00:46.0424625,00:00:48.9054334,00:01:36.9356261,00:02:17.6156860,00:02:20.7106811
346,2025-01-16 05:46:50,2025-01-16 05:57:30,,00:01:54.0214134,00:03:23.0671508,00:01:27.8374854,00:02:07.5544612,,,,,,,,
347,2025-01-16 05:57:30,2025-01-16 05:59:21,,,,,,,,,,,,,
348,2025-01-16 05:59:21,2025-01-16 06:08:39,,00:02:01.5598747,00:03:22.0939286,00:02:05.2380980,,,,,,,,,
349,2025-01-16 06:08:39,2025-01-16 06:23:16,,00:01:44.4549957,00:03:46.5983511,00:01:23.6912052,00:02:39.3568617,00:01:34.8284582,00:00:34.3159003,00:01:22.6995211,,,,,
350,2025-01-16 06:23:16,2025-01-16 06:33:02,,00:02:04.9523032,,,,,,,,,,,
351,2025-01-17 05:48:17,2025-01-17 05:52:33,,00:01:53.1020141,,,,,,,,,,,
352,2025-01-17 05:52:33,2025-01-17 05:54:17,,,,,,,,,,,,,
353,2025-01-17 05:54:17,2025-01-17 06:02:39,,00:01:39.0528341,00:03:30.1463778,00:01:26.1205587,,,,,,,,,
354,2025-01-17 06:02:39,2025-01-17 06:15:48,,00:01:47.8898388,00:03:23.7856640,00:01:26.0245643,00:02:15.2809230,00:01:25.4685077,00:00:36.8057033,,,,,,
355,2025-01-17 06:16:36,2025-01-17 06:36:48,,00:01:45.4611101,00:03:18.5833685,00:01:23.7926968,00:02:07.8576986,00:01:28.5125608,00:00:36.8128638,00:01:24.5563123,00:00:54.4756521,00:01:05.1382102,00:01:52.3121446,00:01:22.9888378,
356,2025-01-17 06:36:48,2025-01-17 06:40:22,,00:01:37.3192280,,,,,,,,,,,
357,2025-01-17 06:40:22,2025-01-17 06:50:33,,00:01:37.2934569,00:03:29.2869013,00:01:28.4576027,00:02:14.3332419,,,,,,,,
358,2025-01-17 06:50:33,2025-01-17 06:52:12,,,,,,,,,,,,,
359,2025-01-17 06:52:12,2025-01-17 07:13:29,,00:01:46.2829314,00:03:16.6797147,00:01:23.5892007,00:02:23.5393479,00:01:33.0939639,00:00:33.9752089,00:01:33.5015596,00:00:50.8672347,00:00:51.5867452,00:01:40.6360149,00:01:02.5500655,
360,2025-01-17 07:13:29,2025-01-17 07:15:37,,,,,,,,,,,,,
361,2025-01-17 07:15:37,2025-01-17 07:25:25,,00:01:54.1228055,00:03:27.3180282,00:01:26.4418124,,,,,,,,,
362,2025-01-17 07:25:25,2025-01-17 07:29:51,,00:03:19.3389799,,,,,,,,,,,
363,2025-01-17 07:29:51,2025-01-17 07:58:45,,,,,,,,,,,,,
364,2025-01-18 22:31:17,2025-01-18 22:49:24,,00:01:46.8119753,00:03:16.8874002,00:01:24.8739064,00:02:13.4883108,00:01:29.2835428,00:00:36.8257228,00:01:23.2440043,00:00:49.5175813,00:00:53.3393202,00:02:01.9290237,00:01:39.9579915,
365,2025-01-18 22:49:24,2025-01-18 22:54:02,,00:01:54.4821195,,,,,,,,,,,
366,2025-01-18 22:54:02,2025-01-18 22:55:50,,,,,,,,,,,,,
367,2025-01-18 22:55:50,2025-01-18 22:56:00,,,,,,,,,,,,,
368,2025-01-18 22:56:00,2025-01-18 23:16:21,00:20:21.5632065,00:01:40.4854322,00:03:17.8130352,00:01:26.6689860,00:02:09.8855393,00:01:25.7608463,00:00:34.1774124,00:02:00.7778692,00:00:42.3285347,00:00:54.8178289,00:01:42.5277450,00:02:12.7429644,00:02:13.5770129
369,2025-01-18 23:16:42,2025-01-18 23:39:41,00:23:00.7589426,00:01:38.6779633,00:03:16.5070917,00:01:29.2974889,00:02:43.2235542,00:01:26.6773925,00:00:38.3533398,00:01:35.9195670,00:00:51.7686593,00:00:51.5464441,00:01:38.1993355,00:01:13.7478533,00:05:36.8402530
370,2025-01-18 23:44:19,2025-01-18 23:44:59,,,,,,,,,,,,,
371,2025-01-19 02:06:51,2025-01-19 02:08:40,,,,,,,,,,,,,
372,2025-01-19 02:08:40,2025-01-19 02:09:14,,,,,,,,,,,,,
373,2025-01-19 02:09:14,2025-01-19 02:14:10,,00:01:39.2816266,,,,,,,,,,,
374,2025-01-19 02:14:10,2025-01-19 02:15:53,,,,,,,,,,,,,
375,2025-01-19 02:15:53,2025-01-19 02:30:04,,00:01:38.1987783,00:03:19.2365395,00:01:25.4830747,00:02:07.2471135,00:01:55.8958911,00:00:35.3445698,00:01:52.8976285,,,,,
376,2025-01-19 02:30:04,2025-01-19 02:31:45,,,,,,,,,,,,,
377,2025-01-19 02:31:45,2025-01-19 02:35:27,,00:01:39.2010311,,,,,,,,,,,
378,2025-01-19 02:35:27,2025-01-19 02:37:06,,,,,,,,,,,,,
379,2025-01-19 02:37:06,2025-01-19 02:38:49,,,,,,,,,,,,,
380,2025-01-19 02:38:49,2025-01-19 02:46:52,,00:01:38.4889555,00:03:17.8104116,00:01:27.2827663,,,,,,,,,
381,2025-01-19 02:46:52,2025-01-19 02:51:07,,00:02:00.4930628,,,,,,,,,,,
382,2025-01-19 02:51:07,2025-01-19 03:11:37,,00:01:47.3005017,00:03:18.2407978,00:01:24.7025623,00:02:19.0067788,00:01:24.9967928,00:00:46.5241956,00:01:26.0975865,00:00:42.3141027,00:00:56.8761213,00:01:39.9000878,00:03:07.6940374,
383,2025-01-19 03:12:38,2025-01-19 03:12:50,,,,,,,,,,,,,
384,2025-01-19 03:12:50,2025-01-19 03:13:53,,,,,,,,,,,,,
385,2025-01-19 03:13:53,2025-01-19 03:21:43,,00:01:38.1080096,00:03:23.1831721,00:01:25.3737827,,,,,,,,,
386,2025-01-19 23:52:57,2025-01-19 23:54:20,,,,,,,,,,,,,
387,2025-01-19 23:54:34,2025-01-19 23:54:36,,,,,,,,,,,,,
388,2025-01-20 00:22:25,2025-01-20 00:22:47,,,,,,,,,,,,,
389,2025-01-20 00:22:47,2025-01-20 00:36:03,,00:01:57.0633208,00:03:33.4074679,00:01:23.3146553,00:02:28.7124581,00:01:30.2620202,00:00:33.5989828,00:01:33.3812195,,,,,
390,2025-01-20 00:36:03,2025-01-20 00:57:32,,00:01:45.5825524,00:03:22.0343049,00:01:30.7658072,00:02:20.6419295,00:01:27.6588476,00:00:35.8044831,00:01:23.0914383,00:01:54.1176947,00:00:49.4751507,00:01:49.2034737,00:01:08.8843901,
391,2025-01-20 00:57:32,2025-01-20 00:57:43,,,,,,,,,,,,,
392,2025-01-20 00:57:43,2025-01-20 01:12:03,,00:01:52.5621867,00:03:24.8519837,00:01:33.4226206,00:02:20.5038554,00:01:26.8864901,00:00:36.3177248,00:01:24.4486721,00:01:12.7460926,,,,
393,2025-01-20 01:12:03,2025-01-20 01:16:12,,00:02:02.5683647,,,,,,,,,,,
394,2025-01-20 01:16:12,2025-01-20 01:25:29,,00:03:09.6682674,,,,,,,,,,,
395,2025-01-20 01:25:29,2025-01-20 01:30:24,,00:01:49.5546282,,,,,,,,,,,
396,2025-01-21 04:16:36,2025-01-21 04:16:42,,,,,,,,,,,,,
397,2025-01-21 04:16:43,2025-01-21 04:16:53,,,,,,,,,,,,,
398,2025-01-21 04:16:53,2025-01-21 04:17:05,,,,,,,,,,,,,
399,2025-01-21 04:17:14,2025-01-21 04:21:37,,00:02:02.4060379,,,,,,,,,,,
400,2025-01-21 04:21:37,2025-01-21 04:23:22,,,,,,,,,,,,,
401,2025-01-21 04:23:22,2025-01-21 04:31:55,,00:01:40.5965049,00:03:26.0129954,00:01:23.8620623,,,,,,,,,
402,2025-01-21 04:31:55,2025-01-21 04:37:11,,00:01:51.5541922,,,,,,,,,,,
403,2025-01-21 04:37:11,2025-01-21 04:38:59,,,,,,,,,,,,,
404,2025-01-21 04:38:59,2025-01-21 04:40:51,,,,,,,,,,,,,
405,2025-01-21 04:40:51,2025-01-21 04:49:04,,00:01:38.0276182,00:03:32.1248066,00:01:28.7436479,,,,,,,,,
406,2025-01-21 04:49:04,2025-01-21 04:51:00,,,,,,,,,,,,,
407,2025-01-21 04:51:00,2025-01-21 04:53:16,,,,,,,,,,,,,
408,2025-01-21 04:53:16,2025-01-21 04:54:20,,,,,,,,,,,,,
409,2025-01-21 04:54:20,2025-01-21 04:56:06,,,,,,,,,,,,,
410,2025-01-21 04:56:06,2025-01-21 05:08:50,,00:01:37.6096257,00:03:33.5361171,00:01:32.3833571,00:02:08.6288326,00:01:33.9287548,00:00:33.5349992,,,,,,
411,2025-01-21 05:08:50,2025-01-21 05:10:27,,,,,,,,,,,,,
412,2025-01-21 05:10:27,2025-01-21 05:19:03,,00:01:49.0815155,00:03:34.2229591,00:01:28.7516628,,,,,,,,,
413,2025-01-21 05:19:03,2025-01-21 05:23:35,,00:01:53.6851853,,,,,,,,,,,
414,2025-01-21 05:23:35,2025-01-21 05:28:37,,00:01:46.7891216,,,,,,,,,,,
415,2025-01-21 05:28:37,2025-01-21 05:34:34,,00:01:37.0763422,,,,,,,,,,,
416,2025-01-21 05:34:34,2025-01-21 05:35:37,,,,,,,,,,,,,
417,2025-01-21 05:35:37,2025-01-21 05:38:20,,,,,,,,,,,,,
418,2025-01-21 05:38:20,2025-01-21 05:46:14,,00:01:46.4038755,00:03:24.8867263,00:01:27.0550291,,,,,,,,,
419,2025-01-21 05:46:14,2025-01-21 05:55:34,,00:01:56.2848117,00:03:16.8853195,00:01:25.4238629,,,,,,,,,
420,2025-01-21 05:55:34,2025-01-21 06:00:35,,00:02:01.7258939,,,,,,,,,,,
421,2025-01-21 06:00:35,2025-01-21 06:26:24,00:25:49.7789570,00:01:39.5791370,00:03:49.3698158,00:01:31.8623565,00:02:17.4109396,00:01:24.9647093,00:00:36.5305738,00:01:23.9346124,00:00:56.6715819,00:00:53.6741089,00:06:30.4211852,00:01:50.7349502,00:02:54.6249864
422,2025-01-21 06:27:44,2025-01-21 06:27:54,,,,,,,,,,,,,
423,2025-01-21 06:27:54,2025-01-21 06:37:30,,00:01:37.1428174,,,,,,,,,,,
424,2025-01-21 06:40:29,2025-01-21 07:03:47,,00:02:00.7630365,00:03:18.6864899,00:01:28.9552702,00:02:20.9063994,00:01:36.1437485,00:00:37.1503940,00:01:19.8325208,00:01:18.5481575,00:00:51.9236991,00:02:01.9876626,00:04:05.1913600,
425,2025-01-21 07:06:04,2025-01-21 07:06:20,,,,,,,,,,,,,
426,2025-01-21 07:06:20,2025-01-21 07:11:20,,,,,,,,,,,,,
427,2025-01-22 22:38:11,2025-01-22 22:38:22,,,,,,,,,,,,,
428,2025-01-22 22:38:22,2025-01-22 22:43:52,,00:01:53.4304701,,,,,,,,,,,
429,2025-01-22 22:43:52,2025-01-22 23:00:19,,00:01:37.6631089,00:03:28.3415574,00:01:28.0889216,00:02:16.8426660,00:01:30.0551880,00:00:37.3685357,00:01:23.1957849,00:01:16.4126356,00:00:57.9391843,,,
430,2025-01-22 23:00:19,2025-01-22 23:15:37,,00:01:46.4169645,00:03:18.3340845,00:01:24.5516715,00:02:10.2498155,00:01:39.3135586,00:00:34.2071552,00:01:23.5476255,00:01:09.6324188,00:00:51.3543208,,,
431,2025-01-22 23:15:37,2025-01-22 23:20:45,,00:02:03.7190650,,,,,,,,,,,
432,2025-01-22 23:20:45,2025-01-22 23:22:39,,,,,,,,,,,,,
433,2025-01-22 23:22:39,2025-01-22 23:26:24,,00:01:39.5981602,,,,,,,,,,,
434,2025-01-22 23:26:24,2025-01-22 23:34:45,,00:01:54.0633295,00:03:20.0316481,00:01:28.9378338,,,,,,,,,
435,2025-01-22 23:34:45,2025-01-22 23:36:58,,,,,,,,,,,,,
436,2025-01-22 23:36:58,2025-01-22 23:40:02,,00:01:57.7245661,,,,,,,,,,,
437,2025-01-22 23:40:02,2025-01-23 00:01:00,00:20:58.9181182,00:01:49.7750653,00:03:18.8105531,00:01:25.7268491,00:02:21.6523997,00:01:25.9742871,00:00:34.9365542,00:01:19.5751594,00:00:50.8656114,00:00:47.6875730,00:03:58.2562084,00:01:04.9908705,00:02:00.6669870
438,2025-01-23 00:07:10,2025-01-23 00:13:56,,00:02:01.4337116,,,,,,,,,,,
439,2025-01-23 00:13:56,2025-01-23 00:15:35,,,,,,,,,,,,,
440,2025-01-23 00:15:35,2025-01-23 00:36:53,,00:01:45.5149361,00:03:16.1503572,00:01:24.8032020,00:02:26.1409088,00:01:25.7422954,00:00:34.6107463,00:01:25.8313159,00:00:46.4145274,00:00:52.0748507,00:01:54.8688563,00:01:03.2366985,
441,2025-01-27 23:37:09,2025-01-27 23:37:12,,,,,,,,,,,,,
442,2025-01-27 23:38:00,2025-01-27 23:45:49,,00:01:53.3469531,00:03:36.6701827,00:01:31.8166213,,,,,,,,,
443,2025-01-27 23:45:49,2025-01-27 23:51:56,,00:01:52.5483413,,,,,,,,,,,
444,2025-01-27 23:51:56,2025-01-27 23:53:36,,,,,,,,,,,,,
445,2025-01-27 23:53:36,2025-01-27 23:55:23,,,,,,,,,,,,,
446,2025-01-27 23:55:23,2025-01-27 23:57:10,,,,,,,,,,,,,
447,2025-01-27 23:57:10,2025-01-27 23:57:54,,,,,,,,,,,,,
448,2025-01-27 23:57:54,2025-01-28 00:11:17,,00:01:53.8234851,00:03:29.5343461,00:01:26.0300384,00:02:25.5681523,00:01:28.9259976,00:00:38.0947498,00:01:25.3126255,,,,,
449,2025-01-28 00:11:17,2025-01-28 00:20:02,,00:02:00.9923365,00:03:28.4429660,00:01:23.3626086,,,,,,,,,
450,2025-01-28 00:20:02,2025-01-28 00:25:59,,00:02:03.0632449,,,,,,,,,,,
451,2025-01-28 00:25:59,2025-01-28 00:28:33,,00:01:53.1890901,,,,,,,,,,,
452,2025-01-28 00:28:33,2025-01-28 00:30:26,,,,,,,,,,,,,
453,2025-01-28 00:30:26,2025-01-28 00:32:29,,,,,,,,,,,,,
454,2025-01-28 00:32:29,2025-01-28 00:32:38,,,,,,,,,,,,,
455,2025-01-28 00:32:38,2025-01-28 00:52:26,,00:01:41.0140861,00:03:21.8079147,00:01:24.2519117,00:02:16.9637623,00:01:27.1342319,00:00:36.4124964,00:01:22.9516704,00:00:45.5589212,00:00:56.7867341,00:01:51.7875471,00:01:05.0525456,
456,2025-01-28 00:52:26,2025-01-28 00:52:36,,,,,,,,,,,,,
457,2025-01-28 00:52:36,2025-01-28 00:54:18,,,,,,,,,,,,,
458,2025-01-28 00:54:18,2025-01-28 00:56:27,,,,,,,,,,,,,
459,2025-01-28 00:56:27,2025-01-28 01:16:22,00:19:56.1058222,00:01:50.4402900,00:03:15.5497674,00:01:29.7148147,00:02:26.1439281,00:01:30.2443411,00:00:34.1519041,00:01:31.4582839,00:00:40.8743652,00:00:59.1438232,00:01:39.5360858,00:01:14.1377406,00:02:44.7104781
460,2025-01-30 22:34:19,2025-01-30 22:34:35,,,,,,,,,,,,,
461,2025-01-30 22:34:35,2025-01-30 22:45:09,,00:02:20.9456687,,,,,,,,,,,
462,2025-01-30 22:55:25,2025-01-30 22:55:42,,,,,,,,,,,,,
463,2025-01-30 22:55:42,2025-01-30 23:00:29,,00:01:55.2071208,,,,,,,,,,,
464,2025-01-30 23:00:29,2025-01-30 23:01:52,,,,,,,,,,,,,
465,2025-01-30 23:01:52,2025-01-30 23:03:33,,,,,,,,,,,,,
466,2025-01-30 23:03:33,2025-01-30 23:05:19,,,,,,,,,,,,,
467,2025-01-30 23:05:19,2025-01-30 23:11:22,,00:02:00.6048969,,,,,,,,,,,
468,2025-01-30 23:11:22,2025-01-30 23:34:37,,00:01:47.9364575,00:03:19.1719546,00:01:31.6780928,00:02:10.7861408,00:01:34.0258053,00:00:35.3166109,00:01:23.0640693,00:00:52.0789479,00:00:52.9126458,00:01:38.0289729,00:03:17.3135628,
469,2025-01-30 23:34:37,2025-01-30 23:56:31,,00:01:45.5858559,00:03:33.4009554,00:01:27.8962933,00:02:15.0495570,00:01:25.3102009,00:00:34.5190631,00:02:00.4198815,00:01:13.1372983,,00:02:45.4808433,00:01:12.2217599,
470,2025-02-01 01:22:57,2025-02-01 01:24:18,,,,,,,,,,,,,
471,2025-02-01 01:24:18,2025-02-01 01:25:48,,,,,,,,,,,,,
472,2025-02-01 01:25:48,2025-02-01 01:26:16,,,,,,,,,,,,,
473,2025-02-01 01:26:17,2025-02-01 01:26:26,,,,,,,,,,,,,
474,2025-02-01 01:26:26,2025-02-01 01:34:28,,00:01:38.5880122,00:03:24.6874385,00:01:26.2666092,,,,,,,,,
475,2025-02-01 01:34:28,2025-02-01 01:37:20,,00:01:46.6129192,,,,,,,,,,,
476,2025-02-01 01:37:20,2025-02-01 01:39:03,,,,,,,,,,,,,
477,2025-02-01 01:39:03,2025-02-01 01:43:03,,00:02:02.5369731,,,,,,,,,,,
478,2025-02-01 01:43:03,2025-02-01 01:46:44,,00:02:02.4764841,,,,,,,,,,,
479,2025-02-01 01:46:44,2025-02-01 02:02:23,,00:01:38.7631027,00:03:33.2960467,00:01:31.8949124,00:02:27.5067957,00:01:35.6705526,00:00:34.8303002,,,,,,
480,2025-02-01 02:02:23,2025-02-01 02:11:34,,00:02:02.9808005,00:03:47.7884120,00:01:27.1555839,,,,,,,,,
481,2025-02-01 02:11:34,2025-02-01 02:29:20,,00:01:56.2185368,00:03:28.3610187,00:01:27.7109184,,,,,,,,,
482,2025-02-01 02:29:20,2025-02-01 02:33:11,,00:02:02.5383354,,,,,,,,,,,
483,2025-02-01 02:33:11,2025-02-01 02:48:44,,00:01:45.2566274,00:04:10.3993269,00:01:25.5053199,00:02:23.3248089,00:02:09.9404746,00:00:33.4013197,,,,,,
484,2025-02-01 20:57:18,2025-02-01 20:58:02,,,,,,,,,,,,,
485,2025-02-01 20:58:02,2025-02-01 21:09:11,,00:01:56.2544024,00:03:13.4821176,00:01:24.2182272,,,,,,,,,
486,2025-02-01 21:09:11,2025-02-01 21:13:20,,00:01:53.2464238,,,,,,,,,,,
487,2025-02-01 21:13:20,2025-02-01 21:31:31,00:18:12.4287127,00:01:38.6009786,00:03:16.6926312,00:01:24.7187070,00:02:12.6625896,00:01:26.3840003,00:00:33.6189242,00:01:24.5261269,00:00:48.1896333,00:00:51.9562897,00:01:37.5339073,00:00:53.7373377,00:02:03.8075869
488,2025-02-01 22:13:29,2025-02-01 22:13:37,,,,,,,,,,,,,
489,2025-02-01 22:15:51,2025-02-01 22:15:52,,,,,,,,,,,,,
490,2025-02-04 05:41:31,2025-02-04 05:49:57,,00:01:41.1097173,00:04:14.4376899,00:01:31.9513630,,,,,,,,,
491,2025-02-04 05:49:57,2025-02-04 05:51:43,,,,,,,,,,,,,
492,2025-02-04 05:51:43,2025-02-04 05:54:55,,00:02:06.9848410,,,,,,,,,,,
493,2025-02-04 05:54:55,2025-02-04 05:56:35,,,,,,,,,,,,,
494,2025-02-04 05:56:35,2025-02-04 05:58:18,,,,,,,,,,,,,
495,2025-02-04 05:58:18,2025-02-04 06:07:18,,,,,,,,,,,,,
496,2025-02-04 06:07:18,2025-02-04 06:16:40,,00:01:49.3237056,00:03:16.2210380,00:01:23.0896863,,,,,,,,,
497,2025-02-04 06:16:40,2025-02-04 06:16:41,,,,,,,,,,,,,
498,2025-02-04 06:16:57,2025-02-04 06:16:57,,,,,,,,,,,,,
499,2025-02-04 06:18:45,2025-02-04 06:18:54,,,,,,,,,,,,,
500,2025-02-15 05:32:52,2025-02-15 05:33:30,,,,,,,,,,,,,
501,2025-02-15 05:33:30,2025-02-15 05:33:53,,,,,,,,,,,,,
502,2025-02-15 05:33:53,2025-02-15 05:34:16,,,,,,,,,,,,,
503,2025-02-15 05:34:16,2025-02-15 05:53:13,00:18:58.3285216,00:01:53.1610844,00:03:41.6826950,00:01:25.3700412,00:02:06.6851420,00:01:29.2549670,00:00:33.7400912,00:01:20.9033566,00:00:59.4213643,00:00:50.6773428,00:01:36.5559467,00:01:12.5070654,00:01:48.3694250
504,2025-02-15 06:07:41,2025-02-15 06:29:19,00:21:40.0483953,,,00:06:48.9694181,00:02:15.6166254,00:01:30.4243620,00:00:39.3789457,00:01:19.9107888,00:00:46.3879918,00:00:48.1126103,00:03:57.9946789,00:01:30.1293102,00:02:03.1236641
505,2025-02-15 06:35:42,2025-02-15 06:54:33,00:18:52.2609369,00:01:47.0738057,00:03:39.6829785,00:01:24.6200868,00:02:31.9391253,00:01:33.9602550,00:00:33.8031223,00:01:17.4209872,00:00:46.1415687,00:00:45.6754327,00:01:34.8135014,00:00:56.6643362,00:02:00.4657371
506,2025-02-19 00:20:53,2025-02-19 00:22:34,,,,,,,,,,,,,
507,2025-02-19 00:22:34,2025-02-19 00:23:37,,,,,,,,,,,,,
508,2025-02-19 00:23:37,2025-02-19 00:34:04,,00:01:45.6506899,00:03:43.0033191,00:01:34.7801300,,,,,,,,,
509,2025-02-19 00:34:04,2025-02-19 00:35:06,,,,,,,,,,,,,
510,2025-02-19 00:35:06,2025-02-19 00:38:10,,00:01:48.1540039,,,,,,,,,,,
511,2025-02-19 00:38:10,2025-02-19 00:39:54,,,,,,,,,,,,,
512,2025-02-19 00:39:54,2025-02-19 00:43:59,,00:02:00.8446170,,,,,,,,,,,
513,2025-02-19 00:44:07,2025-02-19 00:46:21,,,,,,,,,,,,,
514,2025-02-19 00:46:21,2025-02-19 00:55:06,,00:01:37.9611991,00:03:31.7246516,00:01:25.8619022,,,,,,,,,
515,2025-02-19 00:55:06,2025-02-19 00:57:38,,,,,,,,,,,,,
516,2025-02-19 00:57:38,2025-02-19 01:17:45,00:20:08.2081774,00:01:40.9523733,00:03:21.4532643,00:01:29.4078216,00:02:29.3676545,00:01:48.2277814,00:00:33.6312608,00:01:26.6553165,00:00:48.7064675,00:00:49.1371402,00:01:52.8417478,00:02:05.7386475,00:01:42.0887020
517,2025-02-19 01:21:01,2025-02-19 01:26:59,,00:01:47.6163820,,,,,,,,,,,
518,2025-02-19 01:26:59,2025-02-19 01:30:31,,00:01:38.7581254,,,,,,,,,,,
519,2025-02-19 01:30:31,2025-02-19 01:38:32,,00:01:38.6055049,00:03:17.2497459,00:01:42.6661815,,,,,,,,,
520,2025-02-19 01:38:32,2025-02-19 01:50:31,,00:01:37.6154154,00:03:19.4714791,00:01:36.2135987,,,,,,,,,
521,2025-02-19 01:50:31,2025-02-19 02:01:23,,00:01:39.1755241,00:03:31.7138549,00:01:23.9475327,,,,,,,,,
522,2025-02-19 02:01:23,2025-02-19 02:02:25,,,,,,,,,,,,,
523,2025-02-19 02:02:25,2025-02-19 02:16:31,,00:01:47.5698299,00:03:19.8518122,00:01:28.1548263,00:02:09.6170445,00:01:27.5086503,00:00:36.2678857,00:01:23.4864206,00:01:16.6590307,,,,
524,2025-02-19 03:55:24,2025-02-19 03:55:39,,,,,,,,,,,,,
525,2025-02-19 03:55:39,2025-02-19 03:59:52,,00:01:40.9404446,,,,,,,,,,,
526,2025-02-19 03:59:52,2025-02-19 04:01:51,,,,,,,,,,,,,
527,2025-02-19 04:01:51,2025-02-19 04:03:32,,00:01:37.0700000,,,,,,,,,,,
528,2025-02-19 04:03:32,2025-02-19 04:04:47,,,,,,,,,,,,,
529,2025-02-19 04:04:47,2025-02-19 04:11:21,,00:01:45.5249193,,,,,,,,,,,
530,2025-02-19 04:11:21,2025-02-19 05:08:39,,00:19:06.1996344,,,,,,,,,,,
531,2025-02-19 05:08:39,2025-02-19 05:08:47,,,,,,,,,,,,,
532,2025-02-19 05:08:47,2025-02-19 05:12:47,,00:01:38.8882257,,,,,,,,,,,
533,2025-02-19 05:12:47,2025-02-19 05:16:06,,00:02:02.5828280,,,,,,,,,,,
534,2025-02-19 05:16:06,2025-02-19 05:20:04,,00:01:37.6057645,,,,,,,,,,,
535,2025-02-19 05:20:04,2025-02-19 05:27:53,,00:01:38.7915028,00:03:23.4569407,00:01:50.9665465,,,,,,,,,
536,2025-02-19 05:27:53,2025-02-19 05:35:59,,00:01:37.1046380,00:03:28.1222229,00:01:25.0190588,,,,,,,,,
537,2025-02-19 05:35:59,2025-02-19 05:44:26,,00:01:37.6414630,00:03:39.1197886,00:01:24.1316733,,,,,,,,,
538,2025-02-19 05:44:26,2025-02-19 05:47:31,,,,,,,,,,,,,
539,2025-02-19 05:47:31,2025-02-19 06:05:01,,00:01:53.5010391,00:03:21.2824935,00:01:23.5340708,00:02:10.3633824,00:01:28.0624545,00:00:34.0267169,00:01:21.4899413,00:00:41.1383637,00:00:46.3283290,00:01:37.7968157,00:01:44.6704749,
540,2025-02-19 06:05:01,2025-02-19 06:05:10,,,,,,,,,,,,,
541,2025-02-19 06:05:10,2025-02-19 06:08:04,,00:01:39.1320113,,,,,,,,,,,
542,2025-02-19 06:08:04,2025-02-19 06:11:58,,00:01:52.0456106,,,,,,,,,,,
543,2025-02-19 06:11:58,2025-02-19 06:19:59,,00:01:46.4405028,00:03:14.2399606,00:01:25.5510867,,,,,,,,,
544,2025-02-19 06:19:59,2025-02-19 06:22:25,,,,,,,,,,,,,
545,2025-02-19 06:22:25,2025-02-19 06:22:35,,,,,,,,,,,,,
546,2025-02-22 00:49:15,2025-02-22 00:50:01,,,,,,,,,,,,,
547,2025-02-22 00:51:26,2025-02-22 00:51:29,,,,,,,,,,,,,
548,2025-02-22 00:51:31,2025-02-22 00:51:40,,,,,,,,,,,,,
549,2025-02-22 00:51:40,2025-02-22 00:53:25,,,,,,,,,,,,,
550,2025-02-22 00:53:25,2025-02-22 01:18:36,,00:01:54.6233722,00:03:11.2768150,00:01:28.8141460,00:02:14.4366938,00:01:29.2098750,00:00:33.5345649,00:01:23.3034908,00:00:55.6233852,00:00:51.4171217,00:02:40.3735428,00:01:36.7728311,
551,2025-02-22 01:18:36,2025-02-22 01:32:47,,00:13:21.9327724,,,,,,,,,,,
552,2025-02-22 01:32:57,2025-02-22 01:55:08,00:22:12.6138317,00:01:37.5406453,00:03:23.4250881,00:01:26.0756765,00:03:55.5107468,00:01:25.3462648,00:00:33.6134795,00:01:21.5571506,00:00:58.1085516,00:00:51.7704020,00:01:54.3723303,00:01:14.9347854,00:03:30.3587108
553,2025-02-22 02:53:58,2025-02-22 03:00:14,,,,,,,,,,,,,
554,2025-02-22 03:00:14,2025-02-22 03:21:40,00:21:28.0850703,00:02:03.1802108,00:03:57.2674177,00:01:35.4066223,00:02:11.5537968,00:01:32.4471108,00:00:33.6180884,00:01:20.3510336,00:00:55.1148683,,00:03:53.2920304,00:01:18.6671228,00:02:07.1867684
555,2025-02-22 03:28:35,2025-02-22 03:28:36,,,,,,,,,,,,,
556,2025-02-22 03:29:06,2025-02-22 03:34:42,,00:01:48.8586964,00:03:34.1277220,,,,,,,,,,
557,2025-02-22 03:34:42,2025-02-22 03:36:27,,,,,,,,,,,,,
558,2025-02-22 03:36:27,2025-02-22 03:38:23,,,,,,,,,,,,,
559,2025-02-22 03:38:23,2025-02-22 03:40:17,,,,,,,,,,,,,
560,2025-02-22 03:40:17,2025-02-22 03:49:10,,00:01:46.6191408,00:03:20.7164780,00:01:23.2808687,,,,,,,,,
561,2025-02-22 03:49:10,2025-02-22 03:52:38,,,,,,,,,,,,,
562,2025-02-22 03:52:38,2025-02-22 03:54:32,,,,,,,,,,,,,
563,2025-02-22 03:54:32,2025-02-22 04:00:22,,00:01:51.5100024,00:03:46.0257217,,,,,,,,,,
564,2025-02-22 04:00:22,2025-02-22 04:05:29,,00:01:47.6919043,,,,,,,,,,,
565,2025-02-22 04:05:29,2025-02-22 04:08:12,,,,,,,,,,,,,
566,2025-02-22 04:08:12,2025-02-22 04:11:51,,,,,,,,,,,,,
567,2025-02-22 04:11:51,2025-02-22 04:17:52,,00:01:37.1797036,,,,,,,,,,,
568,2025-02-22 04:17:52,2025-02-22 04:20:22,,,,,,,,,,,,,
569,2025-02-22 04:20:22,2025-02-22 04:22:45,,,,,,,,,,,,,
570,2025-02-22 04:22:45,2025-02-22 04:27:49,,00:01:51.6905776,,,,,,,,,,,
571,2025-02-22 04:27:49,2025-02-22 04:28:55,,,,,,,,,,,,,
572,2025-02-22 04:28:55,2025-02-22 04:30:55,,,,,,,,,,,,,
573,2025-02-22 04:30:55,2025-02-22 04:39:26,,00:01:37.2182705,00:03:33.2843588,00:01:27.7477962,,,,,,,,,
574,2025-02-22 04:39:26,2025-02-22 04:46:00,,00:01:44.9663367,00:04:35.9645540,,,,,,,,,,
575,2025-02-23 03:40:08,2025-02-23 03:40:11,,,,,,,,,,,,,
576,2025-02-23 04:03:52,2025-02-23 04:04:02,,,,,,,,,,,,,
577,2025-02-23 04:04:02,2025-02-23 04:05:48,,,,,,,,,,,,,
578,2025-02-23 04:05:48,2025-02-23 04:07:35,,,,,,,,,,,,,
579,2025-02-23 04:07:35,2025-02-23 04:13:03,,00:01:37.1130623,,,,,,,,,,,
580,2025-02-23 04:13:03,2025-02-23 04:18:19,,00:01:42.9726727,,,,,,,,,,,
581,2025-02-23 04:18:19,2025-02-23 04:19:54,,,,,,,,,,,,,
582,2025-02-23 04:19:54,2025-02-23 04:42:22,00:22:29.4317350,00:01:36.9442193,00:03:20.4517897,00:01:25.4475675,00:02:11.4778646,00:01:26.0131073,00:00:38.9795425,00:01:25.1171002,00:00:42.2588488,00:00:48.3135846,00:01:37.1828895,00:02:24.3103795,00:04:52.9348415
583,2025-02-23 04:44:08,2025-02-23 04:55:18,,00:01:37.6428298,00:03:26.4248895,00:01:29.6489333,,,,,,,,,
584,2025-02-23 04:55:18,2025-02-23 05:04:02,,00:01:39.1351416,00:03:24.4931236,00:01:24.1449285,,,,,,,,,
585,2025-02-23 05:04:02,2025-02-23 05:13:12,,00:01:39.6371007,00:03:17.9213170,00:01:24.1895505,,,,,,,,,
586,2025-02-23 05:13:12,2025-02-23 05:23:42,,00:01:38.5181909,00:03:19.6358936,00:01:24.6676662,,,,,,,,,
587,2025-02-23 05:23:42,2025-02-23 05:27:13,,00:01:36.7930340,,,,,,,,,,,
588,2025-02-23 05:27:24,2025-02-23 05:27:27,,,,,,,,,,,,,
589,2025-02-25 04:15:31,2025-02-25 04:15:58,,,,,,,,,,,,,
590,2025-02-25 04:15:58,2025-02-25 04:36:39,,00:01:37.6247848,00:03:30.5442050,00:01:22.9600375,00:02:16.5721324,00:01:29.2275822,00:00:34.6828385,00:01:23.6374588,00:01:02.0908446,00:00:53.8710160,00:02:33.9711367,00:00:59.3881442,
591,2025-02-25 04:36:39,2025-02-25 04:38:31,,,,,,,,,,,,,
592,2025-02-25 04:38:31,2025-02-25 04:40:13,,00:01:36.7000000,,,,,,,,,,,
593,2025-02-25 04:40:13,2025-02-25 04:40:20,,,,,,,,,,,,,
594,2025-02-25 04:40:20,2025-02-25 04:41:54,,,,,,,,,,,,,
595,2025-02-25 04:42:47,2025-02-25 04:50:45,,00:01:37.1322807,00:03:12.7240828,00:01:24.5479661,,,,,,,,,
596,2025-02-25 04:50:45,2025-02-25 04:52:23,,,,,,,,,,,,,
597,2025-02-25 04:52:23,2025-02-25 04:52:32,,,,,,,,,,,,,
598,2025-02-25 04:52:32,2025-02-25 04:54:25,,,,,,,,,,,,,
599,2025-02-25 04:54:25,2025-02-25 04:59:48,,00:01:37.7904838,,,,,,,,,,,
600,2025-02-25 04:59:48,2025-02-25 05:04:55,,00:01:48.7021349,,,,,,,,,,,
601,2025-02-25 05:04:55,2025-02-25 05:19:03,,00:01:37.2116763,00:03:19.4735651,00:01:31.9724557,,,,,,,,,
602,2025-02-25 05:19:03,2025-02-25 05:19:12,,,,,,,,,,,,,
603,2025-02-25 05:19:12,2025-02-25 05:25:21,,00:01:46.9838904,,,,,,,,,,,
604,2025-02-25 05:25:21,2025-02-25 05:29:09,,00:01:39.0777624,,,,,,,,,,,
605,2025-02-25 05:29:09,2025-02-25 05:31:01,,,,,,,,,,,,,
606,2025-02-25 05:31:01,2025-02-25 05:45:58,,00:01:37.1482027,00:03:29.9377407,00:01:23.2703427,00:02:19.7087768,,,,,,,,
607,2025-02-25 05:45:58,2025-02-25 05:47:43,,,,,,,,,,,,,
608,2025-02-25 05:47:43,2025-02-25 05:51:27,,00:01:53.0915203,,,,,,,,,,,
609,2025-02-25 05:51:27,2025-02-25 06:09:58,00:18:32.4120240,00:01:46.6746677,00:03:22.7630773,00:01:23.2646978,00:02:05.2027771,00:01:27.8511298,00:00:34.4296023,00:01:21.6656273,00:00:45.6209958,00:00:49.3247589,00:01:36.4574281,00:01:15.6074944,00:02:03.5497675
610,2025-02-26 23:48:50,2025-02-26 23:52:16,,00:01:47.2613443,,,,,,,,,,,
611,2025-02-26 23:52:16,2025-02-27 00:08:08,,00:01:53.3705584,00:03:16.0358543,00:01:25.2055649,00:02:15.0125600,00:01:27.8270278,00:00:33.7405737,00:01:18.8498378,00:00:57.8624488,00:00:57.7596181,,,
612,2025-02-27 00:08:08,2025-02-27 00:09:45,,,,,,,,,,,,,
613,2025-02-27 00:09:45,2025-02-27 00:15:20,,00:01:44.7471422,00:03:38.7968038,,,,,,,,,,
614,2025-02-27 00:15:20,2025-02-27 00:17:07,,,,,,,,,,,,,
615,2025-02-27 00:17:07,2025-02-27 00:22:43,,00:01:37.6178591,,,,,,,,,,,
616,2025-02-27 00:22:43,2025-02-27 00:25:08,,,,,,,,,,,,,
617,2025-02-27 00:25:08,2025-02-27 00:33:55,,00:01:37.1907414,00:03:16.0241331,00:01:27.3200241,,,,,,,,,
618,2025-02-27 00:33:55,2025-02-27 00:35:29,,,,,,,,,,,,,
619,2025-02-27 00:35:29,2025-02-27 00:39:38,,00:01:45.1190560,,,,,,,,,,,
620,2025-02-27 00:39:38,2025-02-27 00:50:17,,00:01:45.6777963,00:03:22.3865079,00:01:27.1893595,00:02:23.3530524,,,,,,,,
621,2025-02-27 00:50:17,2025-02-27 01:09:06,,00:01:37.0915493,00:03:23.0013599,00:01:24.0867327,00:02:06.7650606,00:01:27.9563005,00:00:35.6287139,00:01:21.0900375,00:00:39.9323864,00:00:53.2107729,00:01:43.9135607,00:01:02.8958493,
622,2025-02-28 04:01:41,2025-02-28 04:03:25,,,,,,,,,,,,,
623,2025-02-28 04:03:25,2025-02-28 04:11:53,,00:01:37.1645489,00:04:12.5787412,00:01:25.7813427,,,,,,,,,
624,2025-02-28 04:11:53,2025-02-28 04:33:55,,00:02:48.0303667,,00:07:48.8052773,,,,,00:06:15.4692090,00:01:29.9583900,00:03:37.4768008,,
625,2025-02-28 04:34:40,2025-02-28 04:34:50,,,,,,,,,,,,,
626,2025-02-28 04:34:50,2025-02-28 04:36:43,,,,,,,,,,,,,
627,2025-02-28 04:36:43,2025-02-28 04:38:51,,,,,,,,,,,,,
628,2025-02-28 04:38:51,2025-02-28 04:39:23,,,,,,,,,,,,,
629,2025-02-28 04:39:23,2025-02-28 04:56:13,,00:01:37.3284060,00:03:43.5571595,00:01:23.8085396,00:02:18.6707305,00:04:13.3945950,,,,,,,
630,2025-02-28 04:56:13,2025-02-28 05:04:32,,00:01:45.7109685,00:03:25.7163773,00:01:22.6876836,,,,,,,,,
631,2025-02-28 05:04:32,2025-02-28 05:06:22,,,,,,,,,,,,,
632,2025-02-28 05:06:22,2025-02-28 05:24:02,,00:01:47.8208860,00:03:18.6208274,00:01:24.4790226,00:02:06.4084999,00:01:31.4663633,00:00:35.4991797,00:01:24.1894878,00:00:47.4403020,00:00:49.1373025,00:01:34.7483001,00:02:02.3395594,
633,2025-02-28 05:24:02,2025-02-28 05:31:45,,00:01:36.7824290,00:03:23.6841350,00:01:23.8089424,,,,,,,,,
634,2025-02-28 05:31:45,2025-02-28 05:33:30,,,,,,,,,,,,,
635,2025-02-28 05:33:30,2025-02-28 05:35:31,,,,,,,,,,,,,
636,2025-02-28 05:35:31,2025-02-28 05:37:46,,,,,,,,,,,,,
637,2025-02-28 05:37:46,2025-02-28 05:59:17,,00:01:37.4284588,00:03:15.6210607,00:01:28.0382381,00:02:15.6143902,00:01:34.0784547,00:00:34.2198593,00:01:19.5552471,00:01:08.1614065,00:00:49.1706829,00:01:39.5281365,00:01:56.2744702,
638,2025-02-28 05:59:17,2025-02-28 06:01:24,,00:01:36.9030945,,,,,,,,,,,
639,2025-02-28 06:01:24,2025-02-28 06:02:56,,,,,,,,,,,,,
640,2025-02-28 06:02:56,2025-02-28 06:35:22,,00:01:47.1199891,00:03:20.3589133,00:01:25.2139373,00:19:46.8603143,,,,,,,,
641,2025-03-01 04:17:22,2025-03-01 04:18:30,,,,,,,,,,,,,
642,2025-03-01 04:18:30,2025-03-01 04:38:55,00:20:26.1181044,00:01:45.9872888,00:03:14.8157488,00:01:37.7854028,00:03:14.1126125,00:01:29.5269448,00:00:33.7888050,00:01:26.3232629,00:00:50.9429671,00:01:08.8242854,00:01:41.3956391,00:01:27.2300981,00:01:55.3850491
643,2025-03-01 04:43:25,2025-03-01 05:02:59,00:19:35.1685221,00:01:37.7761895,00:03:46.3546485,00:01:26.1589663,00:02:03.0921113,00:01:25.2002001,00:00:35.7203309,00:01:21.2201416,00:01:01.4025687,00:00:48.3681066,00:01:34.8167380,00:01:21.1389145,00:02:33.9196061
644,2025-03-01 05:06:16,2025-03-01 05:30:28,,00:01:56.2473116,00:03:11.5187099,00:01:36.4828543,00:02:19.9292602,00:02:56.9135259,00:00:33.8769926,00:01:24.4284794,00:01:12.2999167,00:00:45.8539688,00:01:59.5889120,00:01:11.2712074,
645,2025-03-01 05:30:34,2025-03-01 05:30:45,,,,,,,,,,,,,
646,2025-03-01 05:46:26,2025-03-01 05:49:36,,,,,,,,,,,,,
647,2025-03-01 05:49:36,2025-03-01 06:11:32,,00:01:47.5127237,00:04:11.7632859,00:01:25.5552178,00:03:31.8597166,00:01:29.4397374,00:00:34.9227738,00:02:14.2106084,00:00:44.2182298,00:00:51.7127677,,,
648,2025-03-01 06:11:32,2025-03-01 06:34:42,,00:01:37.3407550,00:03:19.2018714,00:01:24.2938906,00:03:36.4342702,00:01:26.6891679,00:00:33.8122754,00:01:46.0439023,00:00:58.5506847,00:01:11.0419435,,,
649,2025-03-02 02:52:56,2025-03-02 02:53:22,,,,,,,,,,,,,
650,2025-03-02 02:53:22,2025-03-02 03:14:22,00:21:01.6350211,00:01:36.7996254,00:03:53.6757388,00:01:23.6949597,00:03:23.0932784,00:01:27.3085109,00:00:37.9537666,00:01:20.8142089,00:00:54.1891890,00:00:46.7248507,00:01:55.5974730,00:01:12.9654719,00:02:28.8179478
651,2025-03-02 03:21:08,2025-03-02 03:22:42,,,,,,,,,,,,,
652,2025-03-02 03:22:42,2025-03-02 03:32:45,,00:01:54.3354098,00:03:40.6013899,00:01:41.2535061,,,,,,,,,
653,2025-03-02 03:32:45,2025-03-02 04:31:59,,00:01:37.5364141,00:04:54.0135585,00:01:23.9798856,00:02:17.1349086,00:01:26.2068279,00:00:33.9118517,00:01:42.1323750,00:01:58.7343523,,,,
654,2025-03-02 04:31:59,2025-03-02 04:43:45,,00:01:36.7580648,00:03:40.5909138,00:01:27.6332107,00:02:42.4423848,,,,,,,,
655,2025-03-02 04:43:45,2025-03-02 04:50:54,,00:02:00.7644267,00:03:24.9903578,00:01:31.7723643,,,,,,,,,
656,2025-03-02 04:50:54,2025-03-02 05:03:42,,00:01:38.6024065,00:03:17.8902638,00:01:24.0676724,,,,,,,,,
657,2025-03-02 05:03:42,2025-03-02 05:05:20,,,,,,,,,,,,,
658,2025-03-02 05:05:20,2025-03-02 05:10:21,,00:01:47.5208745,,,,,,,,,,,
659,2025-03-02 05:10:21,2025-03-02 05:39:27,,00:01:46.5534026,00:03:16.9645298,00:01:24.6174462,00:02:11.2705355,00:01:27.0838958,00:00:33.6237063,00:01:22.8903222,00:01:04.7492602,00:01:00.5456287,,,
660,2025-03-02 05:52:44,2025-03-02 05:53:37,,,,,,,,,,,,,
661,2025-03-02 05:54:05,2025-03-02 06:05:06,,00:01:38.3174178,00:03:17.5352568,00:01:25.8521359,,,,,,,,,
662,2025-03-02 06:05:06,2025-03-02 06:20:46,,00:02:01.9679251,00:03:33.2021661,00:01:22.8271769,00:06:13.9325666,00:01:28.7790801,00:00:37.0611612,,,,,,
663,2025-03-05 06:20:29,2025-03-05 06:20:50,,,,,,,,,,,,,
664,2025-03-05 06:20:50,2025-03-05 06:28:33,,00:01:36.9677437,00:03:43.8623117,00:01:23.0483583,,,,,,,,,
665,2025-03-05 06:28:33,2025-03-05 06:40:49,,,,,,,,,,,,,
666,2025-03-05 06:40:49,2025-03-05 06:42:56,,,,,,,,,,,,,
667,2025-03-05 06:42:56,2025-03-05 06:45:54,,00:01:37.9604693,,,,,,,,,,,
668,2025-03-05 06:45:54,2025-03-05 06:47:34,,,,,,,,,,,,,
669,2025-03-05 06:47:34,2025-03-05 06:49:55,,,,,,,,,,,,,
670,2025-03-05 06:49:55,2025-03-05 06:51:29,,,,,,,,,,,,,
671,2025-03-05 06:51:29,2025-03-05 06:53:36,,,,,,,,,,,,,
672,2025-03-05 06:53:36,2025-03-05 07:02:00,,00:01:36.6572325,00:03:20.4377426,00:01:22.1880314,,,,,,,,,
673,2025-03-05 07:02:00,2025-03-05 07:40:16,,,,,,,,,,,,,
674,2025-03-06 03:44:35,2025-03-06 03:44:39,,,,,,,,,,,,,
675,2025-03-06 03:52:06,2025-03-06 03:52:41,,,,,,,,,,,,,
676,2025-03-06 04:17:32,2025-03-06 04:17:34,,,,,,,,,,,,,
677,2025-03-06 04:17:35,2025-03-06 04:17:36,,,,,,,,,,,,,
678,2025-03-06 04:24:28,2025-03-06 04:42:59,00:18:32.8283272,00:01:45.2235139,00:03:16.4181321,00:01:26.9477912,00:02:13.1467927,00:01:26.7390055,00:00:36.1879927,00:01:18.5485781,00:00:59.4833360,00:00:54.3779865,00:01:41.4251427,00:01:08.1748912,00:01:46.1551646
679,2025-03-06 04:45:48,2025-03-06 04:46:06,,,,,,,,,,,,,
680,2025-03-06 04:48:19,2025-03-06 05:07:56,00:19:38.0330095,00:01:44.8815895,00:03:33.0238205,00:01:24.8091886,00:02:54.9613385,00:01:26.3174186,00:00:34.0955140,00:01:22.6603706,00:00:56.9592347,00:00:49.6782152,00:01:40.6632222,00:01:25.6338163,00:01:44.3492808
681,2025-03-06 05:13:42,2025-03-06 05:34:13,00:20:32.7963663,00:02:02.3869117,00:03:13.2223509,00:01:30.1177433,00:02:10.5594683,00:01:39.7651967,00:00:34.8585884,00:01:24.0184728,00:01:02.1551039,00:00:48.4646746,00:01:39.0968024,00:01:08.0731767,00:03:20.0778766
682,2025-03-06 05:38:01,2025-03-06 05:38:06,,,,,,,,,,,,,
683,2025-03-06 05:42:38,2025-03-06 05:42:49,,,,,,,,,,,,,
684,2025-03-06 05:42:49,2025-03-06 05:46:39,,00:01:39.9022973,,,,,,,,,,,
685,2025-03-06 05:46:39,2025-03-06 06:03:36,,00:01:37.9530989,00:03:17.0133020,00:01:24.4154724,00:02:13.3677384,00:01:25.8016127,00:00:35.9050368,00:01:17.7568132,00:00:43.4910391,00:00:52.8985665,00:01:35.7397044,00:01:10.7367868,
686,2025-03-06 06:03:36,2025-03-06 06:05:20,,,,,,,,,,,,,
687,2025-03-06 06:05:20,2025-03-06 06:06:54,,,,,,,,,,,,,
688,2025-03-06 06:06:54,2025-03-06 06:14:35,,00:01:39.2507638,00:03:33.2666342,00:01:22.9300108,,,,,,,,,
689,2025-03-06 06:14:35,2025-03-06 06:16:18,,,,,,,,,,,,,
690,2025-03-06 06:16:18,2025-03-06 06:17:50,,,,,,,,,,,,,
691,2025-03-06 06:17:50,2025-03-06 06:17:59,,,,,,,,,,,,,
692,2025-03-06 06:17:59,2025-03-06 06:53:03,,00:01:38.2532668,00:03:22.7776167,00:01:22.9700118,,,,,,,,,
693,2025-03-08 03:56:05,2025-03-08 04:31:22,,,,,,,,,,,,,
694,2025-03-08 04:31:22,2025-03-08 04:32:02,,,,,,,,,,,,,
695,2025-03-08 04:32:02,2025-03-08 04:33:03,,,,,,,,,,,,,
696,2025-03-08 04:33:03,2025-03-08 04:34:40,,,,,,,,,,,,,
697,2025-03-08 04:34:40,2025-03-08 04:40:28,,00:01:37.4248781,,,,,,,,,,,
698,2025-03-08 04:40:28,2025-03-08 04:42:12,,,,,,,,,,,,,
699,2025-03-08 04:42:12,2025-03-08 04:43:44,,,,,,,,,,,,,
700,2025-03-08 04:43:44,2025-03-08 04:51:54,,00:01:36.9953108,,,,,,,,,,,
701,2025-03-08 04:51:54,2025-03-08 05:05:51,,00:01:45.2638520,00:03:36.0602906,00:01:24.7450319,00:04:15.9500999,00:01:28.9351799,00:00:34.6962353,,,,,,
702,2025-03-08 05:05:51,2025-03-08 05:14:21,,00:01:37.3645016,00:03:14.5162577,00:01:27.3172285,,,,,,,,,
703,2025-03-08 05:14:21,2025-03-08 05:29:30,,00:01:36.6662151,00:03:18.3703023,00:01:25.2630827,00:02:18.4971331,00:01:26.6347284,00:00:33.6492871,00:01:18.9103455,00:00:55.2332137,00:00:58.6521992,,,
704,2025-03-08 05:29:30,2025-03-08 05:32:03,,,,,,,,,,,,,
705,2025-03-08 05:32:03,2025-03-08 05:34:55,,,,,,,,,,,,,
706,2025-03-08 05:34:55,2025-03-08 05:36:13,,,,,,,,,,,,,
707,2025-03-08 05:36:13,2025-03-08 05:37:49,,,,,,,,,,,,,
708,2025-03-08 05:37:49,2025-03-08 05:39:36,,,,,,,,,,,,,
709,2025-03-08 05:39:36,2025-03-08 05:44:01,,00:01:38.1636326,,,,,,,,,,,
710,2025-03-08 05:44:01,2025-03-08 05:46:25,,,,,,,,,,,,,
711,2025-03-08 05:46:25,2025-03-08 05:48:13,,,,,,,,,,,,,
712,2025-03-08 05:48:13,2025-03-08 06:07:14,,00:01:47.2205059,00:03:14.2131485,00:01:22.7988627,00:02:20.8396979,00:01:28.2086110,00:00:33.8126298,00:01:20.5718277,00:00:40.5735401,00:00:46.3068035,00:01:50.5633039,00:00:58.3635188,
713,2025-03-08 06:07:14,2025-03-08 06:16:22,,00:01:37.1211064,00:03:28.2995859,00:01:24.7307810,,,,,,,,,
714,2025-03-08 06:16:22,2025-03-08 06:19:48,,00:01:46.0605717,,,,,,,,,,,
715,2025-03-08 06:19:48,2025-03-08 06:21:41,,,,,,,,,,,,,
716,2025-03-08 06:21:41,2025-03-08 06:21:49,,,,,,,,,,,,,
717,2025-03-08 06:21:49,2025-03-08 06:23:37,,,,,,,,,,,,,
718,2025-03-08 06:23:37,2025-03-08 06:25:24,,,,,,,,,,,,,
719,2025-03-08 06:25:24,2025-03-08 06:26:59,,,,,,,,,,,,,
720,2025-03-08 06:26:59,2025-03-08 06:41:32,,00:01:36.8430833,00:03:26.4011288,00:01:32.2842681,00:02:24.0795816,,,,,,,,
721,2025-03-08 06:41:32,2025-03-08 06:43:20,,,,,,,,,,,,,
722,2025-03-08 06:43:20,2025-03-08 07:03:43,00:20:24.9978536,00:01:48.0465389,00:03:20.2190974,00:01:26.7589831,00:02:01.2567055,00:01:26.1972765,00:00:36.1101186,00:01:21.0320095,00:00:52.7584223,00:00:49.8624149,00:01:35.8011248,00:02:10.1292652,00:02:56.8258969
723,2025-03-09 03:40:19,2025-03-09 03:40:23,,,,,,,,,,,,,
724,2025-03-09 04:44:25,2025-03-09 04:45:56,,,,,,,,,,,,,
725,2025-03-09 04:45:56,2025-03-09 04:46:34,,,,,,,,,,,,,
726,2025-03-09 04:46:34,2025-03-09 04:47:57,,,,,,,,,,,,,
727,2025-03-09 04:47:57,2025-03-09 04:48:50,,,,,,,,,,,,,
728,2025-03-09 04:48:50,2025-03-09 04:53:49,,00:01:46.5260621,,,,,,,,,,,
729,2025-03-09 04:53:49,2025-03-09 04:55:21,,,,,,,,,,,,,
730,2025-03-09 04:55:21,2025-03-09 05:23:13,,00:01:36.9869937,00:03:20.5198229,00:01:24.9879170,00:02:18.1795003,00:01:30.6125582,00:00:36.3579317,00:01:18.4708104,00:00:44.2589881,00:00:51.0442957,00:01:39.1699541,00:02:52.5487047,
731,2025-03-09 05:23:13,2025-03-09 05:33:40,,00:01:38.6421257,00:03:18.5783508,00:01:24.4127028,,,,,,,,,
732,2025-03-09 05:33:40,2025-03-09 05:35:02,,,,,,,,,,,,,
733,2025-03-09 05:35:02,2025-03-09 05:36:43,,,,,,,,,,,,,
734,2025-03-09 05:36:43,2025-03-09 05:41:33,,00:01:37.7333953,,,,,,,,,,,
735,2025-03-09 05:41:33,2025-03-09 05:46:45,,00:01:37.1040113,,,,,,,,,,,
736,2025-03-09 05:46:45,2025-03-09 05:49:31,,,,,,,,,,,,,
737,2025-03-09 05:49:31,2025-03-09 05:52:32,,00:01:36.7759729,,,,,,,,,,,
738,2025-03-09 05:52:32,2025-03-09 06:07:41,,00:01:44.9605908,00:03:19.0158039,00:01:23.5895658,00:02:03.9014723,00:01:35.8046476,00:00:38.1830904,00:01:20.1590561,00:00:45.4802445,00:00:50.4405875,,,
739,2025-03-09 06:07:41,2025-03-09 06:08:43,,,,,,,,,,,,,
740,2025-03-09 06:08:43,2025-03-09 06:10:19,,,,,,,,,,,,,
741,2025-03-09 06:10:19,2025-03-09 06:12:15,,,,,,,,,,,,,
742,2025-03-09 06:12:15,2025-03-09 06:13:55,,,,,,,,,,,,,
743,2025-03-09 06:13:55,2025-03-09 06:21:30,,00:01:46.3051455,00:03:25.9001944,,,,,,,,,,
744,2025-03-09 06:21:30,2025-03-09 06:24:42,,,,,,,,,,,,,
745,2025-03-09 06:24:42,2025-03-09 06:28:33,,00:01:45.0094471,,,,,,,,,,,
746,2025-03-09 06:28:33,2025-03-09 06:33:19,,00:01:37.5258403,,,,,,,,,,,
747,2025-03-09 06:33:19,2025-03-09 06:34:21,,,,,,,,,,,,,
748,2025-03-09 06:34:21,2025-03-09 06:36:14,,,,,,,,,,,,,
749,2025-03-09 06:36:14,2025-03-09 06:49:26,,,00:04:52.5495273,,,,,,,,,,
750,2025-03-09 06:49:26,2025-03-09 06:53:59,,,,,,,,,,,,,
751,2025-03-09 06:53:59,2025-03-09 06:57:08,,00:01:37.4564211,,,,,,,,,,,
752,2025-03-09 06:57:08,2025-03-09 06:57:17,,,,,,,,,,,,,
753,2025-03-09 06:57:17,2025-03-09 07:05:53,,00:01:37.9831325,00:03:19.4183596,00:01:22.7488227,,,,,,,,,
754,2025-03-13 04:15:30,2025-03-13 04:15:40,,,,,,,,,,,,,
755,2025-03-13 04:16:28,2025-03-13 04:41:34,,,,,,,,,,,,,
756,2025-03-13 04:41:34,2025-03-13 04:41:45,,,,,,,,,,,,,
757,2025-03-13 04:41:45,2025-03-13 04:43:30,,,,,,,,,,,,,
758,2025-03-13 04:43:30,2025-03-13 04:52:35,,00:01:37.1837507,00:03:28.6631632,00:01:31.4284798,,,,,,,,,
759,2025-03-13 04:52:35,2025-03-13 04:54:08,,,,,,,,,,,,,
760,2025-03-13 04:54:08,2025-03-13 04:55:41,,,,,,,,,,,,,
761,2025-03-13 04:55:41,2025-03-13 04:57:20,,,,,,,,,,,,,
762,2025-03-13 04:57:20,2025-03-13 04:58:48,,,,,,,,,,,,,
763,2025-03-13 04:58:48,2025-03-13 05:03:53,,00:01:37.0749209,,,,,,,,,,,
764,2025-03-13 05:03:53,2025-03-13 05:05:26,,,,,,,,,,,,,
765,2025-03-13 05:05:26,2025-03-13 05:07:21,,,,,,,,,,,,,
766,2025-03-13 05:07:21,2025-03-13 05:08:57,,,,,,,,,,,,,
767,2025-03-13 05:08:57,2025-03-13 05:09:05,,,,,,,,,,,,,
768,2025-03-13 05:09:05,2025-03-13 05:17:08,,00:01:39.7331064,00:03:29.0673498,00:01:25.8384603,,,,,,,,,
769,2025-03-13 05:17:08,2025-03-13 05:19:18,,,,,,,,,,,,,
770,2025-03-13 05:19:18,2025-03-13 05:26:44,,,,,,,,,,,,,
771,2025-03-13 05:26:44,2025-03-13 05:28:19,,,,,,,,,,,,,
772,2025-03-13 05:28:19,2025-03-13 05:30:02,,,,,,,,,,,,,
773,2025-03-13 05:30:02,2025-03-13 05:31:36,,,,,,,,,,,,,
774,2025-03-13 05:31:36,2025-03-13 05:33:14,,,,,,,,,,,,,
775,2025-03-13 05:33:14,2025-03-13 05:37:15,,00:01:45.5487092,,,,,,,,,,,
776,2025-03-13 05:37:15,2025-03-13 05:38:21,,,,,,,,,,,,,
777,2025-03-13 05:38:21,2025-03-13 05:43:10,,00:01:38.4786406,,,,,,,,,,,
778,2025-03-13 05:43:10,2025-03-13 05:51:17,,00:01:38.9348189,,,,,,,,,,,
779,2025-03-13 05:51:17,2025-03-13 05:54:10,,,,,,,,,,,,,
780,2025-03-17 22:50:13,2025-03-17 22:50:50,,,,,,,,,,,,,
781,2025-03-17 23:11:34,2025-03-17 23:12:07,,,,,,,,,,,,,
782,2025-03-17 23:12:07,2025-03-17 23:25:02,,00:01:49.6560251,00:04:48.8719332,00:01:36.6547313,00:03:30.7341862,,,,,,,,
783,2025-03-17 23:25:02,2025-03-17 23:26:06,,,,,,,,,,,,,
784,2025-03-17 23:26:06,2025-03-17 23:46:40,00:20:34.7158856,00:01:36.8924320,00:03:18.3197939,00:01:45.4831938,00:02:13.8852237,00:01:51.0916779,00:00:38.6670154,00:01:46.3940361,00:00:55.7440806,00:00:46.8971760,00:01:48.2516469,00:01:32.0412745,00:02:21.0483348
785,2025-03-17 23:48:46,2025-03-17 23:59:44,,00:01:36.7403669,00:04:21.4240579,00:01:22.8691759,,,,,,,,,
786,2025-03-17 23:59:44,2025-03-18 00:01:35,,,,,,,,,,,,,
787,2025-03-18 00:01:35,2025-03-18 00:03:27,,,,,,,,,,,,,
788,2025-03-18 00:03:27,2025-03-18 00:06:53,,00:01:37.8187207,,,,,,,,,,,
789,2025-03-18 00:06:53,2025-03-18 00:10:00,,00:01:39.5289158,,,,,,,,,,,
790,2025-03-18 00:10:00,2025-03-18 00:11:35,,,,,,,,,,,,,
791,2025-03-18 00:11:35,2025-03-18 00:12:59,,,,,,,,,,,,,
792,2025-03-18 00:12:59,2025-03-18 00:14:30,,,,,,,,,,,,,
793,2025-03-18 00:14:30,2025-03-18 00:17:04,,,,,,,,,,,,,
794,2025-03-18 00:17:04,2025-03-18 00:18:28,,,,,,,,,,,,,
795,2025-03-18 00:18:28,2025-03-18 00:20:13,,,,,,,,,,,,,
796,2025-03-18 00:20:13,2025-03-18 00:27:40,,00:01:47.9194781,,,,,,,,,,,
797,2025-03-18 00:27:40,2025-03-18 00:46:20,,00:01:38.7739980,00:03:12.9703265,00:01:25.5886668,00:02:25.1677260,00:01:25.1160367,00:00:33.3648865,00:01:21.4044017,00:00:49.6906554,,,,
798,2025-03-18 00:46:57,2025-03-18 00:49:20,,,,,,,,,,,,,
799,2025-03-18 00:49:20,2025-03-18 00:53:30,,,,,,,,,,,,,
800,2025-03-18 03:05:07,2025-03-18 03:07:24,,,,,,,,,,,,,
801,2025-03-18 03:07:24,2025-03-18 03:09:46,,,,,,,,,,,,,
802,2025-03-18 03:09:46,2025-03-18 03:11:22,,,,,,,,,,,,,
803,2025-03-18 03:11:22,2025-03-18 03:12:27,,,,,,,,,,,,,
804,2025-03-18 03:12:27,2025-03-18 03:18:11,,00:01:46.7647137,00:03:36.9365686,,,,,,,,,,
805,2025-03-18 03:18:11,2025-03-18 03:20:17,,,,,,,,,,,,,
806,2025-03-18 03:20:17,2025-03-18 03:23:15,,00:01:37.4094535,,,,,,,,,,,
807,2025-03-18 03:23:15,2025-03-18 03:26:38,,00:01:45.1566155,,,,,,,,,,,
808,2025-03-18 03:26:38,2025-03-18 03:28:39,,,,,,,,,,,,,
809,2025-03-18 03:28:39,2025-03-18 03:30:32,,,,,,,,,,,,,
810,2025-03-18 03:30:32,2025-03-18 03:35:52,,00:01:45.6934415,,,,,,,,,,,
811,2025-03-18 03:35:52,2025-03-18 03:36:57,,,,,,,,,,,,,
812,2025-03-18 03:36:58,2025-03-18 03:39:36,,,,,,,,,,,,,
813,2025-03-18 03:39:36,2025-03-18 03:41:51,,,,,,,,,,,,,
814,2025-03-18 03:42:28,2025-03-18 03:44:06,,,,,,,,,,,,,
815,2025-03-18 03:44:06,2025-03-18 03:53:29,,00:01:44.4788387,00:03:11.1977628,00:01:23.6078829,,,,,,,,,
816,2025-03-18 03:53:29,2025-03-18 03:57:52,,00:01:44.6719305,,,,,,,,,,,
817,2025-03-18 03:57:52,2025-03-18 04:03:48,,00:01:36.9318936,00:03:16.2015929,,,,,,,,,,
818,2025-03-18 04:03:48,2025-03-18 04:07:16,,00:01:37.0292609,,,,,,,,,,,
819,2025-03-18 04:07:16,2025-03-18 04:07:25,,,,,,,,,,,,,
820,2025-03-18 04:07:25,2025-03-18 04:09:06,,,,,,,,,,,,,
821,2025-03-18 04:09:06,2025-03-18 04:12:22,,00:01:37.2199835,,,,,,,,,,,
822,2025-03-18 04:12:22,2025-03-18 04:17:57,,00:01:37.2832151,00:03:39.1640421,,,,,,,,,,
823,2025-03-18 04:17:57,2025-03-18 04:32:02,,00:01:37.0269336,00:03:23.4552315,00:01:35.4200469,,,,,,,,,
824,2025-03-18 04:32:02,2025-03-18 04:40:59,,00:01:37.3752919,00:03:29.7547656,00:01:22.5774503,,,,,,,,,
825,2025-03-18 04:40:59,2025-03-18 04:42:26,,,,,,,,,,,,,
826,2025-03-18 04:42:26,2025-03-18 04:45:26,,00:01:38.8888785,,,,,,,,,,,
827,2025-03-18 04:45:26,2025-03-18 05:03:03,,00:01:38.0690590,00:03:15.3302633,00:01:27.5762209,00:02:15.2189128,00:01:27.8333054,00:00:33.9299692,00:01:25.5218236,00:00:40.9905841,00:01:00.2825611,,,
828,2025-03-18 05:03:03,2025-03-18 05:04:05,,,,,,,,,,,,,
829,2025-03-18 05:04:05,2025-03-18 05:05:49,,,,,,,,,,,,,
830,2025-03-18 05:05:49,2025-03-18 05:07:48,,,,,,,,,,,,,
831,2025-03-18 05:07:48,2025-03-18 05:13:53,,00:01:47.7606264,00:03:21.8965706,,,,,,,,,,
832,2025-03-18 05:13:53,2025-03-18 05:17:09,,00:01:36.8507693,,,,,,,,,,,
833,2025-03-18 05:17:09,2025-03-18 05:18:56,,,,,,,,,,,,,
834,2025-03-18 05:18:56,2025-03-18 05:27:18,,00:01:36.8416088,00:03:24.6576533,00:01:23.3121847,,,,,,,,,
835,2025-03-18 05:27:18,2025-03-18 05:29:05,,,,,,,,,,,,,
836,2025-03-18 05:29:05,2025-03-18 05:32:02,,,,,,,,,,,,,
837,2025-03-18 05:32:02,2025-03-18 05:34:09,,,,,,,,,,,,,
838,2025-03-18 05:34:09,2025-03-18 05:46:13,,00:01:47.7101738,,,,,,,,,,,
839,2025-03-18 05:46:13,2025-03-18 05:55:57,,,,,,,,,,,,,
840,2025-03-22 05:06:31,2025-03-22 05:06:45,,,,,,,,,,,,,
841,2025-03-22 05:06:45,2025-03-22 05:15:07,,00:01:37.7183064,00:03:46.1012877,00:01:24.2218263,,,,,,,,,
842,2025-03-22 05:15:07,2025-03-22 05:16:09,,,,,,,,,,,,,
843,2025-03-22 05:16:09,2025-03-22 05:17:45,,,,,,,,,,,,,
844,2025-03-22 05:17:45,2025-03-22 05:19:40,,,,,,,,,,,,,
845,2025-03-22 05:19:40,2025-03-22 05:22:03,,00:01:48.9513095,,,,,,,,,,,
846,2025-03-22 05:22:03,2025-03-22 05:22:59,,,,,,,,,,,,,
847,2025-03-22 05:22:59,2025-03-22 05:33:39,,00:01:38.2577331,00:03:33.1161508,00:01:40.2198205,,,,,,,,,
848,2025-03-22 05:33:39,2025-03-22 05:40:55,,00:01:47.7850116,00:03:35.0681826,,,,,,,,,,
849,2025-03-22 05:40:55,2025-03-22 06:30:25,,00:01:38.8474351,,,,,,,,,,,
850,2025-03-22 22:23:42,2025-03-22 22:24:28,,,,,,,,,,,,,
851,2025-03-22 22:24:28,2025-03-22 22:24:48,,,,,,,,,,,,,
852,2025-03-22 22:24:48,2025-03-22 22:24:51,,,,,,,,,,,,,
853,2025-03-22 22:24:51,2025-03-22 22:24:53,,,,,,,,,,,,,
854,2025-03-22 22:24:53,2025-03-22 22:24:55,,,,,,,,,,,,,
855,2025-03-22 22:24:55,2025-03-22 22:25:07,,,,,,,,,,,,,
856,2025-03-22 22:25:07,2025-03-22 22:25:29,,,,,,,,,,,,,
857,2025-03-22 22:25:29,2025-03-22 22:25:51,,,,,,,,,,,,,
858,2025-03-22 22:25:51,2025-03-22 22:26:29,,,,,,,,,,,,,
859,2025-03-22 22:26:29,2025-03-22 22:27:15,,,,,,,,,,,,,
860,2025-03-22 22:27:15,2025-03-22 22:28:50,,,,,,,,,,,,,
861,2025-03-22 22:28:50,2025-03-22 22:38:04,,00:01:38.6597410,00:03:49.2882011,00:01:27.3381435,,,,,,,,,
862,2025-03-22 22:38:04,2025-03-22 22:42:02,,00:01:46.5716934,,,,,,,,,,,
863,2025-03-22 22:42:02,2025-03-22 22:43:33,,,,,,,,,,,,,
864,2025-03-22 22:43:33,2025-03-22 23:07:38,,00:01:37.0108359,00:03:12.1367898,00:01:25.2811745,00:02:08.5754263,00:01:29.2211563,00:00:33.2635613,00:01:21.5765647,00:01:21.8451642,00:01:03.0436740,,,
865,2025-03-22 23:07:38,2025-03-22 23:09:26,,,,,,,,,,,,,
866,2025-03-22 23:09:26,2025-03-22 23:12:22,,00:01:47.5747744,,,,,,,,,,,
867,2025-03-22 23:12:22,2025-03-22 23:13:58,,,,,,,,,,,,,
868,2025-03-22 23:13:58,2025-03-22 23:16:54,,00:01:38.6784089,,,,,,,,,,,
869,2025-03-22 23:16:54,2025-03-22 23:18:30,,,,,,,,,,,,,
870,2025-03-22 23:18:30,2025-03-22 23:20:52,,,,,,,,,,,,,
871,2025-03-22 23:20:52,2025-03-22 23:28:37,,00:01:45.9575551,00:03:43.3924653,,,,,,,,,,
872,2025-03-22 23:28:37,2025-03-22 23:30:08,,,,,,,,,,,,,
873,2025-03-22 23:30:08,2025-03-22 23:31:50,,,,,,,,,,,,,
874,2025-03-22 23:31:50,2025-03-22 23:33:38,,,,,,,,,,,,,
875,2025-03-22 23:33:38,2025-03-22 23:42:09,,00:01:45.9922165,00:03:27.2843128,00:01:25.5170056,,,,,,,,,
876,2025-03-22 23:42:09,2025-03-22 23:43:34,,,,,,,,,,,,,
877,2025-03-22 23:43:34,2025-03-22 23:45:08,,,,,,,,,,,,,
878,2025-03-22 23:45:08,2025-03-22 23:58:30,,00:01:37.8597923,00:03:24.5131116,00:01:37.9654222,00:02:29.5452025,00:01:26.6146441,00:00:34.9329089,,,,,,
879,2025-03-25 03:37:00,2025-03-25 03:37:13,,,,,,,,,,,,,
880,2025-03-25 03:37:13,2025-03-25 03:42:10,,00:01:46.1228883,,,,,,,,,,,
881,2025-03-25 03:42:10,2025-03-25 03:45:58,,00:01:37.3046700,,,,,,,,,,,
882,2025-03-25 03:45:58,2025-03-25 03:47:38,,,,,,,,,,,,,
883,2025-03-25 03:47:38,2025-03-25 03:47:49,,,,,,,,,,,,,
884,2025-03-25 03:47:49,2025-03-25 03:49:16,,,,,,,,,,,,,
885,2025-03-25 03:49:16,2025-03-25 04:06:22,,00:01:37.7640884,00:03:14.5216214,00:01:28.3085098,00:02:01.6654552,00:01:26.5690435,00:00:35.6395202,00:01:28.1881874,,,,,
886,2025-03-25 04:06:22,2025-03-25 04:07:24,,,,,,,,,,,,,
887,2025-03-25 04:07:24,2025-03-25 04:09:09,,,,,,,,,,,,,
888,2025-03-25 04:09:09,2025-03-25 04:24:36,,00:01:36.9127718,00:03:25.0862418,00:01:29.6430361,00:02:10.3377282,00:01:29.5796952,00:00:33.5912849,00:01:19.7221683,00:00:51.6692688,00:00:48.1381874,,,
889,2025-03-25 04:24:36,2025-03-25 04:26:07,,,,,,,,,,,,,
890,2025-03-25 04:26:07,2025-03-25 04:27:53,,,,,,,,,,,,,
891,2025-03-25 04:27:53,2025-03-25 04:29:26,,,,,,,,,,,,,
892,2025-03-25 04:29:26,2025-03-25 04:30:58,,,,,,,,,,,,,
893,2025-03-25 04:30:58,2025-03-25 04:31:07,,,,,,,,,,,,,
894,2025-03-25 04:31:07,2025-03-25 04:32:40,,,,,,,,,,,,,
895,2025-03-25 04:32:40,2025-03-25 04:40:00,,00:01:36.9202303,00:03:15.2481971,00:01:30.3708204,,,,,,,,,
896,2025-03-25 04:40:00,2025-03-25 04:41:33,,,,,,,,,,,,,
897,2025-03-25 04:41:33,2025-03-25 04:41:41,,,,,,,,,,,,,
898,2025-03-25 04:41:41,2025-03-25 04:42:44,,,,,,,,,,,,,
899,2025-03-25 04:42:44,2025-03-25 04:45:02,,00:01:47.9514569,,,,,,,,,,,
900,2025-03-25 04:45:02,2025-03-25 04:46:36,,,,,,,,,,,,,
901,2025-03-25 04:46:36,2025-03-25 04:48:27,,,,,,,,,,,,,
902,2025-03-25 04:48:27,2025-03-25 04:50:06,,,,,,,,,,,,,
903,2025-03-25 04:50:06,2025-03-25 04:58:26,,00:01:44.5917649,00:03:46.6760731,00:01:25.0703567,,,,,,,,,
904,2025-03-25 04:58:26,2025-03-25 05:02:05,,00:01:36.8109607,,,,,,,,,,,
905,2025-03-25 05:02:05,2025-03-25 05:02:14,,,,,,,,,,,,,
906,2025-03-25 05:02:14,2025-03-25 05:04:23,,,,,,,,,,,,,
907,2025-03-25 05:04:23,2025-03-25 05:05:28,,,,,,,,,,,,,
908,2025-03-25 05:05:28,2025-03-25 05:07:03,,,,,,,,,,,,,
909,2025-03-25 05:07:03,2025-03-25 05:08:06,,,,,,,,,,,,,
910,2025-03-25 05:08:06,2025-03-25 05:08:47,,,,,,,,,,,,,
911,2025-03-25 05:08:47,2025-03-25 05:15:24,,,,,,,,,,,,,
912,2025-03-25 05:15:24,2025-03-25 05:22:30,,,,,,,,,,,,,
913,2025-03-25 05:22:30,2025-03-25 05:22:39,,,,,,,,,,,,,
914,2025-03-25 05:22:39,2025-03-25 05:24:21,,,,,,,,,,,,,
915,2025-03-25 05:24:21,2025-03-25 05:56:24,,00:01:38.7610399,00:03:08.0128918,00:01:26.5009469,00:02:03.4636550,00:01:28.6055025,00:00:34.7998756,00:01:20.3247060,00:00:40.9816824,00:00:48.6223944,00:01:35.1085457,00:01:55.4261106,
916,2025-03-25 05:56:24,2025-03-25 06:03:00,,00:01:38.3365924,00:03:34.0194790,,,,,,,,,,
917,2025-03-25 06:03:00,2025-03-25 06:04:02,,,,,,,,,,,,,
918,2025-03-25 06:04:02,2025-03-25 06:05:10,,,,,,,,,,,,,
919,2025-03-25 06:05:10,2025-03-25 06:12:23,,00:01:37.4623648,00:03:45.5169942,,,,,,,,,,
920,2025-03-25 06:12:23,2025-03-25 06:13:29,,,,,,,,,,,,,
921,2025-03-28 04:31:01,2025-03-28 04:38:44,,00:01:45.8898412,00:03:10.1424731,00:01:26.5995893,,,,,,,,,
922,2025-03-28 04:38:44,2025-03-28 04:42:07,,00:01:46.6074684,,,,,,,,,,,
923,2025-03-28 04:42:07,2025-03-28 04:44:03,,,,,,,,,,,,,
924,2025-03-28 04:44:03,2025-03-28 04:45:47,,,,,,,,,,,,,
925,2025-03-28 04:45:47,2025-03-28 04:48:58,,00:01:37.4669745,,,,,,,,,,,
926,2025-03-28 04:48:58,2025-03-28 04:50:37,,,,,,,,,,,,,
927,2025-03-28 04:50:37,2025-03-28 04:51:39,,,,,,,,,,,,,
928,2025-03-28 04:51:39,2025-03-28 04:56:40,,00:01:36.7563941,,,,,,,,,,,
929,2025-03-28 04:56:41,2025-03-28 05:05:11,,00:01:38.1377863,00:03:18.8689905,00:01:28.0845652,,,,,,,,,
930,2025-03-28 05:05:11,2025-03-28 05:09:26,,00:01:38.1143644,,,,,,,,,,,
931,2025-03-28 05:09:26,2025-03-28 05:11:48,,00:01:37.3793862,,,,,,,,,,,
932,2025-03-28 05:11:48,2025-03-28 05:31:14,00:19:27.0810878,00:01:46.0086288,00:03:19.3667439,00:01:24.6843079,00:02:12.5966653,00:01:27.2177550,00:00:34.0704470,00:01:19.9043846,00:00:44.3074934,00:00:52.7977540,00:01:35.6781856,00:01:26.8554721,00:02:43.5932502
933,2025-03-28 05:33:13,2025-03-28 05:35:02,,,,,,,,,,,,,
934,2025-03-28 05:35:02,2025-03-28 05:53:15,00:18:14.5502072,00:01:52.6925211,00:03:24.6136832,00:01:31.8043668,00:02:03.5905465,00:01:25.6555289,00:00:40.9675674,00:01:19.9029708,00:00:46.7035650,00:00:53.5917820,00:01:37.5959611,00:00:51.4187919,00:01:46.0129225
935,2025-03-28 06:00:26,2025-03-28 06:00:38,,,,,,,,,,,,,
936,2025-03-28 06:00:38,2025-03-28 06:02:15,,,,,,,,,,,,,
937,2025-03-28 06:02:15,2025-03-28 06:04:28,,,,,,,,,,,,,
938,2025-03-28 06:04:28,2025-03-28 06:07:06,,,,,,,,,,,,,
939,2025-03-28 06:07:06,2025-03-28 06:10:09,,00:01:45.3265871,,,,,,,,,,,
940,2025-03-28 06:10:09,2025-03-28 06:23:31,,00:01:36.3431370,00:03:10.2792285,00:01:24.1766822,00:02:41.1671658,00:01:30.8550080,,,,,,,
941,2025-03-28 06:23:31,2025-03-28 06:26:36,,,,,,,,,,,,,
942,2025-03-28 06:26:36,2025-03-28 06:31:59,,00:01:46.3720667,,,,,,,,,,,
943,2025-03-28 06:31:59,2025-03-28 06:55:25,,,,,,,,,,,,,
944,2025-03-28 06:56:00,2025-03-28 06:56:02,,,,,,,,,,,,,
-2,,,,,00:03:59.8869190,,00:02:38.1018080,00:01:31.1386690,00:00:36.7169130,,00:01:04.5911100,,00:02:31.6569040,00:01:58.3189990,
-1,,,,,00:03:43.7805900,,,,,00:01:50.9473530,,00:01:11.7976810,00:02:37.5008080,,
0,,,,,,00:01:49.6355620,00:03:22.6038260,00:02:03.7412300,,,,00:06:21.7205400,,,00:05:21.2602840
