id,started,ended,realTime,Bomb Clip (1),Womps (6),CCM (8),DW (Bowser),SSL (11),LLL (12),HMC (15),MIPS,DDD (16),FS (Bowser),BLJS,BITS (Bowser)
1,2025-03-02 21:55:00,2025-03-02 22:19:46,00:24:46.0608711,00:01:55.2335190,00:04:03.3418872,00:01:50.1353754,00:02:34.2087586,00:02:08.6608849,00:00:36.5529522,00:01:34.0779530,00:01:27.5019962,00:01:24.6887580,00:02:04.1349426,00:01:20.3229203,00:03:47.2009237
2,2025-03-03 07:29:31,2025-03-03 07:53:57,,00:02:00.0623701,00:04:29.3126678,00:01:30.4082377,00:02:27.5514367,00:01:51.8547960,00:00:39.0742157,00:02:08.1686283,00:01:09.3608144,00:01:03.4094637,00:02:59.2142458,00:01:29.8319558,
3,2025-03-03 07:54:52,2025-03-03 07:57:09,,,,,,,,,,,,,
4,2025-03-03 07:57:11,2025-03-03 08:00:32,,00:02:25.5529882,,,,,,,,,,,
5,2025-03-03 08:00:35,2025-03-03 08:05:25,,00:02:24.5278264,,,,,,,,,,,
6,2025-03-03 08:05:28,2025-03-03 08:18:14,,00:02:14.5360053,00:04:04.4164207,00:01:34.3068956,00:03:11.5367110,,,,,,,,
7,2025-03-03 08:18:17,2025-03-03 08:20:13,,,,,,,,,,,,,
8,2025-03-03 08:20:16,2025-03-03 08:24:46,,00:02:18.5068521,,,,,,,,,,,
9,2025-03-03 08:24:51,2025-03-03 08:27:34,,,,,,,,,,,,,
10,2025-03-03 08:27:39,2025-03-03 08:52:52,00:25:12.6476841,00:01:50.6577356,00:03:40.0837238,00:01:34.0398416,00:02:36.8916810,00:01:44.4849225,00:00:45.5759548,00:01:35.9909418,00:01:39.0538967,00:00:58.0569676,00:02:05.2976930,00:01:31.9319752,00:05:10.5823505
11,2025-03-03 08:53:29,2025-03-03 09:18:36,00:25:06.7114009,00:01:49.1504981,00:03:32.5337023,00:01:31.1592133,00:02:26.0446176,00:02:44.2715614,00:00:43.5248427,00:01:32.2081191,00:01:37.6268980,00:00:59.4507994,00:02:31.9186333,00:01:38.4799557,00:04:00.3425600
12,2025-03-03 21:50:49,2025-03-03 21:53:08,,,,,,,,,,,,,
13,2025-03-03 21:53:16,2025-03-03 21:55:34,,,,,,,,,,,,,
14,2025-03-03 21:59:41,2025-03-03 22:23:37,00:23:55.8284877,00:02:06.0905307,00:03:49.0839293,00:01:34.4237729,00:02:20.1727563,00:01:36.3407963,00:00:38.4229354,00:01:36.0669144,00:01:33.2148003,00:01:09.4724526,00:02:01.9573089,00:01:23.0366691,00:04:07.5456215
15,2025-03-03 23:29:13,2025-03-03 23:47:05,,00:01:54.8051451,00:04:13.1215420,00:01:33.1976312,00:02:29.4087409,00:01:56.0648070,00:00:36.6648322,00:01:40.4398645,00:01:14.6903091,00:01:10.8973292,,,
16,2025-03-03 23:47:07,2025-03-03 23:52:14,,00:02:01.2919907,,,,,,,,,,,
17,2025-03-03 23:52:16,2025-03-03 23:55:59,,00:01:52.9549516,,,,,,,,,,,
18,2025-03-04 00:04:58,2025-03-04 00:07:47,,00:02:25.5567234,,,,,,,,,,,
19,2025-03-09 06:21:17,2025-03-09 06:46:57,00:25:39.2129560,00:02:04.8018344,00:03:36.5508317,00:01:42.2027926,00:02:33.8809502,00:02:43.7679709,00:00:33.7389427,00:01:44.5440448,00:01:05.3549639,00:01:05.0595957,00:02:02.6342662,00:01:17.9919182,00:05:08.6848447
20,2025-03-09 06:47:48,2025-03-09 06:49:43,,,,,,,,,,,,,
21,2025-03-09 06:50:17,2025-03-09 07:09:14,,00:01:49.1794707,00:04:03.8045533,00:01:30.7879534,00:03:07.0399469,00:01:50.0290271,00:00:35.8303894,00:01:43.6875941,00:01:22.8256491,00:01:01.1942674,,,
22,2025-03-09 07:09:35,2025-03-09 07:11:39,,,,,,,,,,,,,
23,2025-03-09 07:11:41,2025-03-09 07:21:03,,00:02:04.7610006,00:04:08.4950504,00:01:39.0549865,,,,,,,,,
24,2025-03-09 07:21:25,2025-03-09 07:26:39,,00:02:05.3228811,,,,,,,,,,,
25,2025-03-09 07:26:42,2025-03-09 07:28:29,,,,,,,,,,,,,
26,2025-03-09 07:28:30,2025-03-09 07:37:59,,00:01:57.5340933,00:03:55.3908694,00:01:30.2059157,,,,,,,,,
27,2025-03-09 07:38:03,2025-03-09 08:00:38,00:22:35.4355155,00:01:47.5090213,00:03:35.3895512,00:01:29.7223246,00:02:43.7389323,00:02:13.7447468,00:00:39.2311111,00:01:49.6259872,00:00:59.7458361,00:00:54.6720456,00:02:07.2559897,00:01:13.0708247,00:03:01.7291449
28,2025-03-10 04:14:05,2025-03-10 04:16:07,,,,,,,,,,,,,
29,2025-03-10 04:16:10,2025-03-10 04:26:03,,00:01:48.0510977,00:03:42.5911181,00:01:37.6276693,,,,,,,,,
30,2025-03-10 04:26:05,2025-03-10 04:37:26,,00:02:03.3161620,00:04:05.9646346,00:01:34.4674942,00:02:18.6518297,,,,,,,,
31,2025-03-10 04:37:28,2025-03-10 04:37:45,,,,,,,,,,,,,
32,2025-03-10 04:39:37,2025-03-10 04:39:39,,,,,,,,,,,,,
33,2025-03-10 04:39:41,2025-03-10 05:05:41,00:26:00.2691822,00:01:48.9220502,00:04:38.9505313,,00:04:06.7128005,00:02:42.5559183,00:00:36.7339566,00:01:32.3848781,00:01:05.4868228,00:01:05.2173218,00:01:49.8384159,00:01:48.0668900,00:04:45.3995967
34,2025-03-10 05:07:21,2025-03-10 05:34:51,00:27:29.6725610,00:01:47.9420080,00:03:47.1730184,00:01:44.7670808,00:04:02.9355266,00:02:06.9418700,00:00:34.9387942,00:01:27.1289164,00:01:18.4119682,00:01:40.8008680,00:02:58.8060585,00:02:19.6538789,00:03:40.1725730
35,2025-03-10 05:35:12,2025-03-10 05:38:12,,00:02:01.7270415,,,,,,,,,,,
36,2025-03-10 05:38:13,2025-03-10 05:47:27,,00:01:48.3616909,00:04:10.9679256,00:01:33.1269169,,,,,,,,,
37,2025-03-10 05:48:10,2025-03-10 05:50:01,,,,,,,,,,,,,
38,2025-03-10 05:59:35,2025-03-10 06:01:21,,,,,,,,,,,,,
39,2025-03-10 06:19:43,2025-03-10 06:21:28,,,,,,,,,,,,,
40,2025-03-10 06:21:29,2025-03-10 06:21:32,,,,,,,,,,,,,
41,2025-03-10 06:21:33,2025-03-10 06:23:18,,,,,,,,,,,,,
42,2025-03-10 06:23:24,2025-03-10 06:25:09,,,,,,,,,,,,,
43,2025-03-10 06:25:10,2025-03-10 06:29:04,,00:01:48.9889706,,,,,,,,,,,
44,2025-03-10 06:29:05,2025-03-10 06:31:20,,,,,,,,,,,,,
45,2025-03-10 06:31:22,2025-03-10 06:52:36,00:21:14.0433442,00:01:42.8244896,00:03:26.9937449,00:01:33.1409411,00:02:19.4826981,00:01:34.8101161,00:00:35.2377602,00:01:56.7310928,00:01:15.1355378,00:00:49.6655268,00:01:42.4508921,00:01:28.7947767,00:02:48.7757680
46,2025-03-12 00:31:03,2025-03-12 00:48:50,,00:01:41.1895437,00:03:48.6167067,00:01:34.7192001,00:04:09.0886102,00:01:51.8488728,00:00:34.5600844,00:02:14.7848423,,,,,
47,2025-03-12 00:48:52,2025-03-12 00:48:55,,,,,,,,,,,,,
48,2025-03-12 00:49:12,2025-03-12 01:14:21,,00:01:55.4758450,00:04:16.2796218,00:01:52.6930986,00:02:36.4954730,00:02:37.2947625,00:00:36.0469714,00:01:47.0270224,00:01:16.0709021,00:01:08.5750001,00:02:49.7895691,00:01:36.7810321,
49,2025-03-12 01:14:24,2025-03-12 01:18:33,,00:02:03.1779915,,,,,,,,,,,
50,2025-03-12 01:18:36,2025-03-12 01:27:28,,00:01:40.9747115,00:03:35.9937593,00:01:38.5889242,,,,,,,,,
51,2025-03-12 01:27:30,2025-03-12 01:36:17,,00:01:51.0948825,00:03:47.6597916,00:01:33.2208300,,,,,,,,,
52,2025-03-12 01:36:19,2025-03-12 01:43:06,,00:01:38.9615314,00:04:07.9320311,,,,,,,,,,
53,2025-03-12 01:44:31,2025-03-12 01:48:02,,00:01:39.3967960,,,,,,,,,,,
54,2025-03-12 01:53:32,2025-03-12 01:54:36,,,,,,,,,,,,,
55,2025-03-12 01:54:40,2025-03-12 01:55:45,,,,,,,,,,,,,
56,2025-03-12 01:55:46,2025-03-12 02:04:55,,00:01:48.3136174,00:03:29.7358644,00:01:26.6008945,,,,,,,,,
57,2025-03-12 02:04:57,2025-03-12 02:31:27,00:26:30.4689857,00:01:40.4299772,00:03:34.3136652,00:01:25.1948781,00:02:31.5039088,00:01:54.9445907,00:00:33.4071301,00:01:34.4808842,00:01:01.3698910,00:01:04.9440561,00:02:33.2276489,00:01:37.7928694,00:06:58.8594860
58,2025-03-12 02:32:43,2025-03-12 02:34:30,,,,,,,,,,,,,
59,2025-03-12 02:34:32,2025-03-12 02:35:41,,,,,,,,,,,,,
60,2025-03-12 02:35:42,2025-03-12 02:39:08,,00:01:53.9338200,,,,,,,,,,,
61,2025-03-12 02:39:10,2025-03-12 02:40:55,,,,,,,,,,,,,
62,2025-03-12 02:40:57,2025-03-12 02:42:01,,,,,,,,,,,,,
63,2025-03-12 02:42:03,2025-03-12 03:06:03,00:23:59.5090497,00:01:50.7528568,00:03:22.8943343,00:01:29.9614140,00:02:29.4977193,00:01:32.4228397,00:00:36.8040520,00:01:28.1208620,00:01:03.5268754,00:01:08.6179443,00:02:18.5168402,00:01:08.1861240,00:05:30.2071877
64,2025-03-12 03:06:22,2025-03-12 03:06:36,,,,,,,,,,,,,
65,2025-03-12 03:06:38,2025-03-12 03:08:27,,,,,,,,,,,,,
66,2025-03-12 03:08:28,2025-03-12 03:09:32,,,,,,,,,,,,,
67,2025-03-12 03:09:34,2025-03-12 03:32:45,00:23:10.8473053,00:01:47.5068586,00:03:51.5087752,00:01:30.0728678,00:02:18.7767386,00:01:39.5039107,00:00:35.6302429,00:01:24.0016396,00:01:30.2408662,00:00:59.7859766,00:02:05.1575951,00:01:10.4260626,00:04:18.2357714
68,2025-03-12 03:33:15,2025-03-12 03:34:20,,,,,,,,,,,,,
69,2025-03-12 03:34:21,2025-03-12 03:36:08,,,,,,,,,,,,,
70,2025-03-12 03:36:10,2025-03-12 03:37:29,,,,,,,,,,,,,
71,2025-03-12 03:37:32,2025-03-12 03:38:38,,,,,,,,,,,,,
72,2025-03-12 03:38:41,2025-03-12 03:38:47,,,,,,,,,,,,,
73,2025-03-12 03:38:50,2025-03-12 03:40:33,,,,,,,,,,,,,
74,2025-03-12 03:40:35,2025-03-12 04:04:24,00:23:49.3800765,00:01:42.9668036,00:03:25.5800119,00:01:27.5696956,00:03:23.6368538,00:01:34.7655966,00:00:36.7121556,00:01:23.8318866,00:00:48.3259712,00:01:04.3148864,00:02:43.4220516,00:01:18.5076033,00:04:19.7465603
75,2025-03-12 04:04:40,2025-03-12 04:05:56,,,,,,,,,,,,,
76,2025-03-12 04:05:58,2025-03-12 04:07:01,,,,,,,,,,,,,
77,2025-03-12 04:07:02,2025-03-12 04:08:07,,,,,,,,,,,,,
78,2025-03-12 04:08:09,2025-03-12 04:11:34,,00:01:55.1147152,,,,,,,,,,,
79,2025-03-12 04:11:36,2025-03-12 04:11:48,,,,,,,,,,,,,
80,2025-03-12 04:11:50,2025-03-12 04:13:33,,,,,,,,,,,,,
81,2025-03-12 04:13:36,2025-03-12 04:35:41,00:22:05.1705431,00:01:41.2159717,00:03:27.4878854,00:01:29.7138477,00:02:29.6099232,00:02:02.1887830,00:00:36.9188998,00:01:26.4079345,00:01:06.1119126,00:00:48.6530223,00:01:53.3377446,00:01:05.8167870,00:03:57.7078313
82,2025-03-12 04:37:44,2025-03-12 04:38:47,,,,,,,,,,,,,
83,2025-03-12 04:38:49,2025-03-12 04:48:29,,00:01:41.6600112,00:04:12.9726040,00:01:35.9329089,,,,,,,,,
84,2025-03-12 04:48:31,2025-03-12 04:49:34,,,,,,,,,,,,,
85,2025-03-12 04:49:35,2025-03-12 04:49:46,,,,,,,,,,,,,
86,2025-03-12 04:49:47,2025-03-12 04:52:50,,00:02:03.0231907,,,,,,,,,,,
87,2025-03-12 04:53:09,2025-03-12 04:54:13,,,,,,,,,,,,,
88,2025-03-12 04:54:15,2025-03-12 04:59:04,,00:01:42.6101708,,,,,,,,,,,
89,2025-03-12 04:59:07,2025-03-12 04:59:10,,,,,,,,,,,,,
90,2025-03-12 04:59:12,2025-03-12 05:00:15,,,,,,,,,,,,,
91,2025-03-12 05:00:17,2025-03-12 05:07:59,,00:01:58.1189377,00:03:31.2707704,00:01:33.9618466,,,,,,,,,
92,2025-03-12 05:08:01,2025-03-12 05:15:59,,00:01:39.8384690,00:03:31.2467410,00:01:31.0852290,,,,,,,,,
93,2025-03-12 05:16:02,2025-03-12 05:17:05,,,,,,,,,,,,,
94,2025-03-12 05:17:06,2025-03-12 05:26:26,,00:01:42.3679639,00:03:27.9470725,00:01:48.0473681,,,,,,,,,
95,2025-03-12 05:26:29,2025-03-12 05:27:31,,,,,,,,,,,,,
96,2025-03-12 05:27:33,2025-03-12 05:49:24,,00:01:58.4830529,00:03:38.6177829,00:01:37.4838529,00:02:35.6366274,00:01:46.5980036,00:00:35.2089756,00:01:31.9919144,00:01:02.0649956,00:00:49.5508289,00:02:40.2177708,00:01:08.0429179,
97,2025-03-12 05:53:46,2025-03-12 05:55:30,,,,,,,,,,,,,
98,2025-03-12 05:55:32,2025-03-12 06:16:28,00:20:55.7754700,00:01:53.7130296,00:03:35.9627520,00:01:29.0326522,00:02:29.2340705,00:01:33.5998704,00:00:35.3046119,00:01:22.2479610,00:00:55.5841809,00:00:53.3216087,00:01:46.6460567,00:01:09.5767635,00:03:11.5519126
99,2025-03-13 03:01:48,2025-03-13 03:10:01,,00:01:39.4418770,00:03:44.6284053,00:01:33.8726393,,,,,,,,,
100,2025-03-13 03:10:04,2025-03-13 03:11:08,,,,,,,,,,,,,
101,2025-03-13 03:11:09,2025-03-13 03:12:14,,,,,,,,,,,,,
102,2025-03-13 03:12:15,2025-03-13 03:33:16,00:21:00.7363927,00:01:40.1677710,00:03:36.3815560,00:01:34.4788248,00:02:18.7946330,00:01:46.7618281,00:00:36.7538287,00:01:36.2399394,00:00:49.1838862,00:00:58.0868995,00:01:37.7567943,00:01:16.4728471,00:03:09.6575846
103,2025-03-13 03:34:01,2025-03-13 03:35:04,,,,,,,,,,,,,
104,2025-03-13 03:35:06,2025-03-13 03:43:05,,00:01:47.6380185,00:03:35.5595618,00:01:32.3688359,,,,,,,,,
105,2025-03-13 03:43:07,2025-03-13 03:44:08,,,,,,,,,,,,,
106,2025-03-13 03:44:10,2025-03-13 03:52:09,,00:01:42.3578180,00:03:47.8184391,00:01:27.9217591,,,,,,,,,
107,2025-03-13 03:52:11,2025-03-13 03:54:45,,00:01:38.9848761,,,,,,,,,,,
108,2025-03-13 03:54:47,2025-03-13 04:14:18,,00:01:38.0248954,00:03:50.0534184,00:01:29.3446282,00:02:32.4698943,00:01:55.3597566,00:00:34.7429192,00:01:39.5188032,00:01:01.7528954,00:00:51.9328711,00:01:38.9088638,00:01:11.9952000,
109,2025-03-13 04:14:23,2025-03-13 04:14:34,,,,,,,,,,,,,
110,2025-03-13 04:14:57,2025-03-13 04:37:26,00:22:28.9489892,00:01:39.2609301,00:03:24.4793905,00:01:27.0028696,00:02:31.8827383,00:02:00.2917274,00:00:42.2909521,00:01:36.3418224,00:00:59.8038979,00:00:47.9777739,00:01:40.4004873,00:01:37.1031922,00:04:02.1132075
111,2025-03-13 04:37:33,2025-03-13 04:38:35,,,,,,,,,,,,,
112,2025-03-13 04:38:37,2025-03-13 04:40:20,,,,,,,,,,,,,
113,2025-03-13 04:40:22,2025-03-13 04:42:03,,,,,,,,,,,,,
114,2025-03-13 04:42:06,2025-03-13 04:42:23,,,,,,,,,,,,,
115,2025-03-13 04:52:07,2025-03-13 04:52:17,,,,,,,,,,,,,
116,2025-03-13 04:53:57,2025-03-13 05:14:22,00:20:25.5407526,00:01:41.1797749,00:03:34.5287943,00:01:29.5856207,00:02:44.0376998,00:01:33.2530150,00:00:35.1358153,00:01:27.0256981,00:01:02.4060101,00:00:47.5270041,00:01:50.4188199,00:01:06.1120709,00:02:34.3304295
117,2025-03-13 05:17:48,2025-03-13 05:37:27,,00:01:39.1568416,00:03:31.0875299,00:01:27.5278011,00:02:25.7598770,00:01:36.2086405,00:00:33.7919520,00:01:24.9446748,00:01:23.8466420,00:00:51.6263624,00:03:27.2699328,,
118,2025-03-13 05:37:37,2025-03-13 05:38:25,,,,,,,,,,,,,
119,2025-03-13 05:43:32,2025-03-13 05:51:42,,00:01:54.6770126,00:03:44.1101228,00:01:27.9337231,,,,,,,,,
120,2025-03-13 05:51:43,2025-03-13 05:53:01,,,,,,,,,,,,,
121,2025-03-13 05:53:03,2025-03-13 06:13:42,,00:01:39.0857923,00:03:20.2167300,00:01:29.7279350,00:02:47.9005875,00:01:57.6756939,00:00:34.9429104,00:01:33.2878268,00:01:05.8577666,00:01:05.0289237,00:01:42.8507717,00:02:14.4367979,
122,2025-03-13 06:13:44,2025-03-13 06:15:24,,,,,,,,,,,,,
123,2025-03-13 06:15:51,2025-03-13 06:16:53,,,,,,,,,,,,,
124,2025-03-13 06:16:56,2025-03-13 06:17:59,,,,,,,,,,,,,
125,2025-03-13 06:18:01,2025-03-13 06:19:03,,,,,,,,,,,,,
126,2025-03-13 06:19:05,2025-03-13 06:27:28,,00:01:38.0788271,00:03:49.4227524,00:01:27.6236665,,,,,,,,,
127,2025-03-13 06:27:30,2025-03-13 06:28:48,,,,,,,,,,,,,
128,2025-03-13 06:28:49,2025-03-13 06:30:32,,,,,,,,,,,,,
129,2025-03-13 06:30:34,2025-03-13 06:31:52,,,,,,,,,,,,,
130,2025-03-13 06:31:53,2025-03-13 06:33:10,,,,,,,,,,,,,
131,2025-03-13 06:33:12,2025-03-13 06:53:35,,00:01:48.3566655,00:03:33.8447614,00:01:30.7519246,00:02:31.4750446,00:02:03.6234299,00:00:35.5779130,00:01:23.6018832,00:01:14.2678055,00:01:04.2758777,00:01:56.8864639,00:02:22.0950236,
132,2025-03-13 06:53:37,2025-03-13 06:59:53,,00:01:40.1845474,00:03:52.1391169,,,,,,,,,,
133,2025-03-13 06:59:55,2025-03-13 07:01:40,,,,,,,,,,,,,
134,2025-03-13 07:01:43,2025-03-13 07:22:12,,00:01:46.2930209,00:03:41.0764063,00:01:29.1561989,00:02:17.6685119,00:02:03.2927537,00:00:35.3349348,00:02:03.6967239,00:01:15.4188157,00:00:59.4580162,00:03:18.6435917,,
135,2025-03-14 22:32:26,2025-03-14 22:34:10,,,,,,,,,,,,,
136,2025-03-14 22:34:12,2025-03-14 22:44:37,,00:02:03.6076472,00:03:37.6245991,00:01:39.5316585,,,,,,,,,
137,2025-03-14 22:45:15,2025-03-14 23:03:55,,00:01:59.6859387,00:03:24.5256774,00:01:28.3627816,00:02:26.1248681,00:01:36.5446894,00:00:34.2849400,00:01:20.9669718,00:01:21.2067289,00:00:54.4979365,,,
138,2025-03-14 23:03:58,2025-03-14 23:05:03,,,,,,,,,,,,,
139,2025-03-14 23:05:05,2025-03-14 23:06:09,,,,,,,,,,,,,
140,2025-03-14 23:06:11,2025-03-14 23:14:58,,00:01:49.6760370,00:03:37.2838759,00:02:10.5203484,,,,,,,,,
141,2025-03-15 04:00:48,2025-03-15 04:01:52,,,,,,,,,,,,,
142,2025-03-15 04:01:54,2025-03-15 04:18:48,,00:01:37.9207505,00:03:33.3505660,00:01:27.3831951,00:02:33.5153893,00:02:26.4025208,00:00:35.2868813,00:01:39.7180630,00:00:58.3517542,00:00:54.1408906,,,
143,2025-03-15 04:18:51,2025-03-15 04:39:58,,00:02:00.8288726,00:03:24.0614875,00:01:49.8087747,00:02:15.8056402,00:01:51.3358905,00:00:33.4705796,00:01:25.4485698,00:01:12.3939458,00:01:01.6481517,00:01:38.6365670,00:01:10.0439993,
144,2025-03-15 04:40:01,2025-03-15 04:41:40,,,,,,,,,,,,,
145,2025-03-15 04:41:43,2025-03-15 04:42:47,,,,,,,,,,,,,
146,2025-03-15 04:42:49,2025-03-15 04:51:33,,00:01:48.3487466,00:03:41.1486647,00:01:32.9357294,,,,,,,,,
147,2025-03-15 04:51:38,2025-03-15 04:54:32,,00:01:52.4967895,,,,,,,,,,,
148,2025-03-15 04:54:35,2025-03-15 04:55:40,,,,,,,,,,,,,
149,2025-03-15 04:55:42,2025-03-15 05:16:54,00:21:11.5832973,00:01:39.4316994,00:03:33.9567120,00:02:17.9777954,00:02:37.3636006,00:01:36.4117653,00:00:33.9579300,00:01:20.1247064,00:00:48.3969914,00:00:53.2368509,00:01:38.6716688,00:01:05.3555538,00:03:06.6980233
150,2025-03-15 05:18:32,2025-03-15 05:19:38,,,,,,,,,,,,,
151,2025-03-15 05:19:47,2025-03-15 05:21:33,,,,,,,,,,,,,
152,2025-03-15 05:21:36,2025-03-15 05:23:22,,,,,,,,,,,,,
153,2025-03-15 05:23:25,2025-03-15 05:24:30,,,,,,,,,,,,,
154,2025-03-15 05:24:33,2025-03-15 05:26:18,,,,,,,,,,,,,
155,2025-03-15 05:26:20,2025-03-15 05:29:15,,00:01:46.0897443,,,,,,,,,,,
156,2025-03-15 05:29:18,2025-03-15 05:29:19,,,,,,,,,,,,,
157,2025-03-15 05:29:23,2025-03-15 05:30:26,,,,,,,,,,,,,
158,2025-03-15 05:30:27,2025-03-15 05:32:17,,,,,,,,,,,,,
159,2025-03-15 05:32:20,2025-03-15 05:33:21,,,,,,,,,,,,,
160,2025-03-15 05:33:24,2025-03-15 05:54:42,,00:01:39.3028309,00:03:59.1219227,00:01:41.8513294,00:02:17.3486416,00:01:34.8647415,00:00:36.7528990,00:01:21.8196391,00:01:23.3430323,00:00:48.2828358,00:01:36.7107891,00:02:44.6186327,
161,2025-03-15 05:54:44,2025-03-15 05:55:46,,,,,,,,,,,,,
162,2025-03-15 05:55:49,2025-03-15 05:56:51,,,,,,,,,,,,,
163,2025-03-15 05:56:53,2025-03-15 06:05:16,,00:01:48.6356323,00:03:40.7625409,00:01:27.7135479,,,,,,,,,
164,2025-03-15 06:05:19,2025-03-15 06:07:02,,,,,,,,,,,,,
165,2025-03-15 06:07:04,2025-03-15 06:08:44,,,,,,,,,,,,,
166,2025-03-15 06:09:36,2025-03-15 06:31:10,00:21:33.7240743,00:02:05.4717854,00:03:57.7742626,00:01:30.2645885,00:02:42.5700377,00:01:33.9987731,00:00:40.7601950,00:01:23.3605334,00:01:16.9317492,00:00:55.3728860,00:02:12.0357187,00:01:14.4836048,00:02:00.6999399
167,2025-03-15 06:32:16,2025-03-15 06:38:17,,00:01:56.1355257,,,,,,,,,,,
168,2025-03-15 23:31:59,2025-03-15 23:40:25,,00:01:40.8733885,00:03:49.7583915,00:01:28.1237255,,,,,,,,,
169,2025-03-15 23:40:30,2025-03-15 23:44:29,,00:01:47.7307974,,,,,,,,,,,
170,2025-03-15 23:44:47,2025-03-15 23:54:54,,00:01:54.1814571,00:03:36.8124207,00:01:50.1107317,,,,,,,,,
171,2025-03-15 23:54:56,2025-03-15 23:55:58,,,,,,,,,,,,,
172,2025-03-15 23:56:01,2025-03-15 23:57:48,,,,,,,,,,,,,
173,2025-03-15 23:57:51,2025-03-16 00:00:39,,00:02:00.5227031,,,,,,,,,,,
174,2025-03-16 00:00:41,2025-03-16 00:03:32,,00:02:03.2396840,,,,,,,,,,,
175,2025-03-16 00:03:35,2025-03-16 00:11:56,,00:01:38.1894009,00:03:37.5428614,00:01:43.5376576,,,,,,,,,
176,2025-03-16 00:11:59,2025-03-16 00:12:14,,,,,,,,,,,,,
177,2025-03-16 00:12:33,2025-03-16 00:16:16,,00:01:51.2815972,,,,,,,,,,,
178,2025-03-16 03:19:08,2025-03-16 03:19:22,,,,,,,,,,,,,
179,2025-03-16 03:19:40,2025-03-16 03:22:39,,00:01:54.3753220,,,,,,,,,,,
180,2025-03-16 03:22:42,2025-03-16 03:22:56,,,,,,,,,,,,,
181,2025-03-16 03:23:08,2025-03-16 03:44:05,00:20:57.5370771,00:01:54.7926614,00:03:34.1084711,00:01:32.1163363,00:02:25.4200555,00:01:49.7547351,00:00:39.6770777,00:01:22.5945122,00:01:03.7369112,00:00:55.7119334,00:01:49.6706487,00:01:08.1647397,00:02:41.7889948
182,2025-03-16 03:44:24,2025-03-16 03:45:28,,,,,,,,,,,,,
183,2025-03-16 03:45:30,2025-03-16 03:47:52,,,,,,,,,,,,,
184,2025-03-16 03:47:56,2025-03-16 04:08:39,00:20:43.2308745,00:01:38.9967591,00:03:40.0493960,00:01:34.0607658,00:02:27.8076885,00:01:37.4538524,00:00:38.2557467,00:01:37.6248128,00:01:03.0471694,00:00:48.1705530,00:01:45.1475401,00:01:38.6581948,00:02:13.9583959
185,2025-03-16 04:09:26,2025-03-16 04:10:31,,,,,,,,,,,,,
186,2025-03-16 04:10:33,2025-03-16 04:30:06,,00:01:47.1195862,00:03:36.4554706,00:01:29.2674989,00:02:19.3148306,00:01:32.1648267,00:00:35.9548685,00:01:21.8672850,00:00:48.7035104,00:00:49.4138206,00:01:44.6697780,00:01:45.5700232,
187,2025-03-16 04:30:09,2025-03-16 04:31:11,,,,,,,,,,,,,
188,2025-03-16 04:31:13,2025-03-16 04:44:51,,00:01:40.3167518,00:03:50.0864494,00:01:28.7337835,00:02:36.2793963,00:01:31.1311802,00:00:38.1049464,00:01:42.2825133,,,,,
189,2025-03-16 04:44:53,2025-03-16 04:46:01,,,,,,,,,,,,,
190,2025-03-16 04:46:03,2025-03-16 05:12:36,00:26:32.9482105,00:01:38.9728115,00:03:40.5696715,00:01:36.9845205,00:02:28.3365003,00:01:29.5898080,00:00:35.8410377,00:01:27.5947911,00:00:55.2255433,00:00:47.4711540,00:01:38.8069517,00:01:10.8691996,00:09:02.6862213
191,2025-03-17 21:56:42,2025-03-17 21:57:45,,,,,,,,,,,,,
192,2025-03-17 21:57:47,2025-03-17 22:09:19,,00:01:47.3636030,00:03:46.3405566,00:01:32.4727412,00:02:27.6925744,00:01:55.2805272,,,,,,,
193,2025-03-17 22:13:40,2025-03-17 22:15:21,,,,,,,,,,,,,
194,2025-03-17 22:15:24,2025-03-17 22:37:39,00:22:14.5752107,00:01:37.9817641,00:03:24.4892054,00:01:31.1417722,00:02:23.3268167,00:01:28.1765677,00:00:35.7963376,00:01:36.7835381,00:00:42.6539016,00:01:01.7297366,00:03:22.2694952,00:01:52.3936453,00:02:37.8324302
195,2025-03-17 22:44:37,2025-03-17 22:46:19,,,,,,,,,,,,,
196,2025-03-17 22:46:22,2025-03-17 22:49:14,,00:01:58.9548127,,,,,,,,,,,
197,2025-03-17 22:49:17,2025-03-17 22:51:06,,,,,,,,,,,,,
198,2025-03-17 22:56:37,2025-03-17 22:57:40,,,,,,,,,,,,,
199,2025-03-17 22:57:43,2025-03-17 23:01:23,,00:01:38.9755797,,,,,,,,,,,
200,2025-03-17 23:01:26,2025-03-17 23:04:38,,00:01:39.1485187,,,,,,,,,,,
201,2025-03-17 23:04:40,2025-03-17 23:07:20,,00:01:47.3287096,,,,,,,,,,,
202,2025-03-17 23:07:22,2025-03-17 23:08:24,,,,,,,,,,,,,
203,2025-03-17 23:09:58,2025-03-17 23:11:01,,,,,,,,,,,,,
204,2025-03-17 23:11:02,2025-03-17 23:12:44,,,,,,,,,,,,,
205,2025-03-17 23:12:46,2025-03-17 23:13:48,,,,,,,,,,,,,
206,2025-03-17 23:13:50,2025-03-17 23:15:27,,,,,,,,,,,,,
207,2025-03-17 23:15:30,2025-03-17 23:18:02,,00:01:47.3427606,,,,,,,,,,,
208,2025-03-17 23:18:04,2025-03-17 23:19:49,,,,,,,,,,,,,
209,2025-03-17 23:19:51,2025-03-17 23:21:51,,,,,,,,,,,,,
210,2025-03-17 23:25:35,2025-03-17 23:45:15,00:19:40.0015890,00:01:38.9965072,00:03:33.1705780,00:01:28.0757282,00:02:29.5586892,00:01:28.3766747,00:00:36.9669200,00:01:43.8878829,00:00:43.9227674,00:00:47.8090458,00:01:50.6206611,00:01:06.3305100,00:02:12.2856245
211,2025-03-17 23:46:15,2025-03-17 23:47:18,,,,,,,,,,,,,
212,2025-03-17 23:47:20,2025-03-17 23:48:34,,,,,,,,,,,,,
213,2025-03-17 23:48:36,2025-03-17 23:49:39,,,,,,,,,,,,,
214,2025-03-17 23:49:41,2025-03-17 23:52:53,,00:01:54.4288682,,,,,,,,,,,
215,2025-03-17 23:52:55,2025-03-17 23:54:35,,,,,,,,,,,,,
216,2025-03-17 23:54:37,2025-03-17 23:55:38,,,,,,,,,,,,,
217,2025-03-17 23:55:40,2025-03-17 23:56:43,,,,,,,,,,,,,
218,2025-03-17 23:56:45,2025-03-17 23:58:34,,,,,,,,,,,,,
219,2025-03-17 23:58:36,2025-03-18 00:00:19,,,,,,,,,,,,,
220,2025-03-18 00:00:21,2025-03-18 00:01:24,,,,,,,,,,,,,
221,2025-03-18 00:28:58,2025-03-18 00:30:15,,,,,,,,,,,,,
222,2025-03-18 00:30:17,2025-03-18 00:31:19,,,,,,,,,,,,,
223,2025-03-18 00:31:21,2025-03-18 00:33:02,,,,,,,,,,,,,
224,2025-03-18 00:33:05,2025-03-18 00:34:51,,,,,,,,,,,,,
225,2025-03-18 00:34:53,2025-03-18 00:35:55,,,,,,,,,,,,,
226,2025-03-18 00:35:57,2025-03-18 00:37:38,,,,,,,,,,,,,
227,2025-03-18 00:37:40,2025-03-18 00:38:43,,,,,,,,,,,,,
228,2025-03-18 00:38:44,2025-03-18 00:40:54,,,,,,,,,,,,,
229,2025-03-18 00:40:56,2025-03-18 00:42:49,,,,,,,,,,,,,
230,2025-03-18 00:42:51,2025-03-18 01:03:52,00:21:01.3735673,00:01:54.7207225,00:03:59.3344575,00:01:38.5734156,00:02:19.7978236,00:01:34.9187590,00:00:34.8868727,00:01:28.2137556,00:00:57.4326712,00:00:57.8270262,00:01:52.5805016,00:01:17.2730491,00:02:25.8145127
231,2025-03-18 01:04:02,2025-03-18 01:05:38,,,,,,,,,,,,,
232,2025-03-18 01:05:39,2025-03-18 01:06:54,,,,,,,,,,,,,
233,2025-03-18 01:06:56,2025-03-18 01:08:36,,,,,,,,,,,,,
234,2025-03-18 06:00:42,2025-03-18 06:04:11,,00:01:54.6797444,,,,,,,,,,,
235,2025-03-18 06:04:13,2025-03-18 06:06:52,,00:01:38.9068682,,,,,,,,,,,
236,2025-03-18 06:06:55,2025-03-18 06:27:14,,00:01:38.8588952,00:03:36.6853985,00:01:28.5777794,00:03:00.0623087,00:01:55.4458545,00:00:33.9179572,00:01:33.7085376,00:01:20.7069505,00:00:47.8449085,00:01:37.4827050,00:01:14.1896425,
237,2025-03-18 06:27:17,2025-03-18 06:46:58,,00:01:37.9165569,00:03:42.7767274,00:01:31.2916284,00:02:22.3011017,00:01:32.3110449,00:00:34.3611004,00:01:25.1068040,00:01:14.2917460,00:00:51.7008754,00:01:41.4677147,00:01:19.9182786,
238,2025-03-18 06:47:07,2025-03-18 06:48:08,,,,,,,,,,,,,
239,2025-03-18 06:48:10,2025-03-18 06:51:36,,00:01:52.4107628,,,,,,,,,,,
240,2025-03-18 06:51:38,2025-03-18 06:56:17,,00:01:40.1567821,,,,,,,,,,,
241,2025-03-18 06:56:19,2025-03-18 06:57:20,,,,,,,,,,,,,
242,2025-03-18 06:57:22,2025-03-18 06:58:23,,,,,,,,,,,,,
243,2025-03-18 06:58:25,2025-03-18 07:08:02,,00:01:36.7026293,00:03:50.4485918,00:01:27.6387267,,,,,,,,,
244,2025-03-18 07:08:05,2025-03-18 07:10:43,,00:01:38.6264961,,,,,,,,,,,
245,2025-03-18 07:10:46,2025-03-18 07:11:46,,,,,,,,,,,,,
246,2025-03-18 07:11:49,2025-03-18 07:13:32,,,,,,,,,,,,,
247,2025-03-18 07:13:34,2025-03-18 07:15:21,,,,,,,,,,,,,
248,2025-03-18 07:15:23,2025-03-18 07:35:36,00:20:12.8519309,00:01:37.4489861,00:03:35.5184218,00:01:31.3365502,00:02:30.0067950,00:01:31.2257675,00:00:34.5409554,00:01:22.6414987,00:01:12.6301323,00:00:46.8135619,00:01:47.1319301,00:01:14.7246027,00:02:28.8327292
249,2025-03-18 07:36:11,2025-03-18 07:38:16,,00:02:01.9687060,,,,,,,,,,,
250,2025-03-18 07:38:18,2025-03-18 07:41:49,,00:01:38.5547775,,,,,,,,,,,
251,2025-03-18 07:41:51,2025-03-18 07:44:47,,00:02:01.1999036,,,,,,,,,,,
252,2025-03-18 07:44:49,2025-03-18 07:48:10,,00:01:47.3715532,,,,,,,,,,,
253,2025-03-18 07:50:37,2025-03-18 07:55:07,,00:01:37.9617043,,,,,,,,,,,
254,2025-03-18 07:55:09,2025-03-18 07:56:10,,,,,,,,,,,,,
255,2025-03-18 07:56:13,2025-03-18 08:14:17,,00:01:58.3916607,00:03:28.4334328,00:01:30.1318125,00:02:15.3476314,00:01:32.2737250,00:00:35.6329195,00:01:22.3137610,00:01:21.3895917,00:00:49.6420717,00:01:51.8376444,00:01:08.7809781,
256,2025-03-18 08:14:19,2025-03-18 08:23:20,,00:01:56.1437738,00:03:47.6410081,00:01:24.3279461,,,,,,,,,
257,2025-03-18 08:23:22,2025-03-18 08:43:50,00:20:27.8514285,00:01:39.8723953,00:03:31.5877190,00:01:26.0668187,00:02:15.7605880,00:01:28.6478664,00:00:35.3928196,00:01:21.2707740,00:00:57.2268496,00:01:02.3945901,00:01:53.1474001,00:01:21.3610985,00:02:55.1225092
258,2025-03-18 08:44:10,2025-03-18 09:04:47,00:20:36.3448166,00:01:36.8377713,00:04:05.0875111,00:01:31.4046875,00:02:23.0310816,00:01:28.7202782,00:00:35.3459802,00:01:21.8518874,00:00:51.9317443,00:00:57.8598130,00:02:20.2658551,00:01:11.2345939,00:02:12.7736130
259,2025-03-18 09:04:54,2025-03-18 09:24:01,,00:01:52.4747595,00:03:31.4943750,00:01:28.6478671,00:02:18.7059392,00:01:30.1463645,00:00:35.7488983,00:01:28.6545719,00:01:26.5779650,00:00:55.0478052,00:01:57.7465037,00:01:18.2459427,
260,2025-03-18 09:24:05,2025-03-18 09:25:06,,,,,,,,,,,,,
261,2025-03-18 09:25:08,2025-03-18 09:26:48,,,,,,,,,,,,,
262,2025-03-18 09:26:51,2025-03-18 09:27:54,,,,,,,,,,,,,
263,2025-03-18 09:27:56,2025-03-18 09:42:33,,00:01:59.6005165,00:03:22.5226753,00:01:32.6376843,00:02:20.7342244,00:01:45.4922143,00:00:37.6058288,00:01:35.9067319,,,,,
264,2025-03-18 09:42:35,2025-03-18 09:45:16,,00:01:53.0818885,,,,,,,,,,,
265,2025-03-18 09:45:18,2025-03-18 09:53:36,,00:01:39.7427805,00:03:39.9746944,00:01:28.7905436,,,,,,,,,
266,2025-03-18 09:53:55,2025-03-18 09:55:44,,,,,,,,,,,,,
267,2025-03-18 09:55:47,2025-03-18 09:59:30,,00:02:08.9017920,,,,,,,,,,,
268,2025-03-18 23:51:43,2025-03-18 23:53:26,,,,,,,,,,,,,
269,2025-03-18 23:53:28,2025-03-19 00:13:04,,00:01:37.4691485,00:03:50.2251622,00:01:36.3019609,00:02:16.4696782,00:01:48.3543762,00:00:40.4109253,00:01:23.8796377,00:00:49.3449030,00:00:55.6197430,00:01:50.7336737,00:00:56.9176968,
270,2025-03-19 00:13:07,2025-03-19 00:14:18,,,,,,,,,,,,,
271,2025-03-19 00:14:22,2025-03-19 00:16:16,,,,,,,,,,,,,
272,2025-03-19 00:16:19,2025-03-19 00:18:56,,00:01:50.1766216,,,,,,,,,,,
273,2025-03-19 00:18:58,2025-03-19 00:20:47,,,,,,,,,,,,,
274,2025-03-19 00:20:49,2025-03-19 00:22:32,,,,,,,,,,,,,
275,2025-03-19 00:22:35,2025-03-19 00:24:17,,,,,,,,,,,,,
276,2025-03-19 00:24:19,2025-03-19 00:25:22,,,,,,,,,,,,,
277,2025-03-19 00:25:23,2025-03-19 00:27:06,,,,,,,,,,,,,
278,2025-03-19 00:27:07,2025-03-19 00:30:37,,00:02:06.6636912,,,,,,,,,,,
279,2025-03-19 00:31:02,2025-03-19 00:35:49,,00:01:53.4145891,,,,,,,,,,,
280,2025-03-19 00:35:51,2025-03-19 00:37:32,,,,,,,,,,,,,
281,2025-03-19 00:37:34,2025-03-19 00:45:47,,00:01:50.9033564,00:03:31.6562413,00:01:36.1092692,,,,,,,,,
282,2025-03-19 00:45:49,2025-03-19 00:52:35,,00:01:38.5677640,00:03:52.9179924,,,,,,,,,,
283,2025-03-19 00:52:38,2025-03-19 01:12:32,00:19:53.6626785,00:01:59.2635498,00:03:26.0502143,00:01:27.7386306,00:02:21.1455873,00:01:28.1586807,00:00:36.1650266,00:01:24.2010022,00:00:53.6312946,00:00:50.1948027,00:01:39.5756816,00:01:11.4660683,00:02:36.0721398
284,2025-03-19 01:13:04,2025-03-19 01:13:15,,,,,,,,,,,,,
285,2025-03-19 01:13:31,2025-03-19 01:33:13,,00:01:38.6946182,00:03:18.8332780,00:01:25.1746891,00:02:27.0484301,00:01:26.6323870,00:00:34.5742470,00:01:23.2066307,00:01:24.1686988,00:00:48.2998716,00:01:51.4995736,00:01:09.3995615,
286,2025-03-19 01:33:16,2025-03-19 01:34:17,,,,,,,,,,,,,
287,2025-03-19 01:34:19,2025-03-19 01:52:57,,00:01:45.0237081,00:03:26.3564765,00:01:27.3343776,00:02:17.0580277,00:01:28.2468400,00:00:35.7422214,00:01:26.8006204,00:01:25.7887628,00:00:56.0387591,00:01:39.4356499,00:01:09.2325637,
288,2025-03-19 01:52:59,2025-03-19 01:54:00,,,,,,,,,,,,,
289,2025-03-19 01:54:02,2025-03-19 01:55:20,,,,,,,,,,,,,
290,2025-03-19 01:55:22,2025-03-19 01:56:40,,,,,,,,,,,,,
291,2025-03-19 01:56:43,2025-03-19 01:58:30,,,,,,,,,,,,,
292,2025-03-19 01:58:33,2025-03-19 02:06:45,,00:01:40.8027028,00:03:27.4881776,00:01:31.8936251,,,,,,,,,
293,2025-03-19 02:06:48,2025-03-19 02:08:27,,,,,,,,,,,,,
294,2025-03-19 02:08:29,2025-03-19 02:09:30,,,,,,,,,,,,,
295,2025-03-19 02:09:32,2025-03-19 02:11:24,,,,,,,,,,,,,
296,2025-03-19 02:11:27,2025-03-19 02:15:24,,00:01:37.7177692,,,,,,,,,,,
297,2025-03-19 02:15:25,2025-03-19 02:30:51,,00:01:47.0016413,00:03:24.6653122,00:01:33.0705463,00:02:22.8777759,00:01:34.0064051,00:00:36.1958741,00:01:29.9237933,00:01:05.4916451,00:00:54.3339402,,,
298,2025-03-19 02:32:58,2025-03-19 02:34:43,,,,,,,,,,,,,
299,2025-03-19 02:34:46,2025-03-19 02:37:33,,00:01:45.4346458,,,,,,,,,,,
300,2025-03-19 02:37:35,2025-03-19 02:40:14,,00:01:37.8766985,,,,,,,,,,,
301,2025-03-19 02:40:17,2025-03-19 02:43:03,,00:01:38.6476410,,,,,,,,,,,
302,2025-03-19 02:43:06,2025-03-19 02:45:47,,00:01:40.2795904,,,,,,,,,,,
303,2025-03-19 02:45:49,2025-03-19 03:00:24,,00:01:52.9364134,00:03:27.2356555,00:01:25.8403460,00:02:17.4475374,00:01:28.4547868,00:00:33.5106836,00:01:59.0535414,,,,,
304,2025-03-19 03:00:26,2025-03-19 03:19:17,,00:01:38.5474171,00:03:27.8856396,00:01:32.7432120,00:02:30.3826554,00:01:28.3889697,00:00:36.5817278,00:01:32.0205977,00:00:50.1188002,00:00:49.6468386,00:01:42.6545654,00:02:25.7296728,
305,2025-03-19 03:20:17,2025-03-19 03:22:01,,,,,,,,,,,,,
306,2025-03-19 03:22:04,2025-03-19 03:28:03,,00:01:39.6237120,00:03:41.5192357,,,,,,,,,,
307,2025-03-19 03:28:25,2025-03-19 03:31:02,,00:01:47.7296302,,,,,,,,,,,
308,2025-03-19 03:31:04,2025-03-19 03:34:05,,00:01:53.8714969,,,,,,,,,,,
309,2025-03-19 03:34:07,2025-03-19 03:36:12,,,,,,,,,,,,,
310,2025-03-19 03:36:15,2025-03-19 03:37:16,,,,,,,,,,,,,
311,2025-03-19 03:37:19,2025-03-19 03:39:11,,,,,,,,,,,,,
312,2025-03-19 03:39:14,2025-03-19 03:42:07,,00:02:00.7035620,,,,,,,,,,,
313,2025-03-20 01:30:05,2025-03-20 01:30:21,,,,,,,,,,,,,
314,2025-03-20 01:30:28,2025-03-20 01:32:09,,,,,,,,,,,,,
315,2025-03-20 01:32:12,2025-03-20 01:36:07,,00:01:47.0326992,,,,,,,,,,,
316,2025-03-20 01:36:29,2025-03-20 01:49:42,,00:01:53.1403834,00:03:35.0293904,00:01:29.0007491,00:03:20.0952594,00:01:32.5235169,00:00:34.5860081,,,,,,
317,2025-03-20 01:49:44,2025-03-20 01:52:31,,00:01:46.6987034,,,,,,,,,,,
318,2025-03-20 01:53:19,2025-03-20 02:15:31,00:22:11.8843789,00:01:39.4129786,00:03:30.3101073,00:01:26.9497454,00:02:30.1484737,00:01:37.7054413,00:00:34.9234957,00:01:28.2860333,00:02:27.9496041,00:00:54.0142658,00:01:38.6230513,00:01:06.5113358,00:03:17.0498466
319,2025-03-20 02:15:36,2025-03-20 02:15:51,,,,,,,,,,,,,
320,2025-03-20 02:17:36,2025-03-20 02:36:59,00:19:23.5218234,00:01:47.0064838,00:03:38.5722042,00:01:26.8678666,00:02:23.5013467,00:01:27.1768021,00:00:33.3419176,00:01:25.2187067,00:00:52.1303356,00:00:55.5147321,00:01:36.7049549,00:01:03.7089771,00:02:13.7774960
321,2025-03-20 02:44:46,2025-03-20 02:52:56,,00:01:46.6226227,00:03:31.5423000,00:01:29.1466460,,,,,,,,,
322,2025-03-20 02:52:58,2025-03-20 03:08:11,,00:01:46.1795433,00:03:34.7462763,00:01:24.6376496,00:02:16.7273133,00:01:27.8508937,00:00:35.2454063,00:01:46.6202865,,00:01:30.0834408,,,
323,2025-03-20 03:08:14,2025-03-20 03:08:18,,,,,,,,,,,,,
324,2025-03-20 03:08:25,2025-03-20 03:11:41,,00:01:38.2878865,,,,,,,,,,,
325,2025-03-20 03:11:43,2025-03-20 03:20:09,,00:01:53.5156804,00:03:26.9133954,00:01:24.8606049,,,,,,,,,
326,2025-03-20 03:20:12,2025-03-20 03:23:26,,00:01:47.9466796,,,,,,,,,,,
327,2025-03-20 03:23:42,2025-03-20 03:27:33,,,,,,,,,,,,,
328,2025-03-20 03:27:35,2025-03-20 03:30:50,,00:01:36.8767257,,,,,,,,,,,
329,2025-03-20 03:30:52,2025-03-20 03:31:29,,,,,,,,,,,,,
330,2025-03-21 02:26:50,2025-03-21 02:51:05,00:24:14.7703532,00:01:38.8862696,00:03:58.5493760,00:01:32.9096647,00:02:21.0346140,00:01:45.9894578,00:00:40.8319813,00:01:27.1955257,00:02:18.9805345,00:00:49.4898630,00:01:58.7904843,00:01:43.9556184,00:03:58.1569639
331,2025-03-21 02:51:13,2025-03-21 03:12:24,,00:01:48.8516150,00:03:36.3832501,00:01:31.0823958,00:02:25.8395355,00:01:28.8378846,00:00:34.6608237,00:01:32.2467506,00:03:00.2754870,00:00:49.1814478,00:01:57.3798214,00:01:46.0665758,
332,2025-03-21 03:12:26,2025-03-21 03:14:09,,,,,,,,,,,,,
333,2025-03-21 03:14:11,2025-03-21 03:15:54,,,,,,,,,,,,,
334,2025-03-21 03:15:57,2025-03-21 03:17:41,,,,,,,,,,,,,
335,2025-03-21 03:17:44,2025-03-21 03:24:20,,00:01:58.8436414,00:03:35.7382315,,,,,,,,,,
336,2025-03-21 03:24:22,2025-03-21 03:25:23,,,,,,,,,,,,,
337,2025-03-21 03:25:26,2025-03-21 03:28:01,,00:01:48.6638429,,,,,,,,,,,
338,2025-03-21 03:28:04,2025-03-21 03:31:14,,00:01:47.6487784,,,,,,,,,,,
339,2025-03-21 03:31:17,2025-03-21 03:31:21,,,,,,,,,,,,,
340,2025-03-21 03:31:23,2025-03-21 03:31:25,,,,,,,,,,,,,
341,2025-03-21 03:31:30,2025-03-21 03:38:43,,00:01:54.3116415,00:03:41.9222425,,,,,,,,,,
342,2025-03-21 03:38:45,2025-03-21 03:40:31,,,,,,,,,,,,,
343,2025-03-21 03:40:34,2025-03-21 03:58:19,,00:01:52.2745576,00:03:32.0522798,00:01:28.0007631,00:02:12.1353675,00:01:38.2998005,00:00:35.8969647,00:01:22.3603253,00:02:06.4007236,00:00:53.4687861,,,
344,2025-03-21 03:58:21,2025-03-21 04:18:11,00:19:50.5247258,00:01:47.0566451,00:03:26.3359750,00:01:27.4669845,00:02:10.8503261,00:01:26.4609215,00:00:35.6931006,00:01:24.7204536,00:01:15.5696348,00:00:52.0067069,00:01:39.9156806,00:01:35.4947442,00:02:08.9535529
345,2025-03-24 22:22:04,2025-03-24 22:32:51,,00:01:59.4669384,00:03:56.7812187,00:01:43.8780229,00:02:11.6361464,,,,,,,,
346,2025-03-24 22:32:54,2025-03-24 22:34:39,,,,,,,,,,,,,
347,2025-03-24 22:34:40,2025-03-24 22:36:43,,,,,,,,,,,,,
348,2025-03-24 22:37:17,2025-03-24 22:50:24,,00:01:37.8356902,00:03:20.8623425,00:01:26.1256153,00:03:52.9080444,00:01:29.9361112,00:00:36.1947501,,,,,,
349,2025-03-24 22:50:27,2025-03-24 23:09:51,,00:01:37.8845672,00:03:29.4554641,00:01:29.9585695,00:02:33.9581048,00:01:55.3760080,00:00:34.8598143,00:01:23.4656629,00:01:13.5445785,00:00:48.0840554,00:01:42.6465679,00:01:53.7685979,
350,2025-03-24 23:09:54,2025-03-24 23:26:01,,00:01:52.9465877,00:03:20.0892761,00:01:27.7967081,00:02:09.7713219,00:01:26.3707425,00:00:34.8380176,00:01:37.0226477,00:00:50.6927647,00:00:46.8268403,,,
351,2025-03-24 23:26:04,2025-03-24 23:26:22,,,,,,,,,,,,,
352,2025-03-24 23:28:35,2025-03-24 23:48:01,,00:01:54.6758291,00:03:31.0639501,00:01:28.0158883,00:02:22.1480420,00:01:26.9061605,00:00:35.4898509,00:01:20.4797145,00:00:52.3968267,00:00:58.7248001,00:01:44.9035940,00:01:01.1735863,
353,2025-03-24 23:48:04,2025-03-25 00:06:42,,00:01:38.4775370,00:03:22.5994943,00:01:28.4018982,00:02:22.1192074,00:01:49.1525688,00:00:37.1059326,00:01:23.1247160,00:00:59.9637654,00:00:47.0001614,00:01:41.4002592,00:01:04.0320646,
354,2025-03-25 00:06:47,2025-03-25 00:09:30,,00:01:47.3947445,,,,,,,,,,,
355,2025-03-25 00:09:32,2025-03-25 00:30:23,,00:01:37.8797210,00:03:34.8662007,00:01:25.9146738,00:02:11.5645921,00:01:31.3535636,00:00:33.3487425,00:01:24.1387228,00:01:53.3537047,00:00:49.6568631,00:01:50.8765496,00:02:23.2905322,
356,2025-03-25 00:30:25,2025-03-25 00:49:55,,00:01:37.8965305,00:03:26.2120859,00:01:31.1468569,00:02:21.2106420,00:01:59.4355658,00:00:34.3298463,00:01:24.5657267,00:00:50.2886474,00:00:49.8849937,00:01:49.4185569,00:01:06.1555833,
357,2025-03-25 00:50:06,2025-03-25 00:51:49,,,,,,,,,,,,,
358,2025-03-25 00:51:51,2025-03-25 01:06:03,,00:01:40.4178378,00:03:22.9341190,00:01:24.5736208,00:02:26.8229635,00:01:28.1405493,00:00:33.6214912,00:01:21.4927306,,,,,
359,2025-03-25 01:29:07,2025-03-25 01:35:18,,00:01:49.1878777,00:03:39.3971329,,,,,,,,,,
360,2025-03-25 01:35:20,2025-03-25 01:55:03,,00:01:46.8826149,00:03:34.8962145,00:01:26.7966911,00:02:27.6235034,00:01:30.1804551,00:00:34.2871282,00:01:24.5114540,00:00:58.3079417,00:00:48.9088209,00:01:36.2627235,00:01:06.5881385,
361,2025-03-25 01:55:05,2025-03-25 02:03:31,,00:01:37.6376804,00:03:21.7962596,00:01:31.1186173,,,,,,,,,
362,2025-03-25 02:03:35,2025-03-25 02:05:10,,,,,,,,,,,,,
363,2025-03-25 02:05:13,2025-03-25 02:10:33,,00:01:47.7416444,,,,,,,,,,,
364,2025-03-25 02:10:35,2025-03-25 02:13:53,,00:01:46.0975331,,,,,,,,,,,
365,2025-03-25 02:13:55,2025-03-25 02:15:43,,,,,,,,,,,,,
366,2025-03-25 03:05:36,2025-03-25 03:06:55,,,,,,,,,,,,,
367,2025-03-25 03:06:58,2025-03-25 03:09:56,,00:01:37.5721563,,,,,,,,,,,
368,2025-03-25 03:09:59,2025-03-25 03:12:55,,00:02:03.1228559,,,,,,,,,,,
369,2025-03-25 03:12:57,2025-03-25 03:16:40,,00:01:37.1657264,,,,,,,,,,,
370,2025-03-25 03:16:42,2025-03-25 03:21:47,,00:01:45.3255874,,,,,,,,,,,
371,2025-03-25 03:21:49,2025-03-25 03:23:32,,,,,,,,,,,,,
372,2025-03-25 03:23:34,2025-03-25 03:26:16,,00:01:48.1676620,,,,,,,,,,,
373,2025-03-25 03:26:19,2025-03-25 03:41:48,,00:01:38.2037007,00:03:23.8793031,00:01:26.9046478,00:02:23.8724702,00:02:01.1745961,00:00:35.9029657,00:01:21.2385710,00:00:50.2227931,00:00:48.7007002,,,
374,2025-03-25 03:41:51,2025-03-25 03:50:45,,00:01:46.6217143,00:03:39.7488784,00:01:28.7437404,,,,,,,,,
375,2025-03-25 03:50:48,2025-03-25 03:52:25,,,,,,,,,,,,,
376,2025-03-25 03:52:27,2025-03-25 04:04:43,,00:01:47.4744942,00:03:46.5994966,00:01:30.1756617,00:02:18.9463818,00:01:26.4927729,00:00:35.4167784,,,,,,
377,2025-03-25 04:04:46,2025-03-25 04:04:50,,,,,,,,,,,,,
378,2025-03-25 04:32:19,2025-03-25 04:32:33,,,,,,,,,,,,,
379,2025-03-25 04:32:35,2025-03-25 04:34:19,,,,,,,,,,,,,
380,2025-03-25 04:34:21,2025-03-25 04:42:44,,00:01:38.3420232,00:03:22.9190174,00:01:25.3775874,,,,,,,,,
381,2025-03-25 04:42:46,2025-03-25 04:45:24,,00:01:46.5026265,,,,,,,,,,,
382,2025-03-25 04:45:26,2025-03-25 04:47:10,,,,,,,,,,,,,
383,2025-03-25 04:47:12,2025-03-25 04:51:54,,00:01:48.0596729,,,,,,,,,,,
384,2025-03-25 04:52:06,2025-03-25 04:52:14,,,,,,,,,,,,,
385,2025-03-25 04:52:40,2025-03-25 04:54:25,,,,,,,,,,,,,
386,2025-03-25 04:54:29,2025-03-25 05:13:46,00:19:17.7384449,00:01:39.0505068,00:03:17.8432616,00:01:26.9177387,00:02:13.8585954,00:01:26.4576115,00:00:38.1967969,00:01:20.3487594,00:00:43.3965644,00:00:48.8640770,00:01:37.7167428,00:01:00.2201858,00:03:04.8676046
387,2025-03-30 22:39:56,2025-03-30 22:47:14,,00:02:02.6569687,00:03:30.7346007,,,,,,,,,,
388,2025-03-30 22:49:50,2025-03-30 22:51:56,,,,,,,,,,,,,
389,2025-03-30 22:51:59,2025-03-30 22:54:00,,,,,,,,,,,,,
390,2025-03-30 23:46:33,2025-03-30 23:48:10,,,,,,,,,,,,,
391,2025-03-30 23:48:14,2025-03-30 23:52:02,,00:01:38.7548298,,,,,,,,,,,
392,2025-03-30 23:52:04,2025-03-30 23:59:39,,00:01:46.9134931,00:03:24.1433630,00:01:24.3905994,,,,,,,,,
393,2025-03-30 23:59:42,2025-03-31 00:03:04,,00:02:00.9525664,,,,,,,,,,,
394,2025-03-31 00:03:06,2025-03-31 00:05:33,,00:01:39.0018175,,,,,,,,,,,
395,2025-03-31 00:05:35,2025-03-31 00:25:33,00:19:58.0265498,00:01:45.5077275,00:03:18.3172281,00:01:23.9326745,00:02:17.4282042,00:01:29.6546833,00:00:36.7880554,00:01:28.9436574,00:01:13.6721556,00:00:50.8952057,00:01:40.3093045,00:01:01.1962899,00:02:51.3813637
396,2025-03-31 00:26:42,2025-03-31 00:43:06,,00:01:36.6646180,00:03:18.3733982,00:01:27.4283119,00:02:10.0407607,00:01:26.6045973,00:00:33.5367136,00:01:20.2418640,00:01:15.7913099,00:00:48.3942606,,,
397,2025-03-31 00:52:05,2025-03-31 00:54:51,,00:01:47.0585262,,,,,,,,,,,
398,2025-03-31 00:54:54,2025-03-31 01:16:32,,00:01:39.3913617,00:03:15.7383845,00:01:24.0273632,00:02:04.8926871,00:01:27.6607198,00:00:34.4110030,00:01:22.3196927,00:00:44.0908548,00:00:58.6665341,00:01:36.7359879,00:01:04.0086168,
399,2025-03-31 01:18:10,2025-03-31 01:19:31,,,,,,,,,,,,,
400,2025-03-31 01:19:33,2025-03-31 01:22:02,,00:01:38.4835560,,,,,,,,,,,
401,2025-03-31 01:22:04,2025-03-31 01:23:40,,,,,,,,,,,,,
402,2025-03-31 01:23:42,2025-03-31 01:23:44,,,,,,,,,,,,,
403,2025-03-31 01:23:51,2025-03-31 01:31:41,,00:01:38.4966758,00:03:23.6322972,00:01:29.2514908,,,,,,,,,
404,2025-03-31 01:31:44,2025-03-31 01:34:18,,00:01:47.0196089,,,,,,,,,,,
405,2025-03-31 01:34:21,2025-03-31 01:42:00,,00:01:37.4146924,00:03:33.5183721,00:01:24.4484751,,,,,,,,,
406,2025-03-31 01:42:03,2025-03-31 01:43:45,,,,,,,,,,,,,
407,2025-03-31 01:43:47,2025-03-31 01:47:27,,00:01:47.0465700,,,,,,,,,,,
408,2025-03-31 01:47:30,2025-03-31 01:56:23,,00:01:45.9347818,00:03:25.6992233,00:01:25.6456768,,,,,,,,,
409,2025-03-31 01:56:26,2025-03-31 02:02:12,,00:01:37.9505244,00:03:28.9160110,,,,,,,,,,
410,2025-03-31 02:03:59,2025-03-31 02:07:08,,00:01:36.9176609,,,,,,,,,,,
411,2025-03-31 02:07:10,2025-03-31 02:20:33,,00:01:48.7745013,00:03:17.3842063,00:01:25.1385116,00:02:24.5016651,00:01:27.1947392,00:00:35.6535726,00:01:20.3798823,,,,,
412,2025-03-31 02:20:35,2025-03-31 02:22:14,,,,,,,,,,,,,
413,2025-03-31 02:22:16,2025-03-31 02:25:17,,,,,,,,,,,,,
414,2025-03-31 02:25:19,2025-03-31 02:28:57,,00:01:37.6116888,,,,,,,,,,,
415,2025-03-31 02:29:00,2025-03-31 02:30:01,,,,,,,,,,,,,
416,2025-03-31 02:30:03,2025-03-31 02:31:48,,,,,,,,,,,,,
417,2025-03-31 02:31:50,2025-03-31 02:33:25,,,,,,,,,,,,,
418,2025-03-31 02:33:28,2025-03-31 02:36:21,,,,,,,,,,,,,
419,2025-03-31 02:36:23,2025-03-31 02:38:03,,,,,,,,,,,,,
420,2025-03-31 02:38:05,2025-03-31 02:39:07,,,,,,,,,,,,,
421,2025-03-31 02:39:09,2025-03-31 02:47:07,,00:01:37.5688044,00:03:28.8604798,00:01:27.8964240,,,,,,,,,
422,2025-03-31 21:43:13,2025-03-31 21:56:40,,00:01:48.4149560,00:06:25.0887648,00:01:47.0435328,,,,,,,,,
423,2025-03-31 22:09:29,2025-03-31 22:39:35,00:30:07.1823529,00:02:17.8154621,00:04:50.4965682,00:01:27.8491668,00:02:28.0498180,00:01:36.3689753,00:00:45.7306143,00:02:26.2685057,00:01:55.3154403,00:00:46.9189034,00:02:54.2500667,00:01:16.7929072,00:07:21.3259249
424,2025-03-31 22:42:29,2025-03-31 23:11:06,00:28:38.1371596,00:01:49.5372538,00:03:38.3137523,00:01:26.8847478,00:05:33.4069046,00:01:47.3575909,00:00:37.2509178,00:01:38.0138537,00:00:57.9872061,00:00:50.5651794,00:02:30.5896579,00:04:39.1085905,00:03:09.1215048
425,2025-03-31 23:11:49,2025-03-31 23:35:03,,00:01:51.6366279,00:04:06.2241151,00:01:29.4553101,00:02:35.8698217,00:02:14.0944693,00:00:37.7465811,,,,,,
426,2025-03-31 23:38:58,2025-03-31 23:52:51,,,,,,,,,,,,,
427,2025-04-02 05:20:18,2025-04-02 05:47:45,00:27:28.7314874,00:02:02.4219328,00:05:08.8297484,00:01:31.8078758,00:03:54.6232084,00:01:45.1944603,00:00:57.7353696,00:02:02.4286462,00:01:32.2396338,00:00:47.9926496,00:01:51.0820328,00:02:16.5784064,00:03:37.7975233
428,2025-04-02 05:49:06,2025-04-02 05:50:28,,,,,,,,,,,,,
429,2025-04-02 05:50:28,2025-04-02 06:14:09,00:23:42.9812031,00:01:50.5947685,00:04:37.3422368,00:01:37.0275721,00:02:53.3175902,00:02:21.3111860,00:00:37.6693226,00:01:28.5034606,00:00:51.0953055,00:00:45.5894161,00:02:51.1424091,00:01:03.2484735,00:02:46.1394621
430,2025-04-02 06:15:05,2025-04-02 06:24:44,,00:01:47.9243353,00:04:01.9631516,00:01:35.9737530,,,,,,,,,
431,2025-04-02 06:24:45,2025-04-02 06:29:38,,00:01:42.3504245,,,,,,,,,,,
432,2025-04-02 06:29:38,2025-04-02 06:52:00,00:22:23.7471589,00:01:48.9064381,00:04:11.9511049,00:01:31.4207352,00:03:07.9696527,00:01:26.5044508,00:00:35.2953363,00:01:29.3248605,00:01:46.1859984,00:00:47.1687563,00:01:38.2546130,00:01:31.6831521,00:02:29.0820606
433,2025-04-02 06:52:28,2025-04-02 06:52:42,,,,,,,,,,,,,
434,2025-04-02 06:52:42,2025-04-02 07:14:09,,00:01:48.5585676,00:04:09.6084355,00:01:32.6458952,00:03:32.6069557,00:01:39.6887977,00:00:37.6509464,00:02:23.2347505,00:01:10.2059760,00:00:44.9054813,00:01:37.9664834,00:01:53.1747119,
435,2025-04-02 07:14:09,2025-04-02 07:36:01,00:21:53.4233622,00:01:43.4306767,00:04:16.0617587,00:01:29.1765111,00:02:29.9817407,00:01:28.8102162,00:00:35.3903248,00:01:34.2983286,00:01:01.4800138,00:00:47.0498280,00:02:15.5703693,00:01:31.9456360,00:02:40.2279583
436,2025-04-07 17:25:35,2025-04-07 17:31:01,,00:01:41.0276297,,,,,,,,,,,
437,2025-04-07 17:31:01,2025-04-07 17:31:57,,,,,,,,,,,,,
438,2025-04-07 17:31:57,2025-04-07 17:46:42,,00:01:38.4505199,00:03:34.5478602,00:01:33.4933664,00:02:25.8949568,00:01:29.3134404,00:00:34.7308960,00:01:28.0284937,00:00:56.5676574,,,,
439,2025-04-07 17:46:42,2025-04-07 17:48:21,,,,,,,,,,,,,
440,2025-04-07 17:48:21,2025-04-07 17:49:24,,,,,,,,,,,,,
441,2025-04-07 17:49:24,2025-04-07 17:53:16,,00:01:48.2345361,,,,,,,,,,,
442,2025-04-07 17:53:16,2025-04-07 18:04:00,,00:01:37.5905841,00:03:34.8589456,00:01:26.1590387,00:02:15.8542731,,,,,,,,
443,2025-04-07 18:04:00,2025-04-07 18:05:06,,,,,,,,,,,,,
444,2025-04-07 18:05:06,2025-04-07 18:12:41,,00:01:55.0168711,00:03:25.1866655,00:01:27.7989651,,,,,,,,,
445,2025-04-07 18:12:41,2025-04-07 18:18:50,,00:01:48.5930502,00:03:33.9349082,,,,,,,,,,
446,2025-04-07 18:18:50,2025-04-07 18:38:31,,00:01:37.6460597,00:03:39.9043795,00:01:26.7510625,00:02:19.9824230,00:01:33.9413344,00:00:33.5302186,00:01:28.0305606,00:00:44.2190332,00:00:44.1606942,00:01:37.9293018,00:01:51.9431420,
447,2025-04-07 18:38:31,2025-04-07 18:40:27,,,,,,,,,,,,,
448,2025-04-07 18:42:36,2025-04-07 18:42:49,,,,,,,,,,,,,
449,2025-04-07 18:43:02,2025-04-07 18:45:07,,,,,,,,,,,,,
450,2025-04-07 18:45:07,2025-04-07 18:48:18,,,,,,,,,,,,,
451,2025-04-07 18:52:07,2025-04-07 19:07:21,,,,,,,,,,,,,
452,2025-04-07 19:18:09,2025-04-07 19:18:15,,,,,,,,,,,,,
453,2025-04-07 19:36:48,2025-04-07 19:36:55,,,,,,,,,,,,,
454,2025-04-07 19:36:55,2025-04-07 19:38:49,,,,,,,,,,,,,
455,2025-04-07 19:38:49,2025-04-07 19:41:22,,00:01:37.6454152,,,,,,,,,,,
456,2025-04-07 19:41:22,2025-04-07 19:43:04,,,,,,,,,,,,,
457,2025-04-07 19:43:04,2025-04-07 19:44:08,,,,,,,,,,,,,
458,2025-04-07 19:44:08,2025-04-07 19:45:53,,,,,,,,,,,,,
459,2025-04-07 19:45:53,2025-04-07 19:48:43,,00:01:46.3389184,,,,,,,,,,,
460,2025-04-07 19:48:43,2025-04-07 19:53:35,,00:01:37.6141659,,,,,,,,,,,
461,2025-04-07 19:53:35,2025-04-07 19:56:01,,00:01:40.6692601,,,,,,,,,,,
462,2025-04-07 19:56:01,2025-04-07 19:57:47,,,,,,,,,,,,,
463,2025-04-07 19:57:47,2025-04-07 20:16:52,00:19:06.6008006,00:01:48.5273196,00:03:23.8903333,00:01:25.1417548,00:02:18.8329727,00:01:32.9468533,00:00:33.9235050,00:01:28.5305187,00:00:51.9373598,00:00:48.1364977,00:01:36.5014961,00:00:57.3460627,00:02:20.8861269
464,2025-04-07 20:19:34,2025-04-07 20:22:18,,00:01:40.0376174,,,,,,,,,,,
465,2025-04-07 20:22:18,2025-04-07 20:22:29,,,,,,,,,,,,,
466,2025-04-07 20:22:29,2025-04-07 20:25:08,,00:01:38.2369797,,,,,,,,,,,
467,2025-04-07 20:25:08,2025-04-07 20:26:45,,,,,,,,,,,,,
468,2025-04-07 20:26:45,2025-04-07 20:29:25,,00:01:40.8582014,,,,,,,,,,,
469,2025-04-07 20:29:25,2025-04-07 20:31:17,,,,,,,,,,,,,
470,2025-04-08 20:49:06,2025-04-08 21:00:00,,00:01:39.7001237,00:03:30.4654988,00:01:32.1276063,00:02:21.8551949,,,,,,,,
471,2025-04-08 21:00:00,2025-04-08 21:02:38,,00:01:39.4259469,,,,,,,,,,,
472,2025-04-08 21:02:38,2025-04-08 21:23:02,00:20:25.2260926,00:01:39.1755535,00:03:29.1226095,00:01:28.0782651,00:02:21.7780421,00:01:32.0618218,00:00:34.0164024,00:01:21.4867942,00:01:02.8861785,00:00:51.1580844,00:02:17.1008028,00:01:49.8322597,00:01:58.5292786
473,2025-04-08 21:24:06,2025-04-08 21:25:41,,,,,,,,,,,,,
474,2025-04-08 21:25:41,2025-04-08 21:33:16,,00:01:48.6839387,00:03:25.7287009,00:01:35.4239138,,,,,,,,,
475,2025-04-08 21:33:16,2025-04-08 21:37:12,,00:01:47.7623957,,,,,,,,,,,
476,2025-04-08 21:37:12,2025-04-08 21:38:48,,,,,,,,,,,,,
477,2025-04-08 21:38:48,2025-04-08 21:52:32,,00:01:50.4769555,00:03:30.6904151,00:01:34.2263523,00:02:18.2692253,00:01:33.0728532,00:00:37.9295661,00:01:20.8212188,,,,,
478,2025-04-08 21:52:32,2025-04-08 21:54:07,,,,,,,,,,,,,
479,2025-04-08 21:54:07,2025-04-08 21:55:50,,,,,,,,,,,,,
480,2025-04-08 21:55:50,2025-04-08 22:03:17,,00:01:46.4103850,00:03:29.4009405,00:01:28.9213517,,,,,,,,,
481,2025-04-08 22:03:17,2025-04-08 22:05:57,,00:01:37.4650339,,,,,,,,,,,
482,2025-04-08 22:06:11,2025-04-08 22:06:30,,,,,,,,,,,,,
483,2025-04-08 22:06:57,2025-04-08 22:08:42,,,,,,,,,,,,,
484,2025-04-08 22:16:41,2025-04-08 22:19:20,,,,,,,,,,,,,
485,2025-04-08 23:22:42,2025-04-08 23:23:16,,,,,,,,,,,,,
486,2025-04-08 23:23:16,2025-04-08 23:37:10,,00:01:38.8129910,00:03:30.3417795,00:01:26.8260143,00:02:11.5500917,00:01:28.5595091,00:00:33.1295296,00:01:49.0138841,,,,,
487,2025-04-08 23:37:10,2025-04-08 23:38:48,,,,,,,,,,,,,
488,2025-04-08 23:38:48,2025-04-08 23:39:58,,,,,,,,,,,,,
489,2025-04-08 23:39:58,2025-04-08 23:42:55,,00:01:38.0904502,,,,,,,,,,,
490,2025-04-08 23:42:55,2025-04-08 23:45:21,,00:01:40.7963491,,,,,,,,,,,
491,2025-04-08 23:45:21,2025-04-08 23:48:31,,00:01:38.3625237,,,,,,,,,,,
492,2025-04-08 23:48:31,2025-04-08 23:59:42,,00:01:53.7785914,00:03:24.8943963,00:01:25.7362648,00:02:22.8718243,00:01:33.6676263,,,,,,,
493,2025-04-08 23:59:42,2025-04-09 00:02:20,,00:01:39.7910076,,,,,,,,,,,
494,2025-04-09 00:02:20,2025-04-09 00:06:11,,00:01:38.0935572,,,,,,,,,,,
495,2025-04-09 00:06:11,2025-04-09 00:07:48,,,,,,,,,,,,,
496,2025-04-09 00:07:48,2025-04-09 00:08:59,,,,,,,,,,,,,
497,2025-04-09 00:08:59,2025-04-09 00:11:34,,00:01:47.3688479,,,,,,,,,,,
498,2025-04-09 00:11:34,2025-04-09 00:13:10,,,,,,,,,,,,,
499,2025-04-09 00:13:10,2025-04-09 00:14:51,,,,,,,,,,,,,
500,2025-04-09 00:14:51,2025-04-09 00:16:40,,,,,,,,,,,,,
501,2025-04-09 00:16:40,2025-04-09 00:20:08,,00:01:39.4682942,,,,,,,,,,,
502,2025-04-09 00:20:08,2025-04-09 00:21:51,,,,,,,,,,,,,
503,2025-04-09 00:21:51,2025-04-09 00:39:51,,00:01:38.8218955,00:03:26.4265532,00:01:24.8531045,00:02:15.4386306,00:01:30.1906371,00:00:37.8249865,00:01:23.4966855,00:00:46.4129795,00:00:54.2682792,00:02:01.7729655,00:01:01.9985470,
504,2025-04-09 21:01:49,2025-04-09 21:02:17,,,,,,,,,,,,,
505,2025-04-09 21:18:58,2025-04-09 21:20:23,,,,,,,,,,,,,
506,2025-04-09 21:20:23,2025-04-09 21:22:00,,,,,,,,,,,,,
507,2025-04-09 21:22:00,2025-04-09 21:24:42,,00:01:57.5150426,,,,,,,,,,,
508,2025-04-09 21:24:42,2025-04-09 21:43:22,,00:01:39.2284735,00:03:41.5984463,00:01:24.9063832,00:02:15.4553631,00:01:30.7251978,00:00:34.7205395,00:01:25.0225241,00:00:56.2446482,00:00:47.4192639,00:01:46.3335772,00:01:01.3715206,
509,2025-04-09 21:43:22,2025-04-09 21:45:08,,,,,,,,,,,,,
510,2025-04-09 21:45:08,2025-04-09 21:46:51,,,,,,,,,,,,,
511,2025-04-09 21:46:51,2025-04-09 21:48:36,,,,,,,,,,,,,
512,2025-04-09 21:48:36,2025-04-09 21:50:31,,,,,,,,,,,,,
513,2025-04-09 21:50:31,2025-04-09 21:59:04,,00:01:39.7169588,00:03:41.0243426,00:01:32.2211908,,,,,,,,,
514,2025-04-09 21:59:04,2025-04-09 22:11:03,,00:01:41.1661444,00:03:20.0791323,00:01:44.0640458,00:02:13.9796959,00:01:31.2027047,00:00:34.3978339,,,,,,
515,2025-04-09 22:11:03,2025-04-09 22:23:15,,00:01:51.0588590,00:03:24.2561733,00:01:28.7276522,00:02:13.9205507,00:01:45.6404687,00:00:35.3596613,,,,,,
516,2025-04-09 22:23:15,2025-04-09 22:24:50,,,,,,,,,,,,,
517,2025-04-09 22:24:50,2025-04-09 22:25:02,,,,,,,,,,,,,
518,2025-04-09 22:25:02,2025-04-09 22:26:37,,,,,,,,,,,,,
519,2025-04-09 22:26:37,2025-04-09 22:34:36,,00:01:38.3310354,00:03:35.3203143,00:01:28.0377162,,,,,,,,,
520,2025-04-09 22:34:36,2025-04-09 22:39:01,,,,,,,,,,,,,
521,2025-04-09 22:39:01,2025-04-09 22:40:44,,,,,,,,,,,,,
522,2025-04-09 22:40:44,2025-04-09 22:48:49,,00:01:39.5288849,00:03:38.5318047,00:01:24.2931361,,,,,,,,,
523,2025-04-09 22:48:49,2025-04-09 22:50:35,,,,,,,,,,,,,
524,2025-04-09 22:50:35,2025-04-09 22:51:53,,,,,,,,,,,,,
525,2025-04-09 22:51:53,2025-04-09 22:54:37,,00:01:48.1533348,,,,,,,,,,,
526,2025-04-09 22:54:37,2025-04-09 22:55:48,,,,,,,,,,,,,
527,2025-04-09 22:55:48,2025-04-09 22:56:51,,,,,,,,,,,,,
528,2025-04-09 22:56:51,2025-04-09 22:58:30,,,,,,,,,,,,,
529,2025-04-09 22:58:30,2025-04-09 23:00:04,,,,,,,,,,,,,
530,2025-04-09 23:00:04,2025-04-09 23:18:22,,00:01:38.2457560,00:03:30.2484742,00:01:25.0473453,00:02:26.8009667,00:01:29.6002779,00:00:35.6348458,00:01:22.1955757,00:00:55.5143140,00:00:43.3744618,00:01:53.4551946,00:01:01.7121490,
531,2025-04-09 23:18:22,2025-04-09 23:20:15,,,,,,,,,,,,,
532,2025-04-09 23:20:15,2025-04-09 23:40:08,,00:01:40.3217112,00:03:21.9837714,00:01:26.9746437,00:02:14.2926747,00:01:33.2315861,00:00:33.3332539,00:01:33.1394631,00:00:44.7820167,00:00:59.0275557,00:01:39.6519273,00:01:26.8278493,
533,2025-04-09 23:40:08,2025-04-09 23:41:51,,,,,,,,,,,,,
534,2025-04-09 23:41:51,2025-04-09 23:43:28,,,,,,,,,,,,,
535,2025-04-09 23:43:28,2025-04-09 23:44:32,,,,,,,,,,,,,
536,2025-04-09 23:44:32,2025-04-09 23:46:07,,,,,,,,,,,,,
537,2025-04-09 23:46:07,2025-04-09 23:49:33,,00:01:43.0759474,,,,,,,,,,,
538,2025-04-09 23:49:33,2025-04-09 23:49:43,,,,,,,,,,,,,
539,2025-04-14 22:15:17,2025-04-14 22:15:23,,,,,,,,,,,,,
540,2025-04-14 22:49:00,2025-04-14 22:50:36,,,,,,,,,,,,,
541,2025-04-14 22:50:36,2025-04-14 23:10:17,,00:01:49.4049759,00:03:30.4427538,00:01:25.3418290,00:02:10.5441866,00:01:35.3904418,00:00:35.7866485,00:01:21.5723592,00:01:40.8362388,00:00:46.9758533,00:01:38.9784351,00:01:32.1998269,
542,2025-04-14 23:10:17,2025-04-14 23:11:50,,,,,,,,,,,,,
543,2025-04-14 23:11:50,2025-04-14 23:13:25,,,,,,,,,,,,,
544,2025-04-14 23:13:25,2025-04-14 23:34:18,00:20:53.6982266,00:01:38.2321269,00:03:28.3920083,00:01:24.8278340,00:02:25.9991120,00:01:31.4005900,00:00:35.4088567,00:01:24.2874953,00:00:46.4505847,00:00:44.7663505,00:01:42.3331064,00:01:49.0732790,00:03:22.5268828
545,2025-04-14 23:34:33,2025-04-14 23:36:43,,,,,,,,,,,,,
546,2025-04-14 23:36:43,2025-04-14 23:40:01,,00:01:47.6930810,,,,,,,,,,,
547,2025-04-14 23:40:01,2025-04-14 23:41:42,,,,,,,,,,,,,
548,2025-04-14 23:41:42,2025-04-14 23:43:45,,,,,,,,,,,,,
549,2025-04-14 23:44:12,2025-04-14 23:47:12,,,,,,,,,,,,,
550,2025-04-14 23:47:17,2025-04-14 23:47:24,,,,,,,,,,,,,
551,2025-04-14 23:47:24,2025-04-14 23:51:48,,,,,,,,,,,,,
552,2025-04-14 23:51:48,2025-04-14 23:55:13,,00:01:38.9268678,,,,,,,,,,,
553,2025-04-14 23:55:13,2025-04-15 00:13:34,,00:01:47.2271434,00:03:15.5019292,00:01:27.8073866,00:02:12.3359868,00:01:29.5519168,00:00:35.9235007,00:01:27.5318154,00:00:53.5843427,00:00:44.8306086,00:01:39.1549048,00:01:49.8260438,
554,2025-04-15 00:13:34,2025-04-15 00:33:33,00:19:59.9191558,00:01:38.5029720,00:03:24.7891320,00:01:34.3890630,00:02:26.6743406,00:01:39.6707216,00:00:37.8812447,00:01:23.1843421,00:00:46.5754809,00:00:44.6649331,00:01:38.3847722,00:01:12.5011698,00:02:52.7009838
555,2025-04-15 00:33:38,2025-04-15 00:53:54,00:20:17.7437687,00:01:38.0415911,00:03:36.5271842,00:01:26.5583387,00:02:07.0609915,00:01:43.2725515,00:00:34.8482392,00:01:21.2054406,00:00:52.4113810,00:00:44.0620606,00:01:49.3926464,00:01:55.4537164,00:02:28.9096275
556,2025-04-15 00:54:55,2025-04-15 00:56:34,,,,,,,,,,,,,
557,2025-04-15 00:56:34,2025-04-15 01:12:25,,00:01:48.3713654,00:03:26.5115727,00:01:27.1860153,00:02:29.3214961,00:01:39.5398661,00:00:37.7700984,00:01:26.6630692,00:00:42.1571397,00:00:49.7431969,,,
558,2025-04-15 01:12:25,2025-04-15 01:14:58,,00:01:39.9059927,,,,,,,,,,,
559,2025-04-15 01:14:58,2025-04-15 01:16:40,,,,,,,,,,,,,
560,2025-04-15 01:16:40,2025-04-15 01:18:25,,,,,,,,,,,,,
561,2025-04-15 01:18:25,2025-04-15 01:20:11,,,,,,,,,,,,,
562,2025-04-15 01:20:11,2025-04-15 01:33:43,,00:01:37.6517793,00:03:41.6047283,00:01:25.2329009,00:02:11.3936981,00:01:29.1171623,00:00:33.6743265,00:02:01.3062280,,,,,
563,2025-04-15 01:33:43,2025-04-15 01:35:27,,,,,,,,,,,,,
564,2025-04-15 01:35:27,2025-04-15 01:47:37,,00:01:38.7194096,00:03:20.9576927,00:01:44.3182375,00:02:27.1284201,00:01:26.3756215,00:00:44.0479462,,,,,,
565,2025-04-15 01:47:37,2025-04-15 01:53:59,,00:01:39.6963790,00:03:25.2428695,,,,,,,,,,
566,2025-04-15 01:53:59,2025-04-15 01:57:45,,00:01:38.0684403,,,,,,,,,,,
567,2025-04-15 01:57:45,2025-04-15 01:59:20,,,,,,,,,,,,,
568,2025-04-15 01:59:20,2025-04-15 02:09:29,,00:01:40.5401499,00:03:27.3752315,00:01:28.1685172,00:02:38.5201812,,,,,,,,
569,2025-04-15 02:09:29,2025-04-15 02:27:23,,00:01:37.9177781,00:03:16.7719119,00:01:28.0574005,00:02:06.7674518,00:01:26.2199803,00:00:40.5192083,00:01:21.0967761,00:00:50.3706588,00:00:44.8693253,00:02:36.2975265,00:01:02.7848706,
570,2025-04-15 02:27:23,2025-04-15 02:28:25,,,,,,,,,,,,,
571,2025-04-15 02:28:25,2025-04-15 02:38:30,,00:01:38.8682306,,,,,,,,,,,
572,2025-04-15 02:38:30,2025-04-15 02:40:10,,,,,,,,,,,,,
573,2025-04-15 02:40:10,2025-04-15 02:41:14,,,,,,,,,,,,,
574,2025-04-15 02:41:14,2025-04-15 02:45:54,,00:01:40.9831540,,,,,,,,,,,
575,2025-04-15 02:45:54,2025-04-15 02:53:30,,00:01:42.6252744,00:03:37.4812343,00:01:31.3272544,,,,,,,,,
576,2025-04-15 02:53:30,2025-04-15 03:00:52,,00:01:40.6372561,00:03:29.4085253,00:01:27.3592086,,,,,,,,,
577,2025-04-15 03:00:52,2025-04-15 03:20:19,00:19:27.7377279,00:01:38.2450215,00:03:21.4545466,00:01:24.8162931,00:02:08.5485387,00:01:38.8488401,00:00:34.7454091,00:01:28.5373199,00:01:05.8441830,00:00:46.5955308,00:01:50.4451099,00:01:01.8396445,00:02:27.8172907
578,2025-04-15 03:20:34,2025-04-15 03:22:09,,,,,,,,,,,,,
579,2025-04-15 03:22:09,2025-04-15 03:23:44,,,,,,,,,,,,,
580,2025-04-15 03:23:44,2025-04-15 03:35:53,,00:01:38.9703086,00:03:27.3186718,00:01:27.0769366,00:02:20.5054524,00:01:29.6186607,00:00:42.1671470,,,,,,
581,2025-04-15 03:35:53,2025-04-15 03:36:56,,,,,,,,,,,,,
582,2025-04-15 03:36:56,2025-04-15 03:45:08,,00:01:38.2065199,00:03:15.3967258,00:01:25.6098996,,,,,,,,,
583,2025-04-15 03:45:08,2025-04-15 04:01:14,,00:01:38.3643319,00:03:18.3831710,00:01:24.5305514,00:02:18.9561466,00:01:27.1516268,00:00:35.4234794,00:01:26.4002447,00:01:02.1906062,00:01:17.2202903,,,
584,2025-04-15 04:01:14,2025-04-15 04:02:48,,,,,,,,,,,,,
585,2025-04-15 04:02:48,2025-04-15 04:04:25,,,,,,,,,,,,,
586,2025-04-15 04:04:25,2025-04-15 04:14:49,,00:01:37.3990053,00:03:34.3832500,00:01:24.5924393,00:02:16.7987918,,,,,,,,
587,2025-04-15 04:14:49,2025-04-15 04:16:48,,,,,,,,,,,,,
588,2025-04-15 04:16:48,2025-04-15 04:19:21,,00:01:38.7589406,,,,,,,,,,,
589,2025-04-15 04:19:21,2025-04-15 04:32:47,,00:01:38.7308146,00:03:29.2648276,00:01:28.9606163,00:02:21.5262362,00:01:39.8733735,00:00:35.8939044,00:01:30.8661257,,,,,
590,2025-04-15 04:32:47,2025-04-15 04:34:28,,,,,,,,,,,,,
591,2025-04-15 04:34:28,2025-04-15 04:44:10,,00:01:38.8361559,00:03:23.4404858,00:01:25.9038054,00:02:19.5544787,,,,,,,,
592,2025-04-15 04:44:10,2025-04-15 05:02:52,00:18:43.0967133,00:01:39.5343993,00:03:24.8307818,00:01:26.3145179,00:02:08.4133888,00:01:27.9584702,00:00:33.8874722,00:01:21.2518422,00:00:47.0671313,00:00:44.7523769,00:01:38.2087679,00:00:58.9589225,00:02:31.9186423
593,2025-05-18 23:14:07,2025-05-18 23:14:49,,,,,,,,,,,,,
594,2025-05-18 23:15:55,2025-05-18 23:18:24,,,,,,,,,,,,,
595,2025-05-18 23:18:24,2025-05-18 23:21:35,,00:01:56.2890633,,,,,,,,,,,
596,2025-05-18 23:21:35,2025-05-18 23:27:09,,00:02:10.4457916,00:03:22.2535959,,,,,,,,,,
597,2025-05-18 23:27:09,2025-05-18 23:28:14,,,,,,,,,,,,,
598,2025-05-18 23:28:14,2025-05-18 23:35:57,,00:01:38.5434333,00:03:34.1965300,00:01:27.9109535,,,,,,,,,
599,2025-05-18 23:35:57,2025-05-18 23:39:11,,00:01:47.7134417,,,,,,,,,,,
600,2025-05-18 23:39:11,2025-05-18 23:41:04,,,,,,,,,,,,,
601,2025-05-18 23:41:04,2025-05-18 23:42:50,,,,,,,,,,,,,
602,2025-05-18 23:42:50,2025-05-18 23:45:26,,00:01:36.3284664,,,,,,,,,,,
603,2025-05-18 23:45:26,2025-05-18 23:48:06,,00:01:48.0129269,,,,,,,,,,,
604,2025-05-18 23:48:06,2025-05-18 23:49:21,,,,,,,,,,,,,
605,2025-05-18 23:49:30,2025-05-18 23:49:41,,,,,,,,,,,,,
606,2025-05-18 23:49:41,2025-05-18 23:52:44,,00:01:36.6373345,,,,,,,,,,,
607,2025-05-18 23:52:44,2025-05-18 23:55:50,,00:01:37.7917392,,,,,,,,,,,
608,2025-05-18 23:55:50,2025-05-18 23:57:34,,,,,,,,,,,,,
609,2025-05-18 23:57:34,2025-05-19 00:01:05,,00:01:38.4409609,,,,,,,,,,,
610,2025-05-19 00:01:05,2025-05-19 00:02:41,,,,,,,,,,,,,
611,2025-05-19 00:02:41,2025-05-19 00:08:49,,00:01:36.8578256,00:03:26.7673597,,,,,,,,,,
612,2025-05-19 00:08:49,2025-05-19 00:11:22,,00:01:38.3273208,,,,,,,,,,,
613,2025-05-19 00:11:22,2025-05-19 00:12:55,,,,,,,,,,,,,
614,2025-05-19 00:12:55,2025-05-19 00:20:24,,00:01:37.1687917,00:03:28.1883728,00:01:31.9842284,,,,,,,,,
615,2025-05-19 00:20:24,2025-05-19 00:21:58,,,,,,,,,,,,,
616,2025-05-19 00:21:58,2025-05-19 00:40:08,,00:01:39.3240136,00:03:12.8213647,00:01:28.8266295,00:02:22.0668060,00:01:29.5733908,00:00:34.8601373,00:01:25.4402521,00:00:46.8586558,00:00:43.6065959,00:01:36.5199737,00:01:46.0797001,
617,2025-05-19 00:40:08,2025-05-19 00:48:00,,00:01:36.7331673,00:03:16.0152025,00:01:27.2631553,,,,,,,,,
618,2025-05-19 00:48:00,2025-05-19 00:49:35,,,,,,,,,,,,,
619,2025-05-19 00:49:35,2025-05-19 00:51:08,,,,,,,,,,,,,
620,2025-05-19 00:51:08,2025-05-19 00:53:35,,00:01:37.4349820,,,,,,,,,,,
621,2025-05-19 00:53:35,2025-05-19 00:54:37,,,,,,,,,,,,,
622,2025-05-19 00:54:37,2025-05-19 00:56:09,,,,,,,,,,,,,
623,2025-05-19 00:56:09,2025-05-19 00:58:32,,00:01:37.4568548,,,,,,,,,,,
624,2025-05-19 00:58:32,2025-05-19 01:02:40,,00:01:36.4304070,,,,,,,,,,,
625,2025-05-19 01:02:40,2025-05-19 01:05:09,,00:01:37.3069110,,,,,,,,,,,
626,2025-05-19 01:05:09,2025-05-19 01:06:10,,,,,,,,,,,,,
627,2025-05-19 01:06:10,2025-05-19 01:22:59,,00:01:36.8827055,00:03:22.2237952,00:01:25.6860570,00:02:08.9366040,00:01:26.7965405,00:00:33.3695852,00:01:19.4104888,00:01:10.6412016,00:00:48.7669587,00:01:39.4037490,00:01:08.6418164,
628,2025-05-19 01:22:59,2025-05-19 01:25:29,,00:01:37.2747559,,,,,,,,,,,
629,2025-05-19 01:25:29,2025-05-19 01:27:58,,00:01:37.5493843,,,,,,,,,,,
630,2025-05-19 01:27:58,2025-05-19 01:29:29,,,,,,,,,,,,,
631,2025-05-19 01:29:29,2025-05-19 01:31:02,,,,,,,,,,,,,
632,2025-05-19 01:31:02,2025-05-19 01:32:35,,,,,,,,,,,,,
633,2025-05-19 01:32:35,2025-05-19 01:33:36,,,,,,,,,,,,,
634,2025-05-19 01:33:36,2025-05-19 01:47:54,,00:01:37.0006516,00:03:21.6387590,00:01:34.9339789,00:02:12.9415835,00:01:25.4212866,00:00:33.4432275,00:01:34.2767354,00:00:46.8309670,00:00:46.2265978,,,
635,2025-05-19 01:47:54,2025-05-19 01:48:55,,,,,,,,,,,,,
636,2025-05-19 01:48:55,2025-05-19 01:51:54,,00:01:35.7255139,,,,,,,,,,,
637,2025-05-19 01:51:54,2025-05-19 01:52:02,,,,,,,,,,,,,
638,2025-05-19 01:52:02,2025-05-19 01:53:04,,,,,,,,,,,,,
639,2025-05-19 01:53:04,2025-05-19 01:58:11,,00:01:37.4674864,,,,,,,,,,,
640,2025-05-19 01:58:11,2025-05-19 01:59:43,,,,,,,,,,,,,
641,2025-05-19 01:59:43,2025-05-19 02:01:39,,,,,,,,,,,,,
642,2025-05-19 02:01:39,2025-05-19 02:02:41,,,,,,,,,,,,,
643,2025-05-19 02:02:41,2025-05-19 02:10:14,,00:01:36.8680851,00:03:19.1425645,00:01:37.9783757,,,,,,,,,
644,2025-05-19 02:10:14,2025-05-19 02:11:16,,,,,,,,,,,,,
645,2025-05-19 02:11:16,2025-05-19 02:17:15,,00:01:35.7303439,00:03:31.3035172,,,,,,,,,,
646,2025-05-19 02:17:15,2025-05-19 02:18:47,,,,,,,,,,,,,
647,2025-05-19 02:18:47,2025-05-19 02:20:25,,,,,,,,,,,,,
648,2025-05-19 02:20:25,2025-05-19 02:21:59,,,,,,,,,,,,,
649,2025-05-19 02:21:59,2025-05-19 02:28:15,,00:01:37.5443246,00:03:15.6535407,,,,,,,,,,
650,2025-05-19 02:28:15,2025-05-19 02:36:01,,00:01:37.3248950,00:03:19.3013880,00:01:38.3757720,,,,,,,,,
651,2025-05-19 02:36:01,2025-05-19 02:37:35,,,,,,,,,,,,,
652,2025-05-19 02:37:35,2025-05-19 02:40:03,,00:01:37.2979078,,,,,,,,,,,
653,2025-05-19 02:40:03,2025-05-19 02:43:39,,00:01:39.2739638,,,,,,,,,,,
654,2025-05-19 02:43:39,2025-05-19 02:50:54,,00:01:37.1797672,00:03:19.5343235,00:01:29.3003740,,,,,,,,,
655,2025-05-19 02:50:54,2025-05-19 02:51:56,,,,,,,,,,,,,
656,2025-05-19 02:51:56,2025-05-19 03:07:01,,00:01:37.7440733,00:03:25.3773106,00:01:29.2154943,00:02:20.8902147,00:01:35.0122212,00:00:38.7803616,00:01:20.0397282,00:00:56.1844187,00:00:43.6658967,,,
657,2025-05-19 03:07:01,2025-05-19 03:08:02,,,,,,,,,,,,,
658,2025-05-19 03:08:02,2025-05-19 03:10:29,,00:01:37.2065415,,,,,,,,,,,
659,2025-05-19 03:10:29,2025-05-19 03:12:01,,,,,,,,,,,,,
660,2025-05-19 03:12:01,2025-05-19 03:14:30,,00:01:37.4027248,,,,,,,,,,,
661,2025-05-19 03:14:30,2025-05-19 03:15:32,,,,,,,,,,,,,
662,2025-05-19 03:15:32,2025-05-19 03:23:40,,00:01:36.7306334,00:03:17.6551180,00:01:25.0461449,,,,,,,,,
663,2025-05-19 03:23:40,2025-05-19 03:27:14,,00:01:37.7928849,,,,,,,,,,,
664,2025-05-19 03:27:14,2025-05-19 03:28:48,,,,,,,,,,,,,
665,2025-05-19 03:28:48,2025-05-19 03:32:15,,00:01:36.0778396,,,,,,,,,,,
666,2025-05-19 03:32:15,2025-05-19 03:33:17,,,,,,,,,,,,,
667,2025-05-19 03:33:17,2025-05-19 03:46:10,,00:01:36.5774074,00:03:15.1216908,00:01:24.2185513,00:02:07.2810145,00:01:47.9867768,00:00:33.7536020,00:01:34.0205083,,,,,
668,2025-05-19 03:46:10,2025-05-19 03:47:11,,,,,,,,,,,,,
669,2025-05-19 03:47:11,2025-05-19 03:48:47,,,,,,,,,,,,,
670,2025-05-19 03:48:47,2025-05-19 03:51:14,,00:01:38.0457686,,,,,,,,,,,
671,2025-05-19 03:51:14,2025-05-19 03:53:42,,00:01:39.0355837,,,,,,,,,,,
672,2025-05-19 03:53:42,2025-05-19 03:56:06,,00:01:37.3582826,,,,,,,,,,,
673,2025-05-19 03:56:06,2025-05-19 03:57:16,,,,,,,,,,,,,
674,2025-05-19 03:57:16,2025-05-19 04:00:16,,00:01:37.9331574,,,,,,,,,,,
675,2025-05-19 04:00:16,2025-05-19 04:01:24,,,,,,,,,,,,,
676,2025-05-19 04:01:24,2025-05-19 04:02:27,,,,,,,,,,,,,
677,2025-05-19 04:02:27,2025-05-19 04:03:29,,,,,,,,,,,,,
678,2025-05-19 04:03:29,2025-05-19 04:04:32,,,,,,,,,,,,,
679,2025-05-19 04:04:32,2025-05-19 04:06:58,,00:01:37.1072618,,,,,,,,,,,
680,2025-05-19 04:06:58,2025-05-19 04:15:32,,00:01:38.0574721,00:03:21.5638676,00:01:24.1383053,,,,,,,,,
0,,,,00:01:38,00:03:41,00:01:37,00:02:28,00:01:30,00:00:36,00:01:27,00:00:56,00:00:47,00:01:39,00:01:11,00:02:04
